global_segment_id,trajectory_id,trajectory_index,local_segment_id,start_t,end_t,duration,num_goal_keys
0,345,0,0,0,4,4,2.25
1,345,0,1,4,25,21,2.0
2,345,0,2,25,37,12,3.0
3,345,0,3,37,50,13,3.076923076923077
4,345,0,4,50,54,4,3.5
5,345,0,5,54,59,5,3.2
6,345,0,6,59,68,9,3.111111111111111
7,345,0,7,68,75,7,3.142857142857143
8,345,0,8,75,100,25,3.04
9,345,0,9,100,113,13,3.0
10,345,0,10,113,125,12,2.9166666666666665
11,345,0,11,125,129,4,3.5
12,345,0,12,129,137,8,3.125
13,345,0,13,137,150,13,3.076923076923077
14,345,0,14,150,163,13,3.1538461538461537
15,345,0,15,163,175,12,3.0
16,345,0,16,175,188,13,3.0
17,345,0,17,188,200,12,3.0833333333333335
18,345,0,18,200,204,4,2.75
19,345,0,19,204,213,9,2.0
20,345,0,20,213,226,13,2.0
21,345,0,21,226,239,13,2.923076923076923
22,345,0,22,239,251,12,3.0
23,345,0,23,251,264,13,3.076923076923077
24,345,0,24,264,276,12,3.0
25,345,0,25,276,288,12,2.0833333333333335
26,345,0,26,288,301,13,3.0
27,345,0,27,301,305,4,2.5
28,345,0,28,305,309,4,2.5
29,345,0,29,309,326,17,2.0
30,345,0,30,326,339,13,3.0
31,345,0,31,339,351,12,3.0833333333333335
32,345,0,32,351,355,4,3.0
33,345,0,33,355,360,5,3.2
34,345,0,34,360,369,9,3.111111111111111
35,345,0,35,369,376,7,3.142857142857143
36,345,0,36,376,389,13,2.1538461538461537
37,345,0,37,389,401,12,3.0
38,345,0,38,401,405,4,3.75
39,345,0,39,405,426,21,3.0
40,345,0,40,426,438,12,3.0833333333333335
41,345,0,41,438,444,6,3.1666666666666665
42,345,0,42,444,451,7,3.142857142857143
43,345,0,43,451,476,25,3.04
44,345,0,44,476,489,13,3.1538461538461537
45,345,0,45,489,495,6,3.0
46,345,0,46,495,501,6,3.1666666666666665
47,345,0,47,501,519,18,3.0555555555555554
48,345,0,48,519,526,7,3.142857142857143
49,345,0,49,526,530,4,2.5
50,345,0,50,530,534,4,2.5
51,345,0,51,534,550,16,2.0
52,289,1,0,0,4,4,2.25
53,289,1,1,4,25,21,2.0
54,289,1,2,25,37,12,3.0
55,289,1,3,37,50,13,3.076923076923077
56,289,1,4,50,54,4,3.5
57,289,1,5,54,59,5,3.2
58,289,1,6,59,68,9,3.111111111111111
59,289,1,7,68,75,7,3.142857142857143
60,289,1,8,75,100,25,3.04
61,289,1,9,100,113,13,3.0
62,289,1,10,113,125,12,2.9166666666666665
63,289,1,11,125,129,4,3.5
64,289,1,12,129,137,8,3.125
65,289,1,13,137,150,13,3.076923076923077
66,289,1,14,150,163,13,3.1538461538461537
67,289,1,15,163,175,12,3.0
68,289,1,16,175,188,13,3.0
69,289,1,17,188,200,12,3.0833333333333335
70,289,1,18,200,204,4,2.75
71,289,1,19,204,213,9,2.0
72,289,1,20,213,226,13,2.0
73,289,1,21,226,239,13,2.923076923076923
74,289,1,22,239,251,12,3.0
75,289,1,23,251,264,13,3.076923076923077
76,289,1,24,264,276,12,3.0
77,289,1,25,276,288,12,2.0833333333333335
78,289,1,26,288,301,13,3.0
79,289,1,27,301,305,4,2.5
80,289,1,28,305,309,4,2.5
81,289,1,29,309,326,17,2.0
82,289,1,30,326,339,13,3.0
83,289,1,31,339,351,12,3.0833333333333335
84,289,1,32,351,355,4,3.0
85,289,1,33,355,360,5,3.2
86,289,1,34,360,369,9,3.111111111111111
87,289,1,35,369,376,7,3.142857142857143
88,289,1,36,376,389,13,2.1538461538461537
89,289,1,37,389,401,12,3.0
90,289,1,38,401,405,4,3.75
91,289,1,39,405,426,21,3.0
92,289,1,40,426,438,12,3.0833333333333335
93,289,1,41,438,444,6,3.1666666666666665
94,289,1,42,444,451,7,3.142857142857143
95,289,1,43,451,476,25,3.04
96,289,1,44,476,489,13,3.1538461538461537
97,289,1,45,489,495,6,3.0
98,289,1,46,495,501,6,3.1666666666666665
99,289,1,47,501,519,18,3.0555555555555554
100,289,1,48,519,526,7,3.142857142857143
101,289,1,49,526,530,4,2.5
102,289,1,50,530,534,4,2.5
103,289,1,51,534,550,16,2.0
104,142,2,0,0,4,4,2.25
105,142,2,1,4,25,21,2.0
106,142,2,2,25,37,12,3.0
107,142,2,3,37,50,13,3.076923076923077
108,142,2,4,50,54,4,3.5
109,142,2,5,54,59,5,3.2
110,142,2,6,59,68,9,3.111111111111111
111,142,2,7,68,75,7,3.142857142857143
112,142,2,8,75,100,25,3.04
113,142,2,9,100,113,13,3.0
114,142,2,10,113,125,12,2.9166666666666665
115,142,2,11,125,129,4,3.5
116,142,2,12,129,137,8,3.125
117,142,2,13,137,150,13,3.076923076923077
118,142,2,14,150,163,13,3.1538461538461537
119,142,2,15,163,175,12,3.0
120,142,2,16,175,188,13,3.0
121,142,2,17,188,200,12,3.0833333333333335
122,142,2,18,200,204,4,2.75
123,142,2,19,204,213,9,2.0
124,142,2,20,213,226,13,2.0
125,142,2,21,226,239,13,2.923076923076923
126,142,2,22,239,251,12,3.0
127,142,2,23,251,264,13,3.076923076923077
128,142,2,24,264,276,12,3.0
129,142,2,25,276,288,12,2.0833333333333335
130,142,2,26,288,301,13,3.0
131,142,2,27,301,305,4,2.5
132,142,2,28,305,309,4,2.5
133,142,2,29,309,326,17,2.0
134,142,2,30,326,339,13,3.0
135,142,2,31,339,351,12,3.0833333333333335
136,142,2,32,351,355,4,3.0
137,142,2,33,355,360,5,3.2
138,142,2,34,360,369,9,3.111111111111111
139,142,2,35,369,376,7,3.142857142857143
140,142,2,36,376,389,13,2.1538461538461537
141,142,2,37,389,401,12,3.0
142,142,2,38,401,405,4,3.75
143,142,2,39,405,426,21,3.0
144,142,2,40,426,438,12,3.0833333333333335
145,142,2,41,438,444,6,3.1666666666666665
146,142,2,42,444,451,7,3.142857142857143
147,142,2,43,451,476,25,3.04
148,142,2,44,476,489,13,3.1538461538461537
149,142,2,45,489,495,6,3.0
150,142,2,46,495,501,6,3.1666666666666665
151,142,2,47,501,519,18,3.0555555555555554
152,142,2,48,519,526,7,3.142857142857143
153,142,2,49,526,530,4,2.5
154,142,2,50,530,534,4,2.5
155,142,2,51,534,550,16,2.0
156,204,3,0,0,4,4,2.25
157,204,3,1,4,25,21,2.0
158,204,3,2,25,37,12,3.0
159,204,3,3,37,50,13,3.076923076923077
160,204,3,4,50,54,4,3.5
161,204,3,5,54,59,5,3.2
162,204,3,6,59,68,9,3.111111111111111
163,204,3,7,68,75,7,3.142857142857143
164,204,3,8,75,100,25,3.04
165,204,3,9,100,113,13,3.0
166,204,3,10,113,125,12,2.9166666666666665
167,204,3,11,125,129,4,3.5
168,204,3,12,129,137,8,3.125
169,204,3,13,137,150,13,3.076923076923077
170,204,3,14,150,163,13,3.1538461538461537
171,204,3,15,163,175,12,3.0
172,204,3,16,175,188,13,3.0
173,204,3,17,188,200,12,3.0833333333333335
174,204,3,18,200,204,4,2.75
175,204,3,19,204,213,9,2.0
176,204,3,20,213,226,13,2.0
177,204,3,21,226,239,13,2.923076923076923
178,204,3,22,239,251,12,3.0
179,204,3,23,251,264,13,3.076923076923077
180,204,3,24,264,276,12,3.0
181,204,3,25,276,288,12,2.0833333333333335
182,204,3,26,288,301,13,3.0
183,204,3,27,301,305,4,2.5
184,204,3,28,305,309,4,2.5
185,204,3,29,309,326,17,2.0
186,204,3,30,326,339,13,3.0
187,204,3,31,339,351,12,3.0833333333333335
188,204,3,32,351,355,4,3.0
189,204,3,33,355,360,5,3.2
190,204,3,34,360,369,9,3.111111111111111
191,204,3,35,369,376,7,3.142857142857143
192,204,3,36,376,389,13,2.1538461538461537
193,204,3,37,389,401,12,3.0
194,204,3,38,401,405,4,3.75
195,204,3,39,405,426,21,3.0
196,204,3,40,426,438,12,3.0833333333333335
197,204,3,41,438,444,6,3.1666666666666665
198,204,3,42,444,451,7,3.142857142857143
199,204,3,43,451,476,25,3.04
200,204,3,44,476,489,13,3.1538461538461537
201,204,3,45,489,495,6,3.0
202,204,3,46,495,501,6,3.1666666666666665
203,204,3,47,501,519,18,3.0555555555555554
204,204,3,48,519,526,7,3.142857142857143
205,204,3,49,526,530,4,2.5
206,204,3,50,530,534,4,2.5
207,204,3,51,534,550,16,2.0
208,441,4,0,0,4,4,2.25
209,441,4,1,4,25,21,2.0
210,441,4,2,25,37,12,3.0
211,441,4,3,37,50,13,3.076923076923077
212,441,4,4,50,54,4,3.5
213,441,4,5,54,59,5,3.2
214,441,4,6,59,68,9,3.111111111111111
215,441,4,7,68,75,7,3.142857142857143
216,441,4,8,75,100,25,3.04
217,441,4,9,100,113,13,3.0
218,441,4,10,113,125,12,2.9166666666666665
219,441,4,11,125,129,4,3.5
220,441,4,12,129,137,8,3.125
221,441,4,13,137,150,13,3.076923076923077
222,441,4,14,150,163,13,3.1538461538461537
223,441,4,15,163,175,12,3.0
224,441,4,16,175,188,13,3.0
225,441,4,17,188,200,12,3.0833333333333335
226,441,4,18,200,204,4,2.75
227,441,4,19,204,213,9,2.0
228,441,4,20,213,226,13,2.0
229,441,4,21,226,239,13,2.923076923076923
230,441,4,22,239,251,12,3.0
231,441,4,23,251,264,13,3.076923076923077
232,441,4,24,264,276,12,3.0
233,441,4,25,276,288,12,2.0833333333333335
234,441,4,26,288,301,13,3.0
235,441,4,27,301,305,4,2.5
236,441,4,28,305,309,4,2.5
237,441,4,29,309,326,17,2.0
238,441,4,30,326,339,13,3.0
239,441,4,31,339,351,12,3.0833333333333335
240,441,4,32,351,355,4,3.0
241,441,4,33,355,360,5,3.2
242,441,4,34,360,369,9,3.111111111111111
243,441,4,35,369,376,7,3.142857142857143
244,441,4,36,376,389,13,2.1538461538461537
245,441,4,37,389,401,12,3.0
246,441,4,38,401,405,4,3.75
247,441,4,39,405,426,21,3.0
248,441,4,40,426,438,12,3.0833333333333335
249,441,4,41,438,444,6,3.1666666666666665
250,441,4,42,444,451,7,3.142857142857143
251,441,4,43,451,476,25,3.04
252,441,4,44,476,489,13,3.1538461538461537
253,441,4,45,489,495,6,3.0
254,441,4,46,495,501,6,3.1666666666666665
255,441,4,47,501,519,18,3.0555555555555554
256,441,4,48,519,526,7,3.142857142857143
257,441,4,49,526,530,4,2.5
258,441,4,50,530,534,4,2.5
259,441,4,51,534,550,16,2.0
260,231,5,0,0,4,4,2.25
261,231,5,1,4,25,21,2.0
262,231,5,2,25,37,12,3.0
263,231,5,3,37,50,13,3.076923076923077
264,231,5,4,50,54,4,3.5
265,231,5,5,54,59,5,3.2
266,231,5,6,59,68,9,3.111111111111111
267,231,5,7,68,75,7,3.142857142857143
268,231,5,8,75,100,25,3.04
269,231,5,9,100,113,13,3.0
270,231,5,10,113,125,12,2.9166666666666665
271,231,5,11,125,129,4,3.5
272,231,5,12,129,137,8,3.125
273,231,5,13,137,150,13,3.076923076923077
274,231,5,14,150,163,13,3.1538461538461537
275,231,5,15,163,175,12,3.0
276,231,5,16,175,188,13,3.0
277,231,5,17,188,200,12,3.0833333333333335
278,231,5,18,200,204,4,2.75
279,231,5,19,204,213,9,2.0
280,231,5,20,213,226,13,2.0
281,231,5,21,226,239,13,2.923076923076923
282,231,5,22,239,251,12,3.0
283,231,5,23,251,264,13,3.076923076923077
284,231,5,24,264,276,12,3.0
285,231,5,25,276,288,12,2.0833333333333335
286,231,5,26,288,301,13,3.0
287,231,5,27,301,305,4,2.5
288,231,5,28,305,309,4,2.5
289,231,5,29,309,326,17,2.0
290,231,5,30,326,339,13,3.0
291,231,5,31,339,351,12,3.0833333333333335
292,231,5,32,351,355,4,3.0
293,231,5,33,355,360,5,3.2
294,231,5,34,360,369,9,3.111111111111111
295,231,5,35,369,376,7,3.142857142857143
296,231,5,36,376,389,13,2.1538461538461537
297,231,5,37,389,401,12,3.0
298,231,5,38,401,405,4,3.75
299,231,5,39,405,426,21,3.0
300,231,5,40,426,438,12,3.0833333333333335
301,231,5,41,438,444,6,3.1666666666666665
302,231,5,42,444,451,7,3.142857142857143
303,231,5,43,451,476,25,3.04
304,231,5,44,476,489,13,3.1538461538461537
305,231,5,45,489,495,6,3.0
306,231,5,46,495,501,6,3.1666666666666665
307,231,5,47,501,519,18,3.0555555555555554
308,231,5,48,519,526,7,3.142857142857143
309,231,5,49,526,530,4,2.5
310,231,5,50,530,534,4,2.5
311,231,5,51,534,550,16,2.0
312,39,6,0,0,4,4,2.25
313,39,6,1,4,25,21,2.0
314,39,6,2,25,37,12,3.0
315,39,6,3,37,50,13,3.076923076923077
316,39,6,4,50,54,4,3.5
317,39,6,5,54,59,5,3.2
318,39,6,6,59,68,9,3.111111111111111
319,39,6,7,68,75,7,3.142857142857143
320,39,6,8,75,100,25,3.04
321,39,6,9,100,113,13,3.0
322,39,6,10,113,125,12,2.9166666666666665
323,39,6,11,125,129,4,3.5
324,39,6,12,129,137,8,3.125
325,39,6,13,137,150,13,3.076923076923077
326,39,6,14,150,163,13,3.1538461538461537
327,39,6,15,163,175,12,3.0
328,39,6,16,175,188,13,3.0
329,39,6,17,188,200,12,3.0833333333333335
330,39,6,18,200,204,4,2.75
331,39,6,19,204,213,9,2.0
332,39,6,20,213,226,13,2.0
333,39,6,21,226,239,13,2.923076923076923
334,39,6,22,239,251,12,3.0
335,39,6,23,251,264,13,3.076923076923077
336,39,6,24,264,276,12,3.0
337,39,6,25,276,288,12,2.0833333333333335
338,39,6,26,288,301,13,3.0
339,39,6,27,301,305,4,2.5
340,39,6,28,305,309,4,2.5
341,39,6,29,309,326,17,2.0
342,39,6,30,326,339,13,3.0
343,39,6,31,339,351,12,3.0833333333333335
344,39,6,32,351,355,4,3.0
345,39,6,33,355,360,5,3.2
346,39,6,34,360,369,9,3.111111111111111
347,39,6,35,369,376,7,3.142857142857143
348,39,6,36,376,389,13,2.1538461538461537
349,39,6,37,389,401,12,3.0
350,39,6,38,401,405,4,3.75
351,39,6,39,405,426,21,3.0
352,39,6,40,426,438,12,3.0833333333333335
353,39,6,41,438,444,6,3.1666666666666665
354,39,6,42,444,451,7,3.142857142857143
355,39,6,43,451,476,25,3.04
356,39,6,44,476,489,13,3.1538461538461537
357,39,6,45,489,495,6,3.0
358,39,6,46,495,501,6,3.1666666666666665
359,39,6,47,501,519,18,3.0555555555555554
360,39,6,48,519,526,7,3.142857142857143
361,39,6,49,526,530,4,2.5
362,39,6,50,530,534,4,2.5
363,39,6,51,534,550,16,2.0
364,151,7,0,0,4,4,2.25
365,151,7,1,4,25,21,2.0
366,151,7,2,25,37,12,3.0
367,151,7,3,37,50,13,3.076923076923077
368,151,7,4,50,54,4,3.5
369,151,7,5,54,59,5,3.2
370,151,7,6,59,68,9,3.111111111111111
371,151,7,7,68,75,7,3.142857142857143
372,151,7,8,75,100,25,3.04
373,151,7,9,100,113,13,3.0
374,151,7,10,113,125,12,2.9166666666666665
375,151,7,11,125,129,4,3.5
376,151,7,12,129,137,8,3.125
377,151,7,13,137,150,13,3.076923076923077
378,151,7,14,150,163,13,3.1538461538461537
379,151,7,15,163,175,12,3.0
380,151,7,16,175,188,13,3.0
381,151,7,17,188,200,12,3.0833333333333335
382,151,7,18,200,204,4,2.75
383,151,7,19,204,213,9,2.0
384,151,7,20,213,226,13,2.0
385,151,7,21,226,239,13,2.923076923076923
386,151,7,22,239,251,12,3.0
387,151,7,23,251,264,13,3.076923076923077
388,151,7,24,264,276,12,3.0
389,151,7,25,276,288,12,2.0833333333333335
390,151,7,26,288,301,13,3.0
391,151,7,27,301,305,4,2.5
392,151,7,28,305,309,4,2.5
393,151,7,29,309,326,17,2.0
394,151,7,30,326,339,13,3.0
395,151,7,31,339,351,12,3.0833333333333335
396,151,7,32,351,355,4,3.0
397,151,7,33,355,360,5,3.2
398,151,7,34,360,369,9,3.111111111111111
399,151,7,35,369,376,7,3.142857142857143
400,151,7,36,376,389,13,2.1538461538461537
401,151,7,37,389,401,12,3.0
402,151,7,38,401,405,4,3.75
403,151,7,39,405,426,21,3.0
404,151,7,40,426,438,12,3.0833333333333335
405,151,7,41,438,444,6,3.1666666666666665
406,151,7,42,444,451,7,3.142857142857143
407,151,7,43,451,476,25,3.04
408,151,7,44,476,489,13,3.1538461538461537
409,151,7,45,489,495,6,3.0
410,151,7,46,495,501,6,3.1666666666666665
411,151,7,47,501,519,18,3.0555555555555554
412,151,7,48,519,526,7,3.142857142857143
413,151,7,49,526,530,4,2.5
414,151,7,50,530,534,4,2.5
415,151,7,51,534,550,16,2.0
416,469,8,0,0,4,4,2.25
417,469,8,1,4,25,21,2.0
418,469,8,2,25,37,12,3.0
419,469,8,3,37,50,13,3.076923076923077
420,469,8,4,50,54,4,3.5
421,469,8,5,54,59,5,3.2
422,469,8,6,59,68,9,3.111111111111111
423,469,8,7,68,75,7,3.142857142857143
424,469,8,8,75,100,25,3.04
425,469,8,9,100,113,13,3.0
426,469,8,10,113,125,12,2.9166666666666665
427,469,8,11,125,129,4,3.5
428,469,8,12,129,137,8,3.125
429,469,8,13,137,150,13,3.076923076923077
430,469,8,14,150,163,13,3.1538461538461537
431,469,8,15,163,175,12,3.0
432,469,8,16,175,188,13,3.0
433,469,8,17,188,200,12,3.0833333333333335
434,469,8,18,200,204,4,2.75
435,469,8,19,204,213,9,2.0
436,469,8,20,213,226,13,2.0
437,469,8,21,226,239,13,2.923076923076923
438,469,8,22,239,251,12,3.0
439,469,8,23,251,264,13,3.076923076923077
440,469,8,24,264,276,12,3.0
441,469,8,25,276,288,12,2.0833333333333335
442,469,8,26,288,301,13,3.0
443,469,8,27,301,305,4,2.5
444,469,8,28,305,309,4,2.5
445,469,8,29,309,326,17,2.0
446,469,8,30,326,339,13,3.0
447,469,8,31,339,351,12,3.0833333333333335
448,469,8,32,351,355,4,3.0
449,469,8,33,355,360,5,3.2
450,469,8,34,360,369,9,3.111111111111111
451,469,8,35,369,376,7,3.142857142857143
452,469,8,36,376,389,13,2.1538461538461537
453,469,8,37,389,401,12,3.0
454,469,8,38,401,405,4,3.75
455,469,8,39,405,426,21,3.0
456,469,8,40,426,438,12,3.0833333333333335
457,469,8,41,438,444,6,3.1666666666666665
458,469,8,42,444,451,7,3.142857142857143
459,469,8,43,451,476,25,3.04
460,469,8,44,476,489,13,3.1538461538461537
461,469,8,45,489,495,6,3.0
462,469,8,46,495,501,6,3.1666666666666665
463,469,8,47,501,519,18,3.0555555555555554
464,469,8,48,519,526,7,3.142857142857143
465,469,8,49,526,530,4,2.5
466,469,8,50,530,534,4,2.5
467,469,8,51,534,550,16,2.0
468,447,9,0,0,4,4,2.25
469,447,9,1,4,25,21,2.0
470,447,9,2,25,37,12,3.0
471,447,9,3,37,50,13,3.076923076923077
472,447,9,4,50,54,4,3.5
473,447,9,5,54,59,5,3.2
474,447,9,6,59,68,9,3.111111111111111
475,447,9,7,68,75,7,3.142857142857143
476,447,9,8,75,100,25,3.04
477,447,9,9,100,113,13,3.0
478,447,9,10,113,125,12,2.9166666666666665
479,447,9,11,125,129,4,3.5
480,447,9,12,129,137,8,3.125
481,447,9,13,137,150,13,3.076923076923077
482,447,9,14,150,163,13,3.1538461538461537
483,447,9,15,163,175,12,3.0
484,447,9,16,175,188,13,3.0
485,447,9,17,188,200,12,3.0833333333333335
486,447,9,18,200,204,4,2.75
487,447,9,19,204,213,9,2.0
488,447,9,20,213,226,13,2.0
489,447,9,21,226,239,13,2.923076923076923
490,447,9,22,239,251,12,3.0
491,447,9,23,251,264,13,3.076923076923077
492,447,9,24,264,276,12,3.0
493,447,9,25,276,288,12,2.0833333333333335
494,447,9,26,288,301,13,3.0
495,447,9,27,301,305,4,2.5
496,447,9,28,305,309,4,2.5
497,447,9,29,309,326,17,2.0
498,447,9,30,326,339,13,3.0
499,447,9,31,339,351,12,3.0833333333333335
500,447,9,32,351,355,4,3.0
501,447,9,33,355,360,5,3.2
502,447,9,34,360,369,9,3.111111111111111
503,447,9,35,369,376,7,3.142857142857143
504,447,9,36,376,389,13,2.1538461538461537
505,447,9,37,389,401,12,3.0
506,447,9,38,401,405,4,3.75
507,447,9,39,405,426,21,3.0
508,447,9,40,426,438,12,3.0833333333333335
509,447,9,41,438,444,6,3.1666666666666665
510,447,9,42,444,451,7,3.142857142857143
511,447,9,43,451,476,25,3.04
512,447,9,44,476,489,13,3.1538461538461537
513,447,9,45,489,495,6,3.0
514,447,9,46,495,501,6,3.1666666666666665
515,447,9,47,501,519,18,3.0555555555555554
516,447,9,48,519,526,7,3.142857142857143
517,447,9,49,526,530,4,2.5
518,447,9,50,530,534,4,2.5
519,447,9,51,534,550,16,2.0
520,146,10,0,0,4,4,2.25
521,146,10,1,4,25,21,2.0
522,146,10,2,25,37,12,3.0
523,146,10,3,37,50,13,3.076923076923077
524,146,10,4,50,54,4,3.5
525,146,10,5,54,59,5,3.2
526,146,10,6,59,68,9,3.111111111111111
527,146,10,7,68,75,7,3.142857142857143
528,146,10,8,75,100,25,3.04
529,146,10,9,100,113,13,3.0
530,146,10,10,113,125,12,2.9166666666666665
531,146,10,11,125,129,4,3.5
532,146,10,12,129,137,8,3.125
533,146,10,13,137,150,13,3.076923076923077
534,146,10,14,150,163,13,3.1538461538461537
535,146,10,15,163,175,12,3.0
536,146,10,16,175,188,13,3.0
537,146,10,17,188,200,12,3.0833333333333335
538,146,10,18,200,204,4,2.75
539,146,10,19,204,213,9,2.0
540,146,10,20,213,226,13,2.0
541,146,10,21,226,239,13,2.923076923076923
542,146,10,22,239,251,12,3.0
543,146,10,23,251,264,13,3.076923076923077
544,146,10,24,264,276,12,3.0
545,146,10,25,276,288,12,2.0833333333333335
546,146,10,26,288,301,13,3.0
547,146,10,27,301,305,4,2.5
548,146,10,28,305,309,4,2.5
549,146,10,29,309,326,17,2.0
550,146,10,30,326,339,13,3.0
551,146,10,31,339,351,12,3.0833333333333335
552,146,10,32,351,355,4,3.0
553,146,10,33,355,360,5,3.2
554,146,10,34,360,369,9,3.111111111111111
555,146,10,35,369,376,7,3.142857142857143
556,146,10,36,376,389,13,2.1538461538461537
557,146,10,37,389,401,12,3.0
558,146,10,38,401,405,4,3.75
559,146,10,39,405,426,21,3.0
560,146,10,40,426,438,12,3.0833333333333335
561,146,10,41,438,444,6,3.1666666666666665
562,146,10,42,444,451,7,3.142857142857143
563,146,10,43,451,476,25,3.04
564,146,10,44,476,489,13,3.1538461538461537
565,146,10,45,489,495,6,3.0
566,146,10,46,495,501,6,3.1666666666666665
567,146,10,47,501,519,18,3.0555555555555554
568,146,10,48,519,526,7,3.142857142857143
569,146,10,49,526,530,4,2.5
570,146,10,50,530,534,4,2.5
571,146,10,51,534,550,16,2.0
572,8,11,0,0,4,4,2.25
573,8,11,1,4,25,21,2.0
574,8,11,2,25,37,12,3.0
575,8,11,3,37,50,13,3.076923076923077
576,8,11,4,50,54,4,3.5
577,8,11,5,54,59,5,3.2
578,8,11,6,59,68,9,3.111111111111111
579,8,11,7,68,75,7,3.142857142857143
580,8,11,8,75,100,25,3.04
581,8,11,9,100,113,13,3.0
582,8,11,10,113,125,12,2.9166666666666665
583,8,11,11,125,129,4,3.5
584,8,11,12,129,137,8,3.125
585,8,11,13,137,150,13,3.076923076923077
586,8,11,14,150,163,13,3.1538461538461537
587,8,11,15,163,175,12,3.0
588,8,11,16,175,188,13,3.0
589,8,11,17,188,200,12,3.0833333333333335
590,8,11,18,200,204,4,2.75
591,8,11,19,204,213,9,2.0
592,8,11,20,213,226,13,2.0
593,8,11,21,226,239,13,2.923076923076923
594,8,11,22,239,251,12,3.0
595,8,11,23,251,264,13,3.076923076923077
596,8,11,24,264,276,12,3.0
597,8,11,25,276,288,12,2.0833333333333335
598,8,11,26,288,301,13,3.0
599,8,11,27,301,305,4,2.5
600,8,11,28,305,309,4,2.5
601,8,11,29,309,326,17,2.0
602,8,11,30,326,339,13,3.0
603,8,11,31,339,351,12,3.0833333333333335
604,8,11,32,351,355,4,3.0
605,8,11,33,355,360,5,3.2
606,8,11,34,360,369,9,3.111111111111111
607,8,11,35,369,376,7,3.142857142857143
608,8,11,36,376,389,13,2.1538461538461537
609,8,11,37,389,401,12,3.0
610,8,11,38,401,405,4,3.75
611,8,11,39,405,426,21,3.0
612,8,11,40,426,438,12,3.0833333333333335
613,8,11,41,438,444,6,3.1666666666666665
614,8,11,42,444,451,7,3.142857142857143
615,8,11,43,451,476,25,3.04
616,8,11,44,476,489,13,3.1538461538461537
617,8,11,45,489,495,6,3.0
618,8,11,46,495,501,6,3.1666666666666665
619,8,11,47,501,519,18,3.0555555555555554
620,8,11,48,519,526,7,3.142857142857143
621,8,11,49,526,530,4,2.5
622,8,11,50,530,534,4,2.5
623,8,11,51,534,550,16,2.0
624,426,12,0,0,4,4,2.25
625,426,12,1,4,25,21,2.0
626,426,12,2,25,37,12,3.0
627,426,12,3,37,50,13,3.076923076923077
628,426,12,4,50,54,4,3.5
629,426,12,5,54,59,5,3.2
630,426,12,6,59,68,9,3.111111111111111
631,426,12,7,68,75,7,3.142857142857143
632,426,12,8,75,100,25,3.04
633,426,12,9,100,113,13,3.0
634,426,12,10,113,125,12,2.9166666666666665
635,426,12,11,125,129,4,3.5
636,426,12,12,129,137,8,3.125
637,426,12,13,137,150,13,3.076923076923077
638,426,12,14,150,163,13,3.1538461538461537
639,426,12,15,163,175,12,3.0
640,426,12,16,175,188,13,3.0
641,426,12,17,188,200,12,3.0833333333333335
642,426,12,18,200,204,4,2.75
643,426,12,19,204,213,9,2.0
644,426,12,20,213,226,13,2.0
645,426,12,21,226,239,13,2.923076923076923
646,426,12,22,239,251,12,3.0
647,426,12,23,251,264,13,3.076923076923077
648,426,12,24,264,276,12,3.0
649,426,12,25,276,288,12,2.0833333333333335
650,426,12,26,288,301,13,3.0
651,426,12,27,301,305,4,2.5
652,426,12,28,305,309,4,2.5
653,426,12,29,309,326,17,2.0
654,426,12,30,326,339,13,3.0
655,426,12,31,339,351,12,3.0833333333333335
656,426,12,32,351,355,4,3.0
657,426,12,33,355,360,5,3.2
658,426,12,34,360,369,9,3.111111111111111
659,426,12,35,369,376,7,3.142857142857143
660,426,12,36,376,389,13,2.1538461538461537
661,426,12,37,389,401,12,3.0
662,426,12,38,401,405,4,3.75
663,426,12,39,405,426,21,3.0
664,426,12,40,426,438,12,3.0833333333333335
665,426,12,41,438,444,6,3.1666666666666665
666,426,12,42,444,451,7,3.142857142857143
667,426,12,43,451,476,25,3.04
668,426,12,44,476,489,13,3.1538461538461537
669,426,12,45,489,495,6,3.0
670,426,12,46,495,501,6,3.1666666666666665
671,426,12,47,501,519,18,3.0555555555555554
672,426,12,48,519,526,7,3.142857142857143
673,426,12,49,526,530,4,2.5
674,426,12,50,530,534,4,2.5
675,426,12,51,534,550,16,2.0
676,208,13,0,0,4,4,2.25
677,208,13,1,4,25,21,2.0
678,208,13,2,25,37,12,3.0
679,208,13,3,37,50,13,3.076923076923077
680,208,13,4,50,54,4,3.5
681,208,13,5,54,59,5,3.2
682,208,13,6,59,68,9,3.111111111111111
683,208,13,7,68,75,7,3.142857142857143
684,208,13,8,75,100,25,3.04
685,208,13,9,100,113,13,3.0
686,208,13,10,113,125,12,2.9166666666666665
687,208,13,11,125,129,4,3.5
688,208,13,12,129,137,8,3.125
689,208,13,13,137,150,13,3.076923076923077
690,208,13,14,150,163,13,3.1538461538461537
691,208,13,15,163,175,12,3.0
692,208,13,16,175,188,13,3.0
693,208,13,17,188,200,12,3.0833333333333335
694,208,13,18,200,204,4,2.75
695,208,13,19,204,213,9,2.0
696,208,13,20,213,226,13,2.0
697,208,13,21,226,239,13,2.923076923076923
698,208,13,22,239,251,12,3.0
699,208,13,23,251,264,13,3.076923076923077
700,208,13,24,264,276,12,3.0
701,208,13,25,276,288,12,2.0833333333333335
702,208,13,26,288,301,13,3.0
703,208,13,27,301,305,4,2.5
704,208,13,28,305,309,4,2.5
705,208,13,29,309,326,17,2.0
706,208,13,30,326,339,13,3.0
707,208,13,31,339,351,12,3.0833333333333335
708,208,13,32,351,355,4,3.0
709,208,13,33,355,360,5,3.2
710,208,13,34,360,369,9,3.111111111111111
711,208,13,35,369,376,7,3.142857142857143
712,208,13,36,376,389,13,2.1538461538461537
713,208,13,37,389,401,12,3.0
714,208,13,38,401,405,4,3.75
715,208,13,39,405,426,21,3.0
716,208,13,40,426,438,12,3.0833333333333335
717,208,13,41,438,444,6,3.1666666666666665
718,208,13,42,444,451,7,3.142857142857143
719,208,13,43,451,476,25,3.04
720,208,13,44,476,489,13,3.1538461538461537
721,208,13,45,489,495,6,3.0
722,208,13,46,495,501,6,3.1666666666666665
723,208,13,47,501,519,18,3.0555555555555554
724,208,13,48,519,526,7,3.142857142857143
725,208,13,49,526,530,4,2.5
726,208,13,50,530,534,4,2.5
727,208,13,51,534,550,16,2.0
728,394,14,0,0,4,4,2.25
729,394,14,1,4,25,21,2.0
730,394,14,2,25,37,12,3.0
731,394,14,3,37,50,13,3.076923076923077
732,394,14,4,50,54,4,3.5
733,394,14,5,54,59,5,3.2
734,394,14,6,59,68,9,3.111111111111111
735,394,14,7,68,75,7,3.142857142857143
736,394,14,8,75,100,25,3.04
737,394,14,9,100,113,13,3.0
738,394,14,10,113,125,12,2.9166666666666665
739,394,14,11,125,129,4,3.5
740,394,14,12,129,137,8,3.125
741,394,14,13,137,150,13,3.076923076923077
742,394,14,14,150,163,13,3.1538461538461537
743,394,14,15,163,175,12,3.0
744,394,14,16,175,188,13,3.0
745,394,14,17,188,200,12,3.0833333333333335
746,394,14,18,200,204,4,2.75
747,394,14,19,204,213,9,2.0
748,394,14,20,213,226,13,2.0
749,394,14,21,226,239,13,2.923076923076923
750,394,14,22,239,251,12,3.0
751,394,14,23,251,264,13,3.076923076923077
752,394,14,24,264,276,12,3.0
753,394,14,25,276,288,12,2.0833333333333335
754,394,14,26,288,301,13,3.0
755,394,14,27,301,305,4,2.5
756,394,14,28,305,309,4,2.5
757,394,14,29,309,326,17,2.0
758,394,14,30,326,339,13,3.0
759,394,14,31,339,351,12,3.0833333333333335
760,394,14,32,351,355,4,3.0
761,394,14,33,355,360,5,3.2
762,394,14,34,360,369,9,3.111111111111111
763,394,14,35,369,376,7,3.142857142857143
764,394,14,36,376,389,13,2.1538461538461537
765,394,14,37,389,401,12,3.0
766,394,14,38,401,405,4,3.75
767,394,14,39,405,426,21,3.0
768,394,14,40,426,438,12,3.0833333333333335
769,394,14,41,438,444,6,3.1666666666666665
770,394,14,42,444,451,7,3.142857142857143
771,394,14,43,451,476,25,3.04
772,394,14,44,476,489,13,3.1538461538461537
773,394,14,45,489,495,6,3.0
774,394,14,46,495,501,6,3.1666666666666665
775,394,14,47,501,519,18,3.0555555555555554
776,394,14,48,519,526,7,3.142857142857143
777,394,14,49,526,530,4,2.5
778,394,14,50,530,534,4,2.5
779,394,14,51,534,550,16,2.0
780,185,15,0,0,4,4,2.25
781,185,15,1,4,25,21,2.0
782,185,15,2,25,37,12,3.0
783,185,15,3,37,50,13,3.076923076923077
784,185,15,4,50,54,4,3.5
785,185,15,5,54,59,5,3.2
786,185,15,6,59,68,9,3.111111111111111
787,185,15,7,68,75,7,3.142857142857143
788,185,15,8,75,100,25,3.04
789,185,15,9,100,113,13,3.0
790,185,15,10,113,125,12,2.9166666666666665
791,185,15,11,125,129,4,3.5
792,185,15,12,129,137,8,3.125
793,185,15,13,137,150,13,3.076923076923077
794,185,15,14,150,163,13,3.1538461538461537
795,185,15,15,163,175,12,3.0
796,185,15,16,175,188,13,3.0
797,185,15,17,188,200,12,3.0833333333333335
798,185,15,18,200,204,4,2.75
799,185,15,19,204,213,9,2.0
800,185,15,20,213,226,13,2.0
801,185,15,21,226,239,13,2.923076923076923
802,185,15,22,239,251,12,3.0
803,185,15,23,251,264,13,3.076923076923077
804,185,15,24,264,276,12,3.0
805,185,15,25,276,288,12,2.0833333333333335
806,185,15,26,288,301,13,3.0
807,185,15,27,301,305,4,2.5
808,185,15,28,305,309,4,2.5
809,185,15,29,309,326,17,2.0
810,185,15,30,326,339,13,3.0
811,185,15,31,339,351,12,3.0833333333333335
812,185,15,32,351,355,4,3.0
813,185,15,33,355,360,5,3.2
814,185,15,34,360,369,9,3.111111111111111
815,185,15,35,369,376,7,3.142857142857143
816,185,15,36,376,389,13,2.1538461538461537
817,185,15,37,389,401,12,3.0
818,185,15,38,401,405,4,3.75
819,185,15,39,405,426,21,3.0
820,185,15,40,426,438,12,3.0833333333333335
821,185,15,41,438,444,6,3.1666666666666665
822,185,15,42,444,451,7,3.142857142857143
823,185,15,43,451,476,25,3.04
824,185,15,44,476,489,13,3.1538461538461537
825,185,15,45,489,495,6,3.0
826,185,15,46,495,501,6,3.1666666666666665
827,185,15,47,501,519,18,3.0555555555555554
828,185,15,48,519,526,7,3.142857142857143
829,185,15,49,526,530,4,2.5
830,185,15,50,530,534,4,2.5
831,185,15,51,534,550,16,2.0
832,158,16,0,0,4,4,2.25
833,158,16,1,4,25,21,2.0
834,158,16,2,25,37,12,3.0
835,158,16,3,37,50,13,3.076923076923077
836,158,16,4,50,54,4,3.5
837,158,16,5,54,59,5,3.2
838,158,16,6,59,68,9,3.111111111111111
839,158,16,7,68,75,7,3.142857142857143
840,158,16,8,75,100,25,3.04
841,158,16,9,100,113,13,3.0
842,158,16,10,113,125,12,2.9166666666666665
843,158,16,11,125,129,4,3.5
844,158,16,12,129,137,8,3.125
845,158,16,13,137,150,13,3.076923076923077
846,158,16,14,150,163,13,3.1538461538461537
847,158,16,15,163,175,12,3.0
848,158,16,16,175,188,13,3.0
849,158,16,17,188,200,12,3.0833333333333335
850,158,16,18,200,204,4,2.75
851,158,16,19,204,213,9,2.0
852,158,16,20,213,226,13,2.0
853,158,16,21,226,239,13,2.923076923076923
854,158,16,22,239,251,12,3.0
855,158,16,23,251,264,13,3.076923076923077
856,158,16,24,264,276,12,3.0
857,158,16,25,276,288,12,2.0833333333333335
858,158,16,26,288,301,13,3.0
859,158,16,27,301,305,4,2.5
860,158,16,28,305,309,4,2.5
861,158,16,29,309,326,17,2.0
862,158,16,30,326,339,13,3.0
863,158,16,31,339,351,12,3.0833333333333335
864,158,16,32,351,355,4,3.0
865,158,16,33,355,360,5,3.2
866,158,16,34,360,369,9,3.111111111111111
867,158,16,35,369,376,7,3.142857142857143
868,158,16,36,376,389,13,2.1538461538461537
869,158,16,37,389,401,12,3.0
870,158,16,38,401,405,4,3.75
871,158,16,39,405,426,21,3.0
872,158,16,40,426,438,12,3.0833333333333335
873,158,16,41,438,444,6,3.1666666666666665
874,158,16,42,444,451,7,3.142857142857143
875,158,16,43,451,476,25,3.04
876,158,16,44,476,489,13,3.1538461538461537
877,158,16,45,489,495,6,3.0
878,158,16,46,495,501,6,3.1666666666666665
879,158,16,47,501,519,18,3.0555555555555554
880,158,16,48,519,526,7,3.142857142857143
881,158,16,49,526,530,4,2.5
882,158,16,50,530,534,4,2.5
883,158,16,51,534,550,16,2.0
884,392,17,0,0,4,4,2.25
885,392,17,1,4,25,21,2.0
886,392,17,2,25,37,12,3.0
887,392,17,3,37,50,13,3.076923076923077
888,392,17,4,50,54,4,3.5
889,392,17,5,54,59,5,3.2
890,392,17,6,59,68,9,3.111111111111111
891,392,17,7,68,75,7,3.142857142857143
892,392,17,8,75,100,25,3.04
893,392,17,9,100,113,13,3.0
894,392,17,10,113,125,12,2.9166666666666665
895,392,17,11,125,129,4,3.5
896,392,17,12,129,137,8,3.125
897,392,17,13,137,150,13,3.076923076923077
898,392,17,14,150,163,13,3.1538461538461537
899,392,17,15,163,175,12,3.0
900,392,17,16,175,188,13,3.0
901,392,17,17,188,200,12,3.0833333333333335
902,392,17,18,200,204,4,2.75
903,392,17,19,204,213,9,2.0
904,392,17,20,213,226,13,2.0
905,392,17,21,226,239,13,2.923076923076923
906,392,17,22,239,251,12,3.0
907,392,17,23,251,264,13,3.076923076923077
908,392,17,24,264,276,12,3.0
909,392,17,25,276,288,12,2.0833333333333335
910,392,17,26,288,301,13,3.0
911,392,17,27,301,305,4,2.5
912,392,17,28,305,309,4,2.5
913,392,17,29,309,326,17,2.0
914,392,17,30,326,339,13,3.0
915,392,17,31,339,351,12,3.0833333333333335
916,392,17,32,351,355,4,3.0
917,392,17,33,355,360,5,3.2
918,392,17,34,360,369,9,3.111111111111111
919,392,17,35,369,376,7,3.142857142857143
920,392,17,36,376,389,13,2.1538461538461537
921,392,17,37,389,401,12,3.0
922,392,17,38,401,405,4,3.75
923,392,17,39,405,426,21,3.0
924,392,17,40,426,438,12,3.0833333333333335
925,392,17,41,438,444,6,3.1666666666666665
926,392,17,42,444,451,7,3.142857142857143
927,392,17,43,451,476,25,3.04
928,392,17,44,476,489,13,3.1538461538461537
929,392,17,45,489,495,6,3.0
930,392,17,46,495,501,6,3.1666666666666665
931,392,17,47,501,519,18,3.0555555555555554
932,392,17,48,519,526,7,3.142857142857143
933,392,17,49,526,530,4,2.5
934,392,17,50,530,534,4,2.5
935,392,17,51,534,550,16,2.0
936,99,18,0,0,4,4,2.25
937,99,18,1,4,25,21,2.0
938,99,18,2,25,37,12,3.0
939,99,18,3,37,50,13,3.076923076923077
940,99,18,4,50,54,4,3.5
941,99,18,5,54,59,5,3.2
942,99,18,6,59,68,9,3.111111111111111
943,99,18,7,68,75,7,3.142857142857143
944,99,18,8,75,100,25,3.04
945,99,18,9,100,113,13,3.0
946,99,18,10,113,125,12,2.9166666666666665
947,99,18,11,125,129,4,3.5
948,99,18,12,129,137,8,3.125
949,99,18,13,137,150,13,3.076923076923077
950,99,18,14,150,163,13,3.1538461538461537
951,99,18,15,163,175,12,3.0
952,99,18,16,175,188,13,3.0
953,99,18,17,188,200,12,3.0833333333333335
954,99,18,18,200,204,4,2.75
955,99,18,19,204,213,9,2.0
956,99,18,20,213,226,13,2.0
957,99,18,21,226,239,13,2.923076923076923
958,99,18,22,239,251,12,3.0
959,99,18,23,251,264,13,3.076923076923077
960,99,18,24,264,276,12,3.0
961,99,18,25,276,288,12,2.0833333333333335
962,99,18,26,288,301,13,3.0
963,99,18,27,301,305,4,2.5
964,99,18,28,305,309,4,2.5
965,99,18,29,309,326,17,2.0
966,99,18,30,326,339,13,3.0
967,99,18,31,339,351,12,3.0833333333333335
968,99,18,32,351,355,4,3.0
969,99,18,33,355,360,5,3.2
970,99,18,34,360,369,9,3.111111111111111
971,99,18,35,369,376,7,3.142857142857143
972,99,18,36,376,389,13,2.1538461538461537
973,99,18,37,389,401,12,3.0
974,99,18,38,401,405,4,3.75
975,99,18,39,405,426,21,3.0
976,99,18,40,426,438,12,3.0833333333333335
977,99,18,41,438,444,6,3.1666666666666665
978,99,18,42,444,451,7,3.142857142857143
979,99,18,43,451,476,25,3.04
980,99,18,44,476,489,13,3.1538461538461537
981,99,18,45,489,495,6,3.0
982,99,18,46,495,501,6,3.1666666666666665
983,99,18,47,501,519,18,3.0555555555555554
984,99,18,48,519,526,7,3.142857142857143
985,99,18,49,526,530,4,2.5
986,99,18,50,530,534,4,2.5
987,99,18,51,534,550,16,2.0
988,259,19,0,0,4,4,2.25
989,259,19,1,4,25,21,2.0
990,259,19,2,25,37,12,3.0
991,259,19,3,37,50,13,3.076923076923077
992,259,19,4,50,54,4,3.5
993,259,19,5,54,59,5,3.2
994,259,19,6,59,68,9,3.111111111111111
995,259,19,7,68,75,7,3.142857142857143
996,259,19,8,75,100,25,3.04
997,259,19,9,100,113,13,3.0
998,259,19,10,113,125,12,2.9166666666666665
999,259,19,11,125,129,4,3.5
1000,259,19,12,129,137,8,3.125
1001,259,19,13,137,150,13,3.076923076923077
1002,259,19,14,150,163,13,3.1538461538461537
1003,259,19,15,163,175,12,3.0
1004,259,19,16,175,188,13,3.0
1005,259,19,17,188,200,12,3.0833333333333335
1006,259,19,18,200,204,4,2.75
1007,259,19,19,204,213,9,2.0
1008,259,19,20,213,226,13,2.0
1009,259,19,21,226,239,13,2.923076923076923
1010,259,19,22,239,251,12,3.0
1011,259,19,23,251,264,13,3.076923076923077
1012,259,19,24,264,276,12,3.0
1013,259,19,25,276,288,12,2.0833333333333335
1014,259,19,26,288,301,13,3.0
1015,259,19,27,301,305,4,2.5
1016,259,19,28,305,309,4,2.5
1017,259,19,29,309,326,17,2.0
1018,259,19,30,326,339,13,3.0
1019,259,19,31,339,351,12,3.0833333333333335
1020,259,19,32,351,355,4,3.0
1021,259,19,33,355,360,5,3.2
1022,259,19,34,360,369,9,3.111111111111111
1023,259,19,35,369,376,7,3.142857142857143
1024,259,19,36,376,389,13,2.1538461538461537
1025,259,19,37,389,401,12,3.0
1026,259,19,38,401,405,4,3.75
1027,259,19,39,405,426,21,3.0
1028,259,19,40,426,438,12,3.0833333333333335
1029,259,19,41,438,444,6,3.1666666666666665
1030,259,19,42,444,451,7,3.142857142857143
1031,259,19,43,451,476,25,3.04
1032,259,19,44,476,489,13,3.1538461538461537
1033,259,19,45,489,495,6,3.0
1034,259,19,46,495,501,6,3.1666666666666665
1035,259,19,47,501,519,18,3.0555555555555554
1036,259,19,48,519,526,7,3.142857142857143
1037,259,19,49,526,530,4,2.5
1038,259,19,50,530,534,4,2.5
1039,259,19,51,534,550,16,2.0
1040,368,20,0,0,4,4,2.25
1041,368,20,1,4,25,21,2.0
1042,368,20,2,25,37,12,3.0
1043,368,20,3,37,50,13,3.076923076923077
1044,368,20,4,50,54,4,3.5
1045,368,20,5,54,59,5,3.2
1046,368,20,6,59,68,9,3.111111111111111
1047,368,20,7,68,75,7,3.142857142857143
1048,368,20,8,75,100,25,3.04
1049,368,20,9,100,113,13,3.0
1050,368,20,10,113,125,12,2.9166666666666665
1051,368,20,11,125,129,4,3.5
1052,368,20,12,129,137,8,3.125
1053,368,20,13,137,150,13,3.076923076923077
1054,368,20,14,150,163,13,3.1538461538461537
1055,368,20,15,163,175,12,3.0
1056,368,20,16,175,188,13,3.0
1057,368,20,17,188,200,12,3.0833333333333335
1058,368,20,18,200,204,4,2.75
1059,368,20,19,204,213,9,2.0
1060,368,20,20,213,226,13,2.0
1061,368,20,21,226,239,13,2.923076923076923
1062,368,20,22,239,251,12,3.0
1063,368,20,23,251,264,13,3.076923076923077
1064,368,20,24,264,276,12,3.0
1065,368,20,25,276,288,12,2.0833333333333335
1066,368,20,26,288,301,13,3.0
1067,368,20,27,301,305,4,2.5
1068,368,20,28,305,309,4,2.5
1069,368,20,29,309,326,17,2.0
1070,368,20,30,326,339,13,3.0
1071,368,20,31,339,351,12,3.0833333333333335
1072,368,20,32,351,355,4,3.0
1073,368,20,33,355,360,5,3.2
1074,368,20,34,360,369,9,3.111111111111111
1075,368,20,35,369,376,7,3.142857142857143
1076,368,20,36,376,389,13,2.1538461538461537
1077,368,20,37,389,401,12,3.0
1078,368,20,38,401,405,4,3.75
1079,368,20,39,405,426,21,3.0
1080,368,20,40,426,438,12,3.0833333333333335
1081,368,20,41,438,444,6,3.1666666666666665
1082,368,20,42,444,451,7,3.142857142857143
1083,368,20,43,451,476,25,3.04
1084,368,20,44,476,489,13,3.1538461538461537
1085,368,20,45,489,495,6,3.0
1086,368,20,46,495,501,6,3.1666666666666665
1087,368,20,47,501,519,18,3.0555555555555554
1088,368,20,48,519,526,7,3.142857142857143
1089,368,20,49,526,530,4,2.5
1090,368,20,50,530,534,4,2.5
1091,368,20,51,534,550,16,2.0
1092,189,21,0,0,4,4,2.25
1093,189,21,1,4,25,21,2.0
1094,189,21,2,25,37,12,3.0
1095,189,21,3,37,50,13,3.076923076923077
1096,189,21,4,50,54,4,3.5
1097,189,21,5,54,59,5,3.2
1098,189,21,6,59,68,9,3.111111111111111
1099,189,21,7,68,75,7,3.142857142857143
1100,189,21,8,75,100,25,3.04
1101,189,21,9,100,113,13,3.0
1102,189,21,10,113,125,12,2.9166666666666665
1103,189,21,11,125,129,4,3.5
1104,189,21,12,129,137,8,3.125
1105,189,21,13,137,150,13,3.076923076923077
1106,189,21,14,150,163,13,3.1538461538461537
1107,189,21,15,163,175,12,3.0
1108,189,21,16,175,188,13,3.0
1109,189,21,17,188,200,12,3.0833333333333335
1110,189,21,18,200,204,4,2.75
1111,189,21,19,204,213,9,2.0
1112,189,21,20,213,226,13,2.0
1113,189,21,21,226,239,13,2.923076923076923
1114,189,21,22,239,251,12,3.0
1115,189,21,23,251,264,13,3.076923076923077
1116,189,21,24,264,276,12,3.0
1117,189,21,25,276,288,12,2.0833333333333335
1118,189,21,26,288,301,13,3.0
1119,189,21,27,301,305,4,2.5
1120,189,21,28,305,309,4,2.5
1121,189,21,29,309,326,17,2.0
1122,189,21,30,326,339,13,3.0
1123,189,21,31,339,351,12,3.0833333333333335
1124,189,21,32,351,355,4,3.0
1125,189,21,33,355,360,5,3.2
1126,189,21,34,360,369,9,3.111111111111111
1127,189,21,35,369,376,7,3.142857142857143
1128,189,21,36,376,389,13,2.1538461538461537
1129,189,21,37,389,401,12,3.0
1130,189,21,38,401,405,4,3.75
1131,189,21,39,405,426,21,3.0
1132,189,21,40,426,438,12,3.0833333333333335
1133,189,21,41,438,444,6,3.1666666666666665
1134,189,21,42,444,451,7,3.142857142857143
1135,189,21,43,451,476,25,3.04
1136,189,21,44,476,489,13,3.1538461538461537
1137,189,21,45,489,495,6,3.0
1138,189,21,46,495,501,6,3.1666666666666665
1139,189,21,47,501,519,18,3.0555555555555554
1140,189,21,48,519,526,7,3.142857142857143
1141,189,21,49,526,530,4,2.5
1142,189,21,50,530,534,4,2.5
1143,189,21,51,534,550,16,2.0
1144,445,22,0,0,4,4,2.25
1145,445,22,1,4,25,21,2.0
1146,445,22,2,25,37,12,3.0
1147,445,22,3,37,50,13,3.076923076923077
1148,445,22,4,50,54,4,3.5
1149,445,22,5,54,59,5,3.2
1150,445,22,6,59,68,9,3.111111111111111
1151,445,22,7,68,75,7,3.142857142857143
1152,445,22,8,75,100,25,3.04
1153,445,22,9,100,113,13,3.0
1154,445,22,10,113,125,12,2.9166666666666665
1155,445,22,11,125,129,4,3.5
1156,445,22,12,129,137,8,3.125
1157,445,22,13,137,150,13,3.076923076923077
1158,445,22,14,150,163,13,3.1538461538461537
1159,445,22,15,163,175,12,3.0
1160,445,22,16,175,188,13,3.0
1161,445,22,17,188,200,12,3.0833333333333335
1162,445,22,18,200,204,4,2.75
1163,445,22,19,204,213,9,2.0
1164,445,22,20,213,226,13,2.0
1165,445,22,21,226,239,13,2.923076923076923
1166,445,22,22,239,251,12,3.0
1167,445,22,23,251,264,13,3.076923076923077
1168,445,22,24,264,276,12,3.0
1169,445,22,25,276,288,12,2.0833333333333335
1170,445,22,26,288,301,13,3.0
1171,445,22,27,301,305,4,2.5
1172,445,22,28,305,309,4,2.5
1173,445,22,29,309,326,17,2.0
1174,445,22,30,326,339,13,3.0
1175,445,22,31,339,351,12,3.0833333333333335
1176,445,22,32,351,355,4,3.0
1177,445,22,33,355,360,5,3.2
1178,445,22,34,360,369,9,3.111111111111111
1179,445,22,35,369,376,7,3.142857142857143
1180,445,22,36,376,389,13,2.1538461538461537
1181,445,22,37,389,401,12,3.0
1182,445,22,38,401,405,4,3.75
1183,445,22,39,405,426,21,3.0
1184,445,22,40,426,438,12,3.0833333333333335
1185,445,22,41,438,444,6,3.1666666666666665
1186,445,22,42,444,451,7,3.142857142857143
1187,445,22,43,451,476,25,3.04
1188,445,22,44,476,489,13,3.1538461538461537
1189,445,22,45,489,495,6,3.0
1190,445,22,46,495,501,6,3.1666666666666665
1191,445,22,47,501,519,18,3.0555555555555554
1192,445,22,48,519,526,7,3.142857142857143
1193,445,22,49,526,530,4,2.5
1194,445,22,50,530,534,4,2.5
1195,445,22,51,534,550,16,2.0
1196,268,23,0,0,4,4,2.25
1197,268,23,1,4,25,21,2.0
1198,268,23,2,25,37,12,3.0
1199,268,23,3,37,50,13,3.076923076923077
1200,268,23,4,50,54,4,3.5
1201,268,23,5,54,59,5,3.2
1202,268,23,6,59,68,9,3.111111111111111
1203,268,23,7,68,75,7,3.142857142857143
1204,268,23,8,75,100,25,3.04
1205,268,23,9,100,113,13,3.0
1206,268,23,10,113,125,12,2.9166666666666665
1207,268,23,11,125,129,4,3.5
1208,268,23,12,129,137,8,3.125
1209,268,23,13,137,150,13,3.076923076923077
1210,268,23,14,150,163,13,3.1538461538461537
1211,268,23,15,163,175,12,3.0
1212,268,23,16,175,188,13,3.0
1213,268,23,17,188,200,12,3.0833333333333335
1214,268,23,18,200,204,4,2.75
1215,268,23,19,204,213,9,2.0
1216,268,23,20,213,226,13,2.0
1217,268,23,21,226,239,13,2.923076923076923
1218,268,23,22,239,251,12,3.0
1219,268,23,23,251,264,13,3.076923076923077
1220,268,23,24,264,276,12,3.0
1221,268,23,25,276,288,12,2.0833333333333335
1222,268,23,26,288,301,13,3.0
1223,268,23,27,301,305,4,2.5
1224,268,23,28,305,309,4,2.5
1225,268,23,29,309,326,17,2.0
1226,268,23,30,326,339,13,3.0
1227,268,23,31,339,351,12,3.0833333333333335
1228,268,23,32,351,355,4,3.0
1229,268,23,33,355,360,5,3.2
1230,268,23,34,360,369,9,3.111111111111111
1231,268,23,35,369,376,7,3.142857142857143
1232,268,23,36,376,389,13,2.1538461538461537
1233,268,23,37,389,401,12,3.0
1234,268,23,38,401,405,4,3.75
1235,268,23,39,405,426,21,3.0
1236,268,23,40,426,438,12,3.0833333333333335
1237,268,23,41,438,444,6,3.1666666666666665
1238,268,23,42,444,451,7,3.142857142857143
1239,268,23,43,451,476,25,3.04
1240,268,23,44,476,489,13,3.1538461538461537
1241,268,23,45,489,495,6,3.0
1242,268,23,46,495,501,6,3.1666666666666665
1243,268,23,47,501,519,18,3.0555555555555554
1244,268,23,48,519,526,7,3.142857142857143
1245,268,23,49,526,530,4,2.5
1246,268,23,50,530,534,4,2.5
1247,268,23,51,534,550,16,2.0
1248,325,24,0,0,4,4,2.25
1249,325,24,1,4,25,21,2.0
1250,325,24,2,25,37,12,3.0
1251,325,24,3,37,50,13,3.076923076923077
1252,325,24,4,50,54,4,3.5
1253,325,24,5,54,59,5,3.2
1254,325,24,6,59,68,9,3.111111111111111
1255,325,24,7,68,75,7,3.142857142857143
1256,325,24,8,75,100,25,3.04
1257,325,24,9,100,113,13,3.0
1258,325,24,10,113,125,12,2.9166666666666665
1259,325,24,11,125,129,4,3.5
1260,325,24,12,129,137,8,3.125
1261,325,24,13,137,150,13,3.076923076923077
1262,325,24,14,150,163,13,3.1538461538461537
1263,325,24,15,163,175,12,3.0
1264,325,24,16,175,188,13,3.0
1265,325,24,17,188,200,12,3.0833333333333335
1266,325,24,18,200,204,4,2.75
1267,325,24,19,204,213,9,2.0
1268,325,24,20,213,226,13,2.0
1269,325,24,21,226,239,13,2.923076923076923
1270,325,24,22,239,251,12,3.0
1271,325,24,23,251,264,13,3.076923076923077
1272,325,24,24,264,276,12,3.0
1273,325,24,25,276,288,12,2.0833333333333335
1274,325,24,26,288,301,13,3.0
1275,325,24,27,301,305,4,2.5
1276,325,24,28,305,309,4,2.5
1277,325,24,29,309,326,17,2.0
1278,325,24,30,326,339,13,3.0
1279,325,24,31,339,351,12,3.0833333333333335
1280,325,24,32,351,355,4,3.0
1281,325,24,33,355,360,5,3.2
1282,325,24,34,360,369,9,3.111111111111111
1283,325,24,35,369,376,7,3.142857142857143
1284,325,24,36,376,389,13,2.1538461538461537
1285,325,24,37,389,401,12,3.0
1286,325,24,38,401,405,4,3.75
1287,325,24,39,405,426,21,3.0
1288,325,24,40,426,438,12,3.0833333333333335
1289,325,24,41,438,444,6,3.1666666666666665
1290,325,24,42,444,451,7,3.142857142857143
1291,325,24,43,451,476,25,3.04
1292,325,24,44,476,489,13,3.1538461538461537
1293,325,24,45,489,495,6,3.0
1294,325,24,46,495,501,6,3.1666666666666665
1295,325,24,47,501,519,18,3.0555555555555554
1296,325,24,48,519,526,7,3.142857142857143
1297,325,24,49,526,530,4,2.5
1298,325,24,50,530,534,4,2.5
1299,325,24,51,534,550,16,2.0
1300,484,25,0,0,4,4,2.25
1301,484,25,1,4,25,21,2.0
1302,484,25,2,25,37,12,3.0
1303,484,25,3,37,50,13,3.076923076923077
1304,484,25,4,50,54,4,3.5
1305,484,25,5,54,59,5,3.2
1306,484,25,6,59,68,9,3.111111111111111
1307,484,25,7,68,75,7,3.142857142857143
1308,484,25,8,75,100,25,3.04
1309,484,25,9,100,113,13,3.0
1310,484,25,10,113,125,12,2.9166666666666665
1311,484,25,11,125,129,4,3.5
1312,484,25,12,129,137,8,3.125
1313,484,25,13,137,150,13,3.076923076923077
1314,484,25,14,150,163,13,3.1538461538461537
1315,484,25,15,163,175,12,3.0
1316,484,25,16,175,188,13,3.0
1317,484,25,17,188,200,12,3.0833333333333335
1318,484,25,18,200,204,4,2.75
1319,484,25,19,204,213,9,2.0
1320,484,25,20,213,226,13,2.0
1321,484,25,21,226,239,13,2.923076923076923
1322,484,25,22,239,251,12,3.0
1323,484,25,23,251,264,13,3.076923076923077
1324,484,25,24,264,276,12,3.0
1325,484,25,25,276,288,12,2.0833333333333335
1326,484,25,26,288,301,13,3.0
1327,484,25,27,301,305,4,2.5
1328,484,25,28,305,309,4,2.5
1329,484,25,29,309,326,17,2.0
1330,484,25,30,326,339,13,3.0
1331,484,25,31,339,351,12,3.0833333333333335
1332,484,25,32,351,355,4,3.0
1333,484,25,33,355,360,5,3.2
1334,484,25,34,360,369,9,3.111111111111111
1335,484,25,35,369,376,7,3.142857142857143
1336,484,25,36,376,389,13,2.1538461538461537
1337,484,25,37,389,401,12,3.0
1338,484,25,38,401,405,4,3.75
1339,484,25,39,405,426,21,3.0
1340,484,25,40,426,438,12,3.0833333333333335
1341,484,25,41,438,444,6,3.1666666666666665
1342,484,25,42,444,451,7,3.142857142857143
1343,484,25,43,451,476,25,3.04
1344,484,25,44,476,489,13,3.1538461538461537
1345,484,25,45,489,495,6,3.0
1346,484,25,46,495,501,6,3.1666666666666665
1347,484,25,47,501,519,18,3.0555555555555554
1348,484,25,48,519,526,7,3.142857142857143
1349,484,25,49,526,530,4,2.5
1350,484,25,50,530,534,4,2.5
1351,484,25,51,534,550,16,2.0
1352,286,26,0,0,4,4,2.25
1353,286,26,1,4,25,21,2.0
1354,286,26,2,25,37,12,3.0
1355,286,26,3,37,50,13,3.076923076923077
1356,286,26,4,50,54,4,3.5
1357,286,26,5,54,59,5,3.2
1358,286,26,6,59,68,9,3.111111111111111
1359,286,26,7,68,75,7,3.142857142857143
1360,286,26,8,75,100,25,3.04
1361,286,26,9,100,113,13,3.0
1362,286,26,10,113,125,12,2.9166666666666665
1363,286,26,11,125,129,4,3.5
1364,286,26,12,129,137,8,3.125
1365,286,26,13,137,150,13,3.076923076923077
1366,286,26,14,150,163,13,3.1538461538461537
1367,286,26,15,163,175,12,3.0
1368,286,26,16,175,188,13,3.0
1369,286,26,17,188,200,12,3.0833333333333335
1370,286,26,18,200,204,4,2.75
1371,286,26,19,204,213,9,2.0
1372,286,26,20,213,226,13,2.0
1373,286,26,21,226,239,13,2.923076923076923
1374,286,26,22,239,251,12,3.0
1375,286,26,23,251,264,13,3.076923076923077
1376,286,26,24,264,276,12,3.0
1377,286,26,25,276,288,12,2.0833333333333335
1378,286,26,26,288,301,13,3.0
1379,286,26,27,301,305,4,2.5
1380,286,26,28,305,309,4,2.5
1381,286,26,29,309,326,17,2.0
1382,286,26,30,326,339,13,3.0
1383,286,26,31,339,351,12,3.0833333333333335
1384,286,26,32,351,355,4,3.0
1385,286,26,33,355,360,5,3.2
1386,286,26,34,360,369,9,3.111111111111111
1387,286,26,35,369,376,7,3.142857142857143
1388,286,26,36,376,389,13,2.1538461538461537
1389,286,26,37,389,401,12,3.0
1390,286,26,38,401,405,4,3.75
1391,286,26,39,405,426,21,3.0
1392,286,26,40,426,438,12,3.0833333333333335
1393,286,26,41,438,444,6,3.1666666666666665
1394,286,26,42,444,451,7,3.142857142857143
1395,286,26,43,451,476,25,3.04
1396,286,26,44,476,489,13,3.1538461538461537
1397,286,26,45,489,495,6,3.0
1398,286,26,46,495,501,6,3.1666666666666665
1399,286,26,47,501,519,18,3.0555555555555554
1400,286,26,48,519,526,7,3.142857142857143
1401,286,26,49,526,530,4,2.5
1402,286,26,50,530,534,4,2.5
1403,286,26,51,534,550,16,2.0
1404,422,27,0,0,4,4,2.25
1405,422,27,1,4,25,21,2.0
1406,422,27,2,25,37,12,3.0
1407,422,27,3,37,50,13,3.076923076923077
1408,422,27,4,50,54,4,3.5
1409,422,27,5,54,59,5,3.2
1410,422,27,6,59,68,9,3.111111111111111
1411,422,27,7,68,75,7,3.142857142857143
1412,422,27,8,75,100,25,3.04
1413,422,27,9,100,113,13,3.0
1414,422,27,10,113,125,12,2.9166666666666665
1415,422,27,11,125,129,4,3.5
1416,422,27,12,129,137,8,3.125
1417,422,27,13,137,150,13,3.076923076923077
1418,422,27,14,150,163,13,3.1538461538461537
1419,422,27,15,163,175,12,3.0
1420,422,27,16,175,188,13,3.0
1421,422,27,17,188,200,12,3.0833333333333335
1422,422,27,18,200,204,4,2.75
1423,422,27,19,204,213,9,2.0
1424,422,27,20,213,226,13,2.0
1425,422,27,21,226,239,13,2.923076923076923
1426,422,27,22,239,251,12,3.0
1427,422,27,23,251,264,13,3.076923076923077
1428,422,27,24,264,276,12,3.0
1429,422,27,25,276,288,12,2.0833333333333335
1430,422,27,26,288,301,13,3.0
1431,422,27,27,301,305,4,2.5
1432,422,27,28,305,309,4,2.5
1433,422,27,29,309,326,17,2.0
1434,422,27,30,326,339,13,3.0
1435,422,27,31,339,351,12,3.0833333333333335
1436,422,27,32,351,355,4,3.0
1437,422,27,33,355,360,5,3.2
1438,422,27,34,360,369,9,3.111111111111111
1439,422,27,35,369,376,7,3.142857142857143
1440,422,27,36,376,389,13,2.1538461538461537
1441,422,27,37,389,401,12,3.0
1442,422,27,38,401,405,4,3.75
1443,422,27,39,405,426,21,3.0
1444,422,27,40,426,438,12,3.0833333333333335
1445,422,27,41,438,444,6,3.1666666666666665
1446,422,27,42,444,451,7,3.142857142857143
1447,422,27,43,451,476,25,3.04
1448,422,27,44,476,489,13,3.1538461538461537
1449,422,27,45,489,495,6,3.0
1450,422,27,46,495,501,6,3.1666666666666665
1451,422,27,47,501,519,18,3.0555555555555554
1452,422,27,48,519,526,7,3.142857142857143
1453,422,27,49,526,530,4,2.5
1454,422,27,50,530,534,4,2.5
1455,422,27,51,534,550,16,2.0
1456,131,28,0,0,4,4,2.25
1457,131,28,1,4,25,21,2.0
1458,131,28,2,25,37,12,3.0
1459,131,28,3,37,50,13,3.076923076923077
1460,131,28,4,50,54,4,3.5
1461,131,28,5,54,59,5,3.2
1462,131,28,6,59,68,9,3.111111111111111
1463,131,28,7,68,75,7,3.142857142857143
1464,131,28,8,75,100,25,3.04
1465,131,28,9,100,113,13,3.0
1466,131,28,10,113,125,12,2.9166666666666665
1467,131,28,11,125,129,4,3.5
1468,131,28,12,129,137,8,3.125
1469,131,28,13,137,150,13,3.076923076923077
1470,131,28,14,150,163,13,3.1538461538461537
1471,131,28,15,163,175,12,3.0
1472,131,28,16,175,188,13,3.0
1473,131,28,17,188,200,12,3.0833333333333335
1474,131,28,18,200,204,4,2.75
1475,131,28,19,204,213,9,2.0
1476,131,28,20,213,226,13,2.0
1477,131,28,21,226,239,13,2.923076923076923
1478,131,28,22,239,251,12,3.0
1479,131,28,23,251,264,13,3.076923076923077
1480,131,28,24,264,276,12,3.0
1481,131,28,25,276,288,12,2.0833333333333335
1482,131,28,26,288,301,13,3.0
1483,131,28,27,301,305,4,2.5
1484,131,28,28,305,309,4,2.5
1485,131,28,29,309,326,17,2.0
1486,131,28,30,326,339,13,3.0
1487,131,28,31,339,351,12,3.0833333333333335
1488,131,28,32,351,355,4,3.0
1489,131,28,33,355,360,5,3.2
1490,131,28,34,360,369,9,3.111111111111111
1491,131,28,35,369,376,7,3.142857142857143
1492,131,28,36,376,389,13,2.1538461538461537
1493,131,28,37,389,401,12,3.0
1494,131,28,38,401,405,4,3.75
1495,131,28,39,405,426,21,3.0
1496,131,28,40,426,438,12,3.0833333333333335
1497,131,28,41,438,444,6,3.1666666666666665
1498,131,28,42,444,451,7,3.142857142857143
1499,131,28,43,451,476,25,3.04
1500,131,28,44,476,489,13,3.1538461538461537
1501,131,28,45,489,495,6,3.0
1502,131,28,46,495,501,6,3.1666666666666665
1503,131,28,47,501,519,18,3.0555555555555554
1504,131,28,48,519,526,7,3.142857142857143
1505,131,28,49,526,530,4,2.5
1506,131,28,50,530,534,4,2.5
1507,131,28,51,534,550,16,2.0
1508,293,29,0,0,4,4,2.25
1509,293,29,1,4,25,21,2.0
1510,293,29,2,25,37,12,3.0
1511,293,29,3,37,50,13,3.076923076923077
1512,293,29,4,50,54,4,3.5
1513,293,29,5,54,59,5,3.2
1514,293,29,6,59,68,9,3.111111111111111
1515,293,29,7,68,75,7,3.142857142857143
1516,293,29,8,75,100,25,3.04
1517,293,29,9,100,113,13,3.0
1518,293,29,10,113,125,12,2.9166666666666665
1519,293,29,11,125,129,4,3.5
1520,293,29,12,129,137,8,3.125
1521,293,29,13,137,150,13,3.076923076923077
1522,293,29,14,150,163,13,3.1538461538461537
1523,293,29,15,163,175,12,3.0
1524,293,29,16,175,188,13,3.0
1525,293,29,17,188,200,12,3.0833333333333335
1526,293,29,18,200,204,4,2.75
1527,293,29,19,204,213,9,2.0
1528,293,29,20,213,226,13,2.0
1529,293,29,21,226,239,13,2.923076923076923
1530,293,29,22,239,251,12,3.0
1531,293,29,23,251,264,13,3.076923076923077
1532,293,29,24,264,276,12,3.0
1533,293,29,25,276,288,12,2.0833333333333335
1534,293,29,26,288,301,13,3.0
1535,293,29,27,301,305,4,2.5
1536,293,29,28,305,309,4,2.5
1537,293,29,29,309,326,17,2.0
1538,293,29,30,326,339,13,3.0
1539,293,29,31,339,351,12,3.0833333333333335
1540,293,29,32,351,355,4,3.0
1541,293,29,33,355,360,5,3.2
1542,293,29,34,360,369,9,3.111111111111111
1543,293,29,35,369,376,7,3.142857142857143
1544,293,29,36,376,389,13,2.1538461538461537
1545,293,29,37,389,401,12,3.0
1546,293,29,38,401,405,4,3.75
1547,293,29,39,405,426,21,3.0
1548,293,29,40,426,438,12,3.0833333333333335
1549,293,29,41,438,444,6,3.1666666666666665
1550,293,29,42,444,451,7,3.142857142857143
1551,293,29,43,451,476,25,3.04
1552,293,29,44,476,489,13,3.1538461538461537
1553,293,29,45,489,495,6,3.0
1554,293,29,46,495,501,6,3.1666666666666665
1555,293,29,47,501,519,18,3.0555555555555554
1556,293,29,48,519,526,7,3.142857142857143
1557,293,29,49,526,530,4,2.5
1558,293,29,50,530,534,4,2.5
1559,293,29,51,534,550,16,2.0
1560,209,30,0,0,4,4,2.25
1561,209,30,1,4,25,21,2.0
1562,209,30,2,25,37,12,3.0
1563,209,30,3,37,50,13,3.076923076923077
1564,209,30,4,50,54,4,3.5
1565,209,30,5,54,59,5,3.2
1566,209,30,6,59,68,9,3.111111111111111
1567,209,30,7,68,75,7,3.142857142857143
1568,209,30,8,75,100,25,3.04
1569,209,30,9,100,113,13,3.0
1570,209,30,10,113,125,12,2.9166666666666665
1571,209,30,11,125,129,4,3.5
1572,209,30,12,129,137,8,3.125
1573,209,30,13,137,150,13,3.076923076923077
1574,209,30,14,150,163,13,3.1538461538461537
1575,209,30,15,163,175,12,3.0
1576,209,30,16,175,188,13,3.0
1577,209,30,17,188,200,12,3.0833333333333335
1578,209,30,18,200,204,4,2.75
1579,209,30,19,204,213,9,2.0
1580,209,30,20,213,226,13,2.0
1581,209,30,21,226,239,13,2.923076923076923
1582,209,30,22,239,251,12,3.0
1583,209,30,23,251,264,13,3.076923076923077
1584,209,30,24,264,276,12,3.0
1585,209,30,25,276,288,12,2.0833333333333335
1586,209,30,26,288,301,13,3.0
1587,209,30,27,301,305,4,2.5
1588,209,30,28,305,309,4,2.5
1589,209,30,29,309,326,17,2.0
1590,209,30,30,326,339,13,3.0
1591,209,30,31,339,351,12,3.0833333333333335
1592,209,30,32,351,355,4,3.0
1593,209,30,33,355,360,5,3.2
1594,209,30,34,360,369,9,3.111111111111111
1595,209,30,35,369,376,7,3.142857142857143
1596,209,30,36,376,389,13,2.1538461538461537
1597,209,30,37,389,401,12,3.0
1598,209,30,38,401,405,4,3.75
1599,209,30,39,405,426,21,3.0
1600,209,30,40,426,438,12,3.0833333333333335
1601,209,30,41,438,444,6,3.1666666666666665
1602,209,30,42,444,451,7,3.142857142857143
1603,209,30,43,451,476,25,3.04
1604,209,30,44,476,489,13,3.1538461538461537
1605,209,30,45,489,495,6,3.0
1606,209,30,46,495,501,6,3.1666666666666665
1607,209,30,47,501,519,18,3.0555555555555554
1608,209,30,48,519,526,7,3.142857142857143
1609,209,30,49,526,530,4,2.5
1610,209,30,50,530,534,4,2.5
1611,209,30,51,534,550,16,2.0
1612,140,31,0,0,4,4,2.25
1613,140,31,1,4,25,21,2.0
1614,140,31,2,25,37,12,3.0
1615,140,31,3,37,50,13,3.076923076923077
1616,140,31,4,50,54,4,3.5
1617,140,31,5,54,59,5,3.2
1618,140,31,6,59,68,9,3.111111111111111
1619,140,31,7,68,75,7,3.142857142857143
1620,140,31,8,75,100,25,3.04
1621,140,31,9,100,113,13,3.0
1622,140,31,10,113,125,12,2.9166666666666665
1623,140,31,11,125,129,4,3.5
1624,140,31,12,129,137,8,3.125
1625,140,31,13,137,150,13,3.076923076923077
1626,140,31,14,150,163,13,3.1538461538461537
1627,140,31,15,163,175,12,3.0
1628,140,31,16,175,188,13,3.0
1629,140,31,17,188,200,12,3.0833333333333335
1630,140,31,18,200,204,4,2.75
1631,140,31,19,204,213,9,2.0
1632,140,31,20,213,226,13,2.0
1633,140,31,21,226,239,13,2.923076923076923
1634,140,31,22,239,251,12,3.0
1635,140,31,23,251,264,13,3.076923076923077
1636,140,31,24,264,276,12,3.0
1637,140,31,25,276,288,12,2.0833333333333335
1638,140,31,26,288,301,13,3.0
1639,140,31,27,301,305,4,2.5
1640,140,31,28,305,309,4,2.5
1641,140,31,29,309,326,17,2.0
1642,140,31,30,326,339,13,3.0
1643,140,31,31,339,351,12,3.0833333333333335
1644,140,31,32,351,355,4,3.0
1645,140,31,33,355,360,5,3.2
1646,140,31,34,360,369,9,3.111111111111111
1647,140,31,35,369,376,7,3.142857142857143
1648,140,31,36,376,389,13,2.1538461538461537
1649,140,31,37,389,401,12,3.0
1650,140,31,38,401,405,4,3.75
1651,140,31,39,405,426,21,3.0
1652,140,31,40,426,438,12,3.0833333333333335
1653,140,31,41,438,444,6,3.1666666666666665
1654,140,31,42,444,451,7,3.142857142857143
1655,140,31,43,451,476,25,3.04
1656,140,31,44,476,489,13,3.1538461538461537
1657,140,31,45,489,495,6,3.0
1658,140,31,46,495,501,6,3.1666666666666665
1659,140,31,47,501,519,18,3.0555555555555554
1660,140,31,48,519,526,7,3.142857142857143
1661,140,31,49,526,530,4,2.5
1662,140,31,50,530,534,4,2.5
1663,140,31,51,534,550,16,2.0
1664,144,32,0,0,4,4,2.25
1665,144,32,1,4,25,21,2.0
1666,144,32,2,25,37,12,3.0
1667,144,32,3,37,50,13,3.076923076923077
1668,144,32,4,50,54,4,3.5
1669,144,32,5,54,59,5,3.2
1670,144,32,6,59,68,9,3.111111111111111
1671,144,32,7,68,75,7,3.142857142857143
1672,144,32,8,75,100,25,3.04
1673,144,32,9,100,113,13,3.0
1674,144,32,10,113,125,12,2.9166666666666665
1675,144,32,11,125,129,4,3.5
1676,144,32,12,129,137,8,3.125
1677,144,32,13,137,150,13,3.076923076923077
1678,144,32,14,150,163,13,3.1538461538461537
1679,144,32,15,163,175,12,3.0
1680,144,32,16,175,188,13,3.0
1681,144,32,17,188,200,12,3.0833333333333335
1682,144,32,18,200,204,4,2.75
1683,144,32,19,204,213,9,2.0
1684,144,32,20,213,226,13,2.0
1685,144,32,21,226,239,13,2.923076923076923
1686,144,32,22,239,251,12,3.0
1687,144,32,23,251,264,13,3.076923076923077
1688,144,32,24,264,276,12,3.0
1689,144,32,25,276,288,12,2.0833333333333335
1690,144,32,26,288,301,13,3.0
1691,144,32,27,301,305,4,2.5
1692,144,32,28,305,309,4,2.5
1693,144,32,29,309,326,17,2.0
1694,144,32,30,326,339,13,3.0
1695,144,32,31,339,351,12,3.0833333333333335
1696,144,32,32,351,355,4,3.0
1697,144,32,33,355,360,5,3.2
1698,144,32,34,360,369,9,3.111111111111111
1699,144,32,35,369,376,7,3.142857142857143
1700,144,32,36,376,389,13,2.1538461538461537
1701,144,32,37,389,401,12,3.0
1702,144,32,38,401,405,4,3.75
1703,144,32,39,405,426,21,3.0
1704,144,32,40,426,438,12,3.0833333333333335
1705,144,32,41,438,444,6,3.1666666666666665
1706,144,32,42,444,451,7,3.142857142857143
1707,144,32,43,451,476,25,3.04
1708,144,32,44,476,489,13,3.1538461538461537
1709,144,32,45,489,495,6,3.0
1710,144,32,46,495,501,6,3.1666666666666665
1711,144,32,47,501,519,18,3.0555555555555554
1712,144,32,48,519,526,7,3.142857142857143
1713,144,32,49,526,530,4,2.5
1714,144,32,50,530,534,4,2.5
1715,144,32,51,534,550,16,2.0
1716,393,33,0,0,4,4,2.25
1717,393,33,1,4,25,21,2.0
1718,393,33,2,25,37,12,3.0
1719,393,33,3,37,50,13,3.076923076923077
1720,393,33,4,50,54,4,3.5
1721,393,33,5,54,59,5,3.2
1722,393,33,6,59,68,9,3.111111111111111
1723,393,33,7,68,75,7,3.142857142857143
1724,393,33,8,75,100,25,3.04
1725,393,33,9,100,113,13,3.0
1726,393,33,10,113,125,12,2.9166666666666665
1727,393,33,11,125,129,4,3.5
1728,393,33,12,129,137,8,3.125
1729,393,33,13,137,150,13,3.076923076923077
1730,393,33,14,150,163,13,3.1538461538461537
1731,393,33,15,163,175,12,3.0
1732,393,33,16,175,188,13,3.0
1733,393,33,17,188,200,12,3.0833333333333335
1734,393,33,18,200,204,4,2.75
1735,393,33,19,204,213,9,2.0
1736,393,33,20,213,226,13,2.0
1737,393,33,21,226,239,13,2.923076923076923
1738,393,33,22,239,251,12,3.0
1739,393,33,23,251,264,13,3.076923076923077
1740,393,33,24,264,276,12,3.0
1741,393,33,25,276,288,12,2.0833333333333335
1742,393,33,26,288,301,13,3.0
1743,393,33,27,301,305,4,2.5
1744,393,33,28,305,309,4,2.5
1745,393,33,29,309,326,17,2.0
1746,393,33,30,326,339,13,3.0
1747,393,33,31,339,351,12,3.0833333333333335
1748,393,33,32,351,355,4,3.0
1749,393,33,33,355,360,5,3.2
1750,393,33,34,360,369,9,3.111111111111111
1751,393,33,35,369,376,7,3.142857142857143
1752,393,33,36,376,389,13,2.1538461538461537
1753,393,33,37,389,401,12,3.0
1754,393,33,38,401,405,4,3.75
1755,393,33,39,405,426,21,3.0
1756,393,33,40,426,438,12,3.0833333333333335
1757,393,33,41,438,444,6,3.1666666666666665
1758,393,33,42,444,451,7,3.142857142857143
1759,393,33,43,451,476,25,3.04
1760,393,33,44,476,489,13,3.1538461538461537
1761,393,33,45,489,495,6,3.0
1762,393,33,46,495,501,6,3.1666666666666665
1763,393,33,47,501,519,18,3.0555555555555554
1764,393,33,48,519,526,7,3.142857142857143
1765,393,33,49,526,530,4,2.5
1766,393,33,50,530,534,4,2.5
1767,393,33,51,534,550,16,2.0
1768,352,34,0,0,4,4,2.25
1769,352,34,1,4,25,21,2.0
1770,352,34,2,25,37,12,3.0
1771,352,34,3,37,50,13,3.076923076923077
1772,352,34,4,50,54,4,3.5
1773,352,34,5,54,59,5,3.2
1774,352,34,6,59,68,9,3.111111111111111
1775,352,34,7,68,75,7,3.142857142857143
1776,352,34,8,75,100,25,3.04
1777,352,34,9,100,113,13,3.0
1778,352,34,10,113,125,12,2.9166666666666665
1779,352,34,11,125,129,4,3.5
1780,352,34,12,129,137,8,3.125
1781,352,34,13,137,150,13,3.076923076923077
1782,352,34,14,150,163,13,3.1538461538461537
1783,352,34,15,163,175,12,3.0
1784,352,34,16,175,188,13,3.0
1785,352,34,17,188,200,12,3.0833333333333335
1786,352,34,18,200,204,4,2.75
1787,352,34,19,204,213,9,2.0
1788,352,34,20,213,226,13,2.0
1789,352,34,21,226,239,13,2.923076923076923
1790,352,34,22,239,251,12,3.0
1791,352,34,23,251,264,13,3.076923076923077
1792,352,34,24,264,276,12,3.0
1793,352,34,25,276,288,12,2.0833333333333335
1794,352,34,26,288,301,13,3.0
1795,352,34,27,301,305,4,2.5
1796,352,34,28,305,309,4,2.5
1797,352,34,29,309,326,17,2.0
1798,352,34,30,326,339,13,3.0
1799,352,34,31,339,351,12,3.0833333333333335
1800,352,34,32,351,355,4,3.0
1801,352,34,33,355,360,5,3.2
1802,352,34,34,360,369,9,3.111111111111111
1803,352,34,35,369,376,7,3.142857142857143
1804,352,34,36,376,389,13,2.1538461538461537
1805,352,34,37,389,401,12,3.0
1806,352,34,38,401,405,4,3.75
1807,352,34,39,405,426,21,3.0
1808,352,34,40,426,438,12,3.0833333333333335
1809,352,34,41,438,444,6,3.1666666666666665
1810,352,34,42,444,451,7,3.142857142857143
1811,352,34,43,451,476,25,3.04
1812,352,34,44,476,489,13,3.1538461538461537
1813,352,34,45,489,495,6,3.0
1814,352,34,46,495,501,6,3.1666666666666665
1815,352,34,47,501,519,18,3.0555555555555554
1816,352,34,48,519,526,7,3.142857142857143
1817,352,34,49,526,530,4,2.5
1818,352,34,50,530,534,4,2.5
1819,352,34,51,534,550,16,2.0
1820,479,35,0,0,4,4,2.25
1821,479,35,1,4,25,21,2.0
1822,479,35,2,25,37,12,3.0
1823,479,35,3,37,50,13,3.076923076923077
1824,479,35,4,50,54,4,3.5
1825,479,35,5,54,59,5,3.2
1826,479,35,6,59,68,9,3.111111111111111
1827,479,35,7,68,75,7,3.142857142857143
1828,479,35,8,75,100,25,3.04
1829,479,35,9,100,113,13,3.0
1830,479,35,10,113,125,12,2.9166666666666665
1831,479,35,11,125,129,4,3.5
1832,479,35,12,129,137,8,3.125
1833,479,35,13,137,150,13,3.076923076923077
1834,479,35,14,150,163,13,3.1538461538461537
1835,479,35,15,163,175,12,3.0
1836,479,35,16,175,188,13,3.0
1837,479,35,17,188,200,12,3.0833333333333335
1838,479,35,18,200,204,4,2.75
1839,479,35,19,204,213,9,2.0
1840,479,35,20,213,226,13,2.0
1841,479,35,21,226,239,13,2.923076923076923
1842,479,35,22,239,251,12,3.0
1843,479,35,23,251,264,13,3.076923076923077
1844,479,35,24,264,276,12,3.0
1845,479,35,25,276,288,12,2.0833333333333335
1846,479,35,26,288,301,13,3.0
1847,479,35,27,301,305,4,2.5
1848,479,35,28,305,309,4,2.5
1849,479,35,29,309,326,17,2.0
1850,479,35,30,326,339,13,3.0
1851,479,35,31,339,351,12,3.0833333333333335
1852,479,35,32,351,355,4,3.0
1853,479,35,33,355,360,5,3.2
1854,479,35,34,360,369,9,3.111111111111111
1855,479,35,35,369,376,7,3.142857142857143
1856,479,35,36,376,389,13,2.1538461538461537
1857,479,35,37,389,401,12,3.0
1858,479,35,38,401,405,4,3.75
1859,479,35,39,405,426,21,3.0
1860,479,35,40,426,438,12,3.0833333333333335
1861,479,35,41,438,444,6,3.1666666666666665
1862,479,35,42,444,451,7,3.142857142857143
1863,479,35,43,451,476,25,3.04
1864,479,35,44,476,489,13,3.1538461538461537
1865,479,35,45,489,495,6,3.0
1866,479,35,46,495,501,6,3.1666666666666665
1867,479,35,47,501,519,18,3.0555555555555554
1868,479,35,48,519,526,7,3.142857142857143
1869,479,35,49,526,530,4,2.5
1870,479,35,50,530,534,4,2.5
1871,479,35,51,534,550,16,2.0
1872,453,36,0,0,4,4,2.25
1873,453,36,1,4,25,21,2.0
1874,453,36,2,25,37,12,3.0
1875,453,36,3,37,50,13,3.076923076923077
1876,453,36,4,50,54,4,3.5
1877,453,36,5,54,59,5,3.2
1878,453,36,6,59,68,9,3.111111111111111
1879,453,36,7,68,75,7,3.142857142857143
1880,453,36,8,75,100,25,3.04
1881,453,36,9,100,113,13,3.0
1882,453,36,10,113,125,12,2.9166666666666665
1883,453,36,11,125,129,4,3.5
1884,453,36,12,129,137,8,3.125
1885,453,36,13,137,150,13,3.076923076923077
1886,453,36,14,150,163,13,3.1538461538461537
1887,453,36,15,163,175,12,3.0
1888,453,36,16,175,188,13,3.0
1889,453,36,17,188,200,12,3.0833333333333335
1890,453,36,18,200,204,4,2.75
1891,453,36,19,204,213,9,2.0
1892,453,36,20,213,226,13,2.0
1893,453,36,21,226,239,13,2.923076923076923
1894,453,36,22,239,251,12,3.0
1895,453,36,23,251,264,13,3.076923076923077
1896,453,36,24,264,276,12,3.0
1897,453,36,25,276,288,12,2.0833333333333335
1898,453,36,26,288,301,13,3.0
1899,453,36,27,301,305,4,2.5
1900,453,36,28,305,309,4,2.5
1901,453,36,29,309,326,17,2.0
1902,453,36,30,326,339,13,3.0
1903,453,36,31,339,351,12,3.0833333333333335
1904,453,36,32,351,355,4,3.0
1905,453,36,33,355,360,5,3.2
1906,453,36,34,360,369,9,3.111111111111111
1907,453,36,35,369,376,7,3.142857142857143
1908,453,36,36,376,389,13,2.1538461538461537
1909,453,36,37,389,401,12,3.0
1910,453,36,38,401,405,4,3.75
1911,453,36,39,405,426,21,3.0
1912,453,36,40,426,438,12,3.0833333333333335
1913,453,36,41,438,444,6,3.1666666666666665
1914,453,36,42,444,451,7,3.142857142857143
1915,453,36,43,451,476,25,3.04
1916,453,36,44,476,489,13,3.1538461538461537
1917,453,36,45,489,495,6,3.0
1918,453,36,46,495,501,6,3.1666666666666665
1919,453,36,47,501,519,18,3.0555555555555554
1920,453,36,48,519,526,7,3.142857142857143
1921,453,36,49,526,530,4,2.5
1922,453,36,50,530,534,4,2.5
1923,453,36,51,534,550,16,2.0
1924,481,37,0,0,4,4,2.25
1925,481,37,1,4,25,21,2.0
1926,481,37,2,25,37,12,3.0
1927,481,37,3,37,50,13,3.076923076923077
1928,481,37,4,50,54,4,3.5
1929,481,37,5,54,59,5,3.2
1930,481,37,6,59,68,9,3.111111111111111
1931,481,37,7,68,75,7,3.142857142857143
1932,481,37,8,75,100,25,3.04
1933,481,37,9,100,113,13,3.0
1934,481,37,10,113,125,12,2.9166666666666665
1935,481,37,11,125,129,4,3.5
1936,481,37,12,129,137,8,3.125
1937,481,37,13,137,150,13,3.076923076923077
1938,481,37,14,150,163,13,3.1538461538461537
1939,481,37,15,163,175,12,3.0
1940,481,37,16,175,188,13,3.0
1941,481,37,17,188,200,12,3.0833333333333335
1942,481,37,18,200,204,4,2.75
1943,481,37,19,204,213,9,2.0
1944,481,37,20,213,226,13,2.0
1945,481,37,21,226,239,13,2.923076923076923
1946,481,37,22,239,251,12,3.0
1947,481,37,23,251,264,13,3.076923076923077
1948,481,37,24,264,276,12,3.0
1949,481,37,25,276,288,12,2.0833333333333335
1950,481,37,26,288,301,13,3.0
1951,481,37,27,301,305,4,2.5
1952,481,37,28,305,309,4,2.5
1953,481,37,29,309,326,17,2.0
1954,481,37,30,326,339,13,3.0
1955,481,37,31,339,351,12,3.0833333333333335
1956,481,37,32,351,355,4,3.0
1957,481,37,33,355,360,5,3.2
1958,481,37,34,360,369,9,3.111111111111111
1959,481,37,35,369,376,7,3.142857142857143
1960,481,37,36,376,389,13,2.1538461538461537
1961,481,37,37,389,401,12,3.0
1962,481,37,38,401,405,4,3.75
1963,481,37,39,405,426,21,3.0
1964,481,37,40,426,438,12,3.0833333333333335
1965,481,37,41,438,444,6,3.1666666666666665
1966,481,37,42,444,451,7,3.142857142857143
1967,481,37,43,451,476,25,3.04
1968,481,37,44,476,489,13,3.1538461538461537
1969,481,37,45,489,495,6,3.0
1970,481,37,46,495,501,6,3.1666666666666665
1971,481,37,47,501,519,18,3.0555555555555554
1972,481,37,48,519,526,7,3.142857142857143
1973,481,37,49,526,530,4,2.5
1974,481,37,50,530,534,4,2.5
1975,481,37,51,534,550,16,2.0
1976,482,38,0,0,4,4,2.25
1977,482,38,1,4,25,21,2.0
1978,482,38,2,25,37,12,3.0
1979,482,38,3,37,50,13,3.076923076923077
1980,482,38,4,50,54,4,3.5
1981,482,38,5,54,59,5,3.2
1982,482,38,6,59,68,9,3.111111111111111
1983,482,38,7,68,75,7,3.142857142857143
1984,482,38,8,75,100,25,3.04
1985,482,38,9,100,113,13,3.0
1986,482,38,10,113,125,12,2.9166666666666665
1987,482,38,11,125,129,4,3.5
1988,482,38,12,129,137,8,3.125
1989,482,38,13,137,150,13,3.076923076923077
1990,482,38,14,150,163,13,3.1538461538461537
1991,482,38,15,163,175,12,3.0
1992,482,38,16,175,188,13,3.0
1993,482,38,17,188,200,12,3.0833333333333335
1994,482,38,18,200,204,4,2.75
1995,482,38,19,204,213,9,2.0
1996,482,38,20,213,226,13,2.0
1997,482,38,21,226,239,13,2.923076923076923
1998,482,38,22,239,251,12,3.0
1999,482,38,23,251,264,13,3.076923076923077
2000,482,38,24,264,276,12,3.0
2001,482,38,25,276,288,12,2.0833333333333335
2002,482,38,26,288,301,13,3.0
2003,482,38,27,301,305,4,2.5
2004,482,38,28,305,309,4,2.5
2005,482,38,29,309,326,17,2.0
2006,482,38,30,326,339,13,3.0
2007,482,38,31,339,351,12,3.0833333333333335
2008,482,38,32,351,355,4,3.0
2009,482,38,33,355,360,5,3.2
2010,482,38,34,360,369,9,3.111111111111111
2011,482,38,35,369,376,7,3.142857142857143
2012,482,38,36,376,389,13,2.1538461538461537
2013,482,38,37,389,401,12,3.0
2014,482,38,38,401,405,4,3.75
2015,482,38,39,405,426,21,3.0
2016,482,38,40,426,438,12,3.0833333333333335
2017,482,38,41,438,444,6,3.1666666666666665
2018,482,38,42,444,451,7,3.142857142857143
2019,482,38,43,451,476,25,3.04
2020,482,38,44,476,489,13,3.1538461538461537
2021,482,38,45,489,495,6,3.0
2022,482,38,46,495,501,6,3.1666666666666665
2023,482,38,47,501,519,18,3.0555555555555554
2024,482,38,48,519,526,7,3.142857142857143
2025,482,38,49,526,530,4,2.5
2026,482,38,50,530,534,4,2.5
2027,482,38,51,534,550,16,2.0
2028,287,39,0,0,4,4,2.25
2029,287,39,1,4,25,21,2.0
2030,287,39,2,25,37,12,3.0
2031,287,39,3,37,50,13,3.076923076923077
2032,287,39,4,50,54,4,3.5
2033,287,39,5,54,59,5,3.2
2034,287,39,6,59,68,9,3.111111111111111
2035,287,39,7,68,75,7,3.142857142857143
2036,287,39,8,75,100,25,3.04
2037,287,39,9,100,113,13,3.0
2038,287,39,10,113,125,12,2.9166666666666665
2039,287,39,11,125,129,4,3.5
2040,287,39,12,129,137,8,3.125
2041,287,39,13,137,150,13,3.076923076923077
2042,287,39,14,150,163,13,3.1538461538461537
2043,287,39,15,163,175,12,3.0
2044,287,39,16,175,188,13,3.0
2045,287,39,17,188,200,12,3.0833333333333335
2046,287,39,18,200,204,4,2.75
2047,287,39,19,204,213,9,2.0
2048,287,39,20,213,226,13,2.0
2049,287,39,21,226,239,13,2.923076923076923
2050,287,39,22,239,251,12,3.0
2051,287,39,23,251,264,13,3.076923076923077
2052,287,39,24,264,276,12,3.0
2053,287,39,25,276,288,12,2.0833333333333335
2054,287,39,26,288,301,13,3.0
2055,287,39,27,301,305,4,2.5
2056,287,39,28,305,309,4,2.5
2057,287,39,29,309,326,17,2.0
2058,287,39,30,326,339,13,3.0
2059,287,39,31,339,351,12,3.0833333333333335
2060,287,39,32,351,355,4,3.0
2061,287,39,33,355,360,5,3.2
2062,287,39,34,360,369,9,3.111111111111111
2063,287,39,35,369,376,7,3.142857142857143
2064,287,39,36,376,389,13,2.1538461538461537
2065,287,39,37,389,401,12,3.0
2066,287,39,38,401,405,4,3.75
2067,287,39,39,405,426,21,3.0
2068,287,39,40,426,438,12,3.0833333333333335
2069,287,39,41,438,444,6,3.1666666666666665
2070,287,39,42,444,451,7,3.142857142857143
2071,287,39,43,451,476,25,3.04
2072,287,39,44,476,489,13,3.1538461538461537
2073,287,39,45,489,495,6,3.0
2074,287,39,46,495,501,6,3.1666666666666665
2075,287,39,47,501,519,18,3.0555555555555554
2076,287,39,48,519,526,7,3.142857142857143
2077,287,39,49,526,530,4,2.5
2078,287,39,50,530,534,4,2.5
2079,287,39,51,534,550,16,2.0
2080,271,40,0,0,4,4,2.25
2081,271,40,1,4,25,21,2.0
2082,271,40,2,25,37,12,3.0
2083,271,40,3,37,50,13,3.076923076923077
2084,271,40,4,50,54,4,3.5
2085,271,40,5,54,59,5,3.2
2086,271,40,6,59,68,9,3.111111111111111
2087,271,40,7,68,75,7,3.142857142857143
2088,271,40,8,75,100,25,3.04
2089,271,40,9,100,113,13,3.0
2090,271,40,10,113,125,12,2.9166666666666665
2091,271,40,11,125,129,4,3.5
2092,271,40,12,129,137,8,3.125
2093,271,40,13,137,150,13,3.076923076923077
2094,271,40,14,150,163,13,3.1538461538461537
2095,271,40,15,163,175,12,3.0
2096,271,40,16,175,188,13,3.0
2097,271,40,17,188,200,12,3.0833333333333335
2098,271,40,18,200,204,4,2.75
2099,271,40,19,204,213,9,2.0
2100,271,40,20,213,226,13,2.0
2101,271,40,21,226,239,13,2.923076923076923
2102,271,40,22,239,251,12,3.0
2103,271,40,23,251,264,13,3.076923076923077
2104,271,40,24,264,276,12,3.0
2105,271,40,25,276,288,12,2.0833333333333335
2106,271,40,26,288,301,13,3.0
2107,271,40,27,301,305,4,2.5
2108,271,40,28,305,309,4,2.5
2109,271,40,29,309,326,17,2.0
2110,271,40,30,326,339,13,3.0
2111,271,40,31,339,351,12,3.0833333333333335
2112,271,40,32,351,355,4,3.0
2113,271,40,33,355,360,5,3.2
2114,271,40,34,360,369,9,3.111111111111111
2115,271,40,35,369,376,7,3.142857142857143
2116,271,40,36,376,389,13,2.1538461538461537
2117,271,40,37,389,401,12,3.0
2118,271,40,38,401,405,4,3.75
2119,271,40,39,405,426,21,3.0
2120,271,40,40,426,438,12,3.0833333333333335
2121,271,40,41,438,444,6,3.1666666666666665
2122,271,40,42,444,451,7,3.142857142857143
2123,271,40,43,451,476,25,3.04
2124,271,40,44,476,489,13,3.1538461538461537
2125,271,40,45,489,495,6,3.0
2126,271,40,46,495,501,6,3.1666666666666665
2127,271,40,47,501,519,18,3.0555555555555554
2128,271,40,48,519,526,7,3.142857142857143
2129,271,40,49,526,530,4,2.5
2130,271,40,50,530,534,4,2.5
2131,271,40,51,534,550,16,2.0
2132,88,41,0,0,4,4,2.25
2133,88,41,1,4,25,21,2.0
2134,88,41,2,25,37,12,3.0
2135,88,41,3,37,50,13,3.076923076923077
2136,88,41,4,50,54,4,3.5
2137,88,41,5,54,59,5,3.2
2138,88,41,6,59,68,9,3.111111111111111
2139,88,41,7,68,75,7,3.142857142857143
2140,88,41,8,75,100,25,3.04
2141,88,41,9,100,113,13,3.0
2142,88,41,10,113,125,12,2.9166666666666665
2143,88,41,11,125,129,4,3.5
2144,88,41,12,129,137,8,3.125
2145,88,41,13,137,150,13,3.076923076923077
2146,88,41,14,150,163,13,3.1538461538461537
2147,88,41,15,163,175,12,3.0
2148,88,41,16,175,188,13,3.0
2149,88,41,17,188,200,12,3.0833333333333335
2150,88,41,18,200,204,4,2.75
2151,88,41,19,204,213,9,2.0
2152,88,41,20,213,226,13,2.0
2153,88,41,21,226,239,13,2.923076923076923
2154,88,41,22,239,251,12,3.0
2155,88,41,23,251,264,13,3.076923076923077
2156,88,41,24,264,276,12,3.0
2157,88,41,25,276,288,12,2.0833333333333335
2158,88,41,26,288,301,13,3.0
2159,88,41,27,301,305,4,2.5
2160,88,41,28,305,309,4,2.5
2161,88,41,29,309,326,17,2.0
2162,88,41,30,326,339,13,3.0
2163,88,41,31,339,351,12,3.0833333333333335
2164,88,41,32,351,355,4,3.0
2165,88,41,33,355,360,5,3.2
2166,88,41,34,360,369,9,3.111111111111111
2167,88,41,35,369,376,7,3.142857142857143
2168,88,41,36,376,389,13,2.1538461538461537
2169,88,41,37,389,401,12,3.0
2170,88,41,38,401,405,4,3.75
2171,88,41,39,405,426,21,3.0
2172,88,41,40,426,438,12,3.0833333333333335
2173,88,41,41,438,444,6,3.1666666666666665
2174,88,41,42,444,451,7,3.142857142857143
2175,88,41,43,451,476,25,3.04
2176,88,41,44,476,489,13,3.1538461538461537
2177,88,41,45,489,495,6,3.0
2178,88,41,46,495,501,6,3.1666666666666665
2179,88,41,47,501,519,18,3.0555555555555554
2180,88,41,48,519,526,7,3.142857142857143
2181,88,41,49,526,530,4,2.5
2182,88,41,50,530,534,4,2.5
2183,88,41,51,534,550,16,2.0
2184,183,42,0,0,4,4,2.25
2185,183,42,1,4,25,21,2.0
2186,183,42,2,25,37,12,3.0
2187,183,42,3,37,50,13,3.076923076923077
2188,183,42,4,50,54,4,3.5
2189,183,42,5,54,59,5,3.2
2190,183,42,6,59,68,9,3.111111111111111
2191,183,42,7,68,75,7,3.142857142857143
2192,183,42,8,75,100,25,3.04
2193,183,42,9,100,113,13,3.0
2194,183,42,10,113,125,12,2.9166666666666665
2195,183,42,11,125,129,4,3.5
2196,183,42,12,129,137,8,3.125
2197,183,42,13,137,150,13,3.076923076923077
2198,183,42,14,150,163,13,3.1538461538461537
2199,183,42,15,163,175,12,3.0
2200,183,42,16,175,188,13,3.0
2201,183,42,17,188,200,12,3.0833333333333335
2202,183,42,18,200,204,4,2.75
2203,183,42,19,204,213,9,2.0
2204,183,42,20,213,226,13,2.0
2205,183,42,21,226,239,13,2.923076923076923
2206,183,42,22,239,251,12,3.0
2207,183,42,23,251,264,13,3.076923076923077
2208,183,42,24,264,276,12,3.0
2209,183,42,25,276,288,12,2.0833333333333335
2210,183,42,26,288,301,13,3.0
2211,183,42,27,301,305,4,2.5
2212,183,42,28,305,309,4,2.5
2213,183,42,29,309,326,17,2.0
2214,183,42,30,326,339,13,3.0
2215,183,42,31,339,351,12,3.0833333333333335
2216,183,42,32,351,355,4,3.0
2217,183,42,33,355,360,5,3.2
2218,183,42,34,360,369,9,3.111111111111111
2219,183,42,35,369,376,7,3.142857142857143
2220,183,42,36,376,389,13,2.1538461538461537
2221,183,42,37,389,401,12,3.0
2222,183,42,38,401,405,4,3.75
2223,183,42,39,405,426,21,3.0
2224,183,42,40,426,438,12,3.0833333333333335
2225,183,42,41,438,444,6,3.1666666666666665
2226,183,42,42,444,451,7,3.142857142857143
2227,183,42,43,451,476,25,3.04
2228,183,42,44,476,489,13,3.1538461538461537
2229,183,42,45,489,495,6,3.0
2230,183,42,46,495,501,6,3.1666666666666665
2231,183,42,47,501,519,18,3.0555555555555554
2232,183,42,48,519,526,7,3.142857142857143
2233,183,42,49,526,530,4,2.5
2234,183,42,50,530,534,4,2.5
2235,183,42,51,534,550,16,2.0
2236,32,43,0,0,4,4,2.25
2237,32,43,1,4,25,21,2.0
2238,32,43,2,25,37,12,3.0
2239,32,43,3,37,50,13,3.076923076923077
2240,32,43,4,50,54,4,3.5
2241,32,43,5,54,59,5,3.2
2242,32,43,6,59,68,9,3.111111111111111
2243,32,43,7,68,75,7,3.142857142857143
2244,32,43,8,75,100,25,3.04
2245,32,43,9,100,113,13,3.0
2246,32,43,10,113,125,12,2.9166666666666665
2247,32,43,11,125,129,4,3.5
2248,32,43,12,129,137,8,3.125
2249,32,43,13,137,150,13,3.076923076923077
2250,32,43,14,150,163,13,3.1538461538461537
2251,32,43,15,163,175,12,3.0
2252,32,43,16,175,188,13,3.0
2253,32,43,17,188,200,12,3.0833333333333335
2254,32,43,18,200,204,4,2.75
2255,32,43,19,204,213,9,2.0
2256,32,43,20,213,226,13,2.0
2257,32,43,21,226,239,13,2.923076923076923
2258,32,43,22,239,251,12,3.0
2259,32,43,23,251,264,13,3.076923076923077
2260,32,43,24,264,276,12,3.0
2261,32,43,25,276,288,12,2.0833333333333335
2262,32,43,26,288,301,13,3.0
2263,32,43,27,301,305,4,2.5
2264,32,43,28,305,309,4,2.5
2265,32,43,29,309,326,17,2.0
2266,32,43,30,326,339,13,3.0
2267,32,43,31,339,351,12,3.0833333333333335
2268,32,43,32,351,355,4,3.0
2269,32,43,33,355,360,5,3.2
2270,32,43,34,360,369,9,3.111111111111111
2271,32,43,35,369,376,7,3.142857142857143
2272,32,43,36,376,389,13,2.1538461538461537
2273,32,43,37,389,401,12,3.0
2274,32,43,38,401,405,4,3.75
2275,32,43,39,405,426,21,3.0
2276,32,43,40,426,438,12,3.0833333333333335
2277,32,43,41,438,444,6,3.1666666666666665
2278,32,43,42,444,451,7,3.142857142857143
2279,32,43,43,451,476,25,3.04
2280,32,43,44,476,489,13,3.1538461538461537
2281,32,43,45,489,495,6,3.0
2282,32,43,46,495,501,6,3.1666666666666665
2283,32,43,47,501,519,18,3.0555555555555554
2284,32,43,48,519,526,7,3.142857142857143
2285,32,43,49,526,530,4,2.5
2286,32,43,50,530,534,4,2.5
2287,32,43,51,534,550,16,2.0
2288,65,44,0,0,4,4,2.25
2289,65,44,1,4,25,21,2.0
2290,65,44,2,25,37,12,3.0
2291,65,44,3,37,50,13,3.076923076923077
2292,65,44,4,50,54,4,3.5
2293,65,44,5,54,59,5,3.2
2294,65,44,6,59,68,9,3.111111111111111
2295,65,44,7,68,75,7,3.142857142857143
2296,65,44,8,75,100,25,3.04
2297,65,44,9,100,113,13,3.0
2298,65,44,10,113,125,12,2.9166666666666665
2299,65,44,11,125,129,4,3.5
2300,65,44,12,129,137,8,3.125
2301,65,44,13,137,150,13,3.076923076923077
2302,65,44,14,150,163,13,3.1538461538461537
2303,65,44,15,163,175,12,3.0
2304,65,44,16,175,188,13,3.0
2305,65,44,17,188,200,12,3.0833333333333335
2306,65,44,18,200,204,4,2.75
2307,65,44,19,204,213,9,2.0
2308,65,44,20,213,226,13,2.0
2309,65,44,21,226,239,13,2.923076923076923
2310,65,44,22,239,251,12,3.0
2311,65,44,23,251,264,13,3.076923076923077
2312,65,44,24,264,276,12,3.0
2313,65,44,25,276,288,12,2.0833333333333335
2314,65,44,26,288,301,13,3.0
2315,65,44,27,301,305,4,2.5
2316,65,44,28,305,309,4,2.5
2317,65,44,29,309,326,17,2.0
2318,65,44,30,326,339,13,3.0
2319,65,44,31,339,351,12,3.0833333333333335
2320,65,44,32,351,355,4,3.0
2321,65,44,33,355,360,5,3.2
2322,65,44,34,360,369,9,3.111111111111111
2323,65,44,35,369,376,7,3.142857142857143
2324,65,44,36,376,389,13,2.1538461538461537
2325,65,44,37,389,401,12,3.0
2326,65,44,38,401,405,4,3.75
2327,65,44,39,405,426,21,3.0
2328,65,44,40,426,438,12,3.0833333333333335
2329,65,44,41,438,444,6,3.1666666666666665
2330,65,44,42,444,451,7,3.142857142857143
2331,65,44,43,451,476,25,3.04
2332,65,44,44,476,489,13,3.1538461538461537
2333,65,44,45,489,495,6,3.0
2334,65,44,46,495,501,6,3.1666666666666665
2335,65,44,47,501,519,18,3.0555555555555554
2336,65,44,48,519,526,7,3.142857142857143
2337,65,44,49,526,530,4,2.5
2338,65,44,50,530,534,4,2.5
2339,65,44,51,534,550,16,2.0
2340,323,45,0,0,4,4,2.25
2341,323,45,1,4,25,21,2.0
2342,323,45,2,25,37,12,3.0
2343,323,45,3,37,50,13,3.076923076923077
2344,323,45,4,50,54,4,3.5
2345,323,45,5,54,59,5,3.2
2346,323,45,6,59,68,9,3.111111111111111
2347,323,45,7,68,75,7,3.142857142857143
2348,323,45,8,75,100,25,3.04
2349,323,45,9,100,113,13,3.0
2350,323,45,10,113,125,12,2.9166666666666665
2351,323,45,11,125,129,4,3.5
2352,323,45,12,129,137,8,3.125
2353,323,45,13,137,150,13,3.076923076923077
2354,323,45,14,150,163,13,3.1538461538461537
2355,323,45,15,163,175,12,3.0
2356,323,45,16,175,188,13,3.0
2357,323,45,17,188,200,12,3.0833333333333335
2358,323,45,18,200,204,4,2.75
2359,323,45,19,204,213,9,2.0
2360,323,45,20,213,226,13,2.0
2361,323,45,21,226,239,13,2.923076923076923
2362,323,45,22,239,251,12,3.0
2363,323,45,23,251,264,13,3.076923076923077
2364,323,45,24,264,276,12,3.0
2365,323,45,25,276,288,12,2.0833333333333335
2366,323,45,26,288,301,13,3.0
2367,323,45,27,301,305,4,2.5
2368,323,45,28,305,309,4,2.5
2369,323,45,29,309,326,17,2.0
2370,323,45,30,326,339,13,3.0
2371,323,45,31,339,351,12,3.0833333333333335
2372,323,45,32,351,355,4,3.0
2373,323,45,33,355,360,5,3.2
2374,323,45,34,360,369,9,3.111111111111111
2375,323,45,35,369,376,7,3.142857142857143
2376,323,45,36,376,389,13,2.1538461538461537
2377,323,45,37,389,401,12,3.0
2378,323,45,38,401,405,4,3.75
2379,323,45,39,405,426,21,3.0
2380,323,45,40,426,438,12,3.0833333333333335
2381,323,45,41,438,444,6,3.1666666666666665
2382,323,45,42,444,451,7,3.142857142857143
2383,323,45,43,451,476,25,3.04
2384,323,45,44,476,489,13,3.1538461538461537
2385,323,45,45,489,495,6,3.0
2386,323,45,46,495,501,6,3.1666666666666665
2387,323,45,47,501,519,18,3.0555555555555554
2388,323,45,48,519,526,7,3.142857142857143
2389,323,45,49,526,530,4,2.5
2390,323,45,50,530,534,4,2.5
2391,323,45,51,534,550,16,2.0
2392,172,46,0,0,4,4,2.25
2393,172,46,1,4,25,21,2.0
2394,172,46,2,25,37,12,3.0
2395,172,46,3,37,50,13,3.076923076923077
2396,172,46,4,50,54,4,3.5
2397,172,46,5,54,59,5,3.2
2398,172,46,6,59,68,9,3.111111111111111
2399,172,46,7,68,75,7,3.142857142857143
2400,172,46,8,75,100,25,3.04
2401,172,46,9,100,113,13,3.0
2402,172,46,10,113,125,12,2.9166666666666665
2403,172,46,11,125,129,4,3.5
2404,172,46,12,129,137,8,3.125
2405,172,46,13,137,150,13,3.076923076923077
2406,172,46,14,150,163,13,3.1538461538461537
2407,172,46,15,163,175,12,3.0
2408,172,46,16,175,188,13,3.0
2409,172,46,17,188,200,12,3.0833333333333335
2410,172,46,18,200,204,4,2.75
2411,172,46,19,204,213,9,2.0
2412,172,46,20,213,226,13,2.0
2413,172,46,21,226,239,13,2.923076923076923
2414,172,46,22,239,251,12,3.0
2415,172,46,23,251,264,13,3.076923076923077
2416,172,46,24,264,276,12,3.0
2417,172,46,25,276,288,12,2.0833333333333335
2418,172,46,26,288,301,13,3.0
2419,172,46,27,301,305,4,2.5
2420,172,46,28,305,309,4,2.5
2421,172,46,29,309,326,17,2.0
2422,172,46,30,326,339,13,3.0
2423,172,46,31,339,351,12,3.0833333333333335
2424,172,46,32,351,355,4,3.0
2425,172,46,33,355,360,5,3.2
2426,172,46,34,360,369,9,3.111111111111111
2427,172,46,35,369,376,7,3.142857142857143
2428,172,46,36,376,389,13,2.1538461538461537
2429,172,46,37,389,401,12,3.0
2430,172,46,38,401,405,4,3.75
2431,172,46,39,405,426,21,3.0
2432,172,46,40,426,438,12,3.0833333333333335
2433,172,46,41,438,444,6,3.1666666666666665
2434,172,46,42,444,451,7,3.142857142857143
2435,172,46,43,451,476,25,3.04
2436,172,46,44,476,489,13,3.1538461538461537
2437,172,46,45,489,495,6,3.0
2438,172,46,46,495,501,6,3.1666666666666665
2439,172,46,47,501,519,18,3.0555555555555554
2440,172,46,48,519,526,7,3.142857142857143
2441,172,46,49,526,530,4,2.5
2442,172,46,50,530,534,4,2.5
2443,172,46,51,534,550,16,2.0
2444,165,47,0,0,4,4,2.25
2445,165,47,1,4,25,21,2.0
2446,165,47,2,25,37,12,3.0
2447,165,47,3,37,50,13,3.076923076923077
2448,165,47,4,50,54,4,3.5
2449,165,47,5,54,59,5,3.2
2450,165,47,6,59,68,9,3.111111111111111
2451,165,47,7,68,75,7,3.142857142857143
2452,165,47,8,75,100,25,3.04
2453,165,47,9,100,113,13,3.0
2454,165,47,10,113,125,12,2.9166666666666665
2455,165,47,11,125,129,4,3.5
2456,165,47,12,129,137,8,3.125
2457,165,47,13,137,150,13,3.076923076923077
2458,165,47,14,150,163,13,3.1538461538461537
2459,165,47,15,163,175,12,3.0
2460,165,47,16,175,188,13,3.0
2461,165,47,17,188,200,12,3.0833333333333335
2462,165,47,18,200,204,4,2.75
2463,165,47,19,204,213,9,2.0
2464,165,47,20,213,226,13,2.0
2465,165,47,21,226,239,13,2.923076923076923
2466,165,47,22,239,251,12,3.0
2467,165,47,23,251,264,13,3.076923076923077
2468,165,47,24,264,276,12,3.0
2469,165,47,25,276,288,12,2.0833333333333335
2470,165,47,26,288,301,13,3.0
2471,165,47,27,301,305,4,2.5
2472,165,47,28,305,309,4,2.5
2473,165,47,29,309,326,17,2.0
2474,165,47,30,326,339,13,3.0
2475,165,47,31,339,351,12,3.0833333333333335
2476,165,47,32,351,355,4,3.0
2477,165,47,33,355,360,5,3.2
2478,165,47,34,360,369,9,3.111111111111111
2479,165,47,35,369,376,7,3.142857142857143
2480,165,47,36,376,389,13,2.1538461538461537
2481,165,47,37,389,401,12,3.0
2482,165,47,38,401,405,4,3.75
2483,165,47,39,405,426,21,3.0
2484,165,47,40,426,438,12,3.0833333333333335
2485,165,47,41,438,444,6,3.1666666666666665
2486,165,47,42,444,451,7,3.142857142857143
2487,165,47,43,451,476,25,3.04
2488,165,47,44,476,489,13,3.1538461538461537
2489,165,47,45,489,495,6,3.0
2490,165,47,46,495,501,6,3.1666666666666665
2491,165,47,47,501,519,18,3.0555555555555554
2492,165,47,48,519,526,7,3.142857142857143
2493,165,47,49,526,530,4,2.5
2494,165,47,50,530,534,4,2.5
2495,165,47,51,534,550,16,2.0
2496,451,48,0,0,4,4,2.25
2497,451,48,1,4,25,21,2.0
2498,451,48,2,25,37,12,3.0
2499,451,48,3,37,50,13,3.076923076923077
2500,451,48,4,50,54,4,3.5
2501,451,48,5,54,59,5,3.2
2502,451,48,6,59,68,9,3.111111111111111
2503,451,48,7,68,75,7,3.142857142857143
2504,451,48,8,75,100,25,3.04
2505,451,48,9,100,113,13,3.0
2506,451,48,10,113,125,12,2.9166666666666665
2507,451,48,11,125,129,4,3.5
2508,451,48,12,129,137,8,3.125
2509,451,48,13,137,150,13,3.076923076923077
2510,451,48,14,150,163,13,3.1538461538461537
2511,451,48,15,163,175,12,3.0
2512,451,48,16,175,188,13,3.0
2513,451,48,17,188,200,12,3.0833333333333335
2514,451,48,18,200,204,4,2.75
2515,451,48,19,204,213,9,2.0
2516,451,48,20,213,226,13,2.0
2517,451,48,21,226,239,13,2.923076923076923
2518,451,48,22,239,251,12,3.0
2519,451,48,23,251,264,13,3.076923076923077
2520,451,48,24,264,276,12,3.0
2521,451,48,25,276,288,12,2.0833333333333335
2522,451,48,26,288,301,13,3.0
2523,451,48,27,301,305,4,2.5
2524,451,48,28,305,309,4,2.5
2525,451,48,29,309,326,17,2.0
2526,451,48,30,326,339,13,3.0
2527,451,48,31,339,351,12,3.0833333333333335
2528,451,48,32,351,355,4,3.0
2529,451,48,33,355,360,5,3.2
2530,451,48,34,360,369,9,3.111111111111111
2531,451,48,35,369,376,7,3.142857142857143
2532,451,48,36,376,389,13,2.1538461538461537
2533,451,48,37,389,401,12,3.0
2534,451,48,38,401,405,4,3.75
2535,451,48,39,405,426,21,3.0
2536,451,48,40,426,438,12,3.0833333333333335
2537,451,48,41,438,444,6,3.1666666666666665
2538,451,48,42,444,451,7,3.142857142857143
2539,451,48,43,451,476,25,3.04
2540,451,48,44,476,489,13,3.1538461538461537
2541,451,48,45,489,495,6,3.0
2542,451,48,46,495,501,6,3.1666666666666665
2543,451,48,47,501,519,18,3.0555555555555554
2544,451,48,48,519,526,7,3.142857142857143
2545,451,48,49,526,530,4,2.5
2546,451,48,50,530,534,4,2.5
2547,451,48,51,534,550,16,2.0
2548,46,49,0,0,4,4,2.25
2549,46,49,1,4,25,21,2.0
2550,46,49,2,25,37,12,3.0
2551,46,49,3,37,50,13,3.076923076923077
2552,46,49,4,50,54,4,3.5
2553,46,49,5,54,59,5,3.2
2554,46,49,6,59,68,9,3.111111111111111
2555,46,49,7,68,75,7,3.142857142857143
2556,46,49,8,75,100,25,3.04
2557,46,49,9,100,113,13,3.0
2558,46,49,10,113,125,12,2.9166666666666665
2559,46,49,11,125,129,4,3.5
2560,46,49,12,129,137,8,3.125
2561,46,49,13,137,150,13,3.076923076923077
2562,46,49,14,150,163,13,3.1538461538461537
2563,46,49,15,163,175,12,3.0
2564,46,49,16,175,188,13,3.0
2565,46,49,17,188,200,12,3.0833333333333335
2566,46,49,18,200,204,4,2.75
2567,46,49,19,204,213,9,2.0
2568,46,49,20,213,226,13,2.0
2569,46,49,21,226,239,13,2.923076923076923
2570,46,49,22,239,251,12,3.0
2571,46,49,23,251,264,13,3.076923076923077
2572,46,49,24,264,276,12,3.0
2573,46,49,25,276,288,12,2.0833333333333335
2574,46,49,26,288,301,13,3.0
2575,46,49,27,301,305,4,2.5
2576,46,49,28,305,309,4,2.5
2577,46,49,29,309,326,17,2.0
2578,46,49,30,326,339,13,3.0
2579,46,49,31,339,351,12,3.0833333333333335
2580,46,49,32,351,355,4,3.0
2581,46,49,33,355,360,5,3.2
2582,46,49,34,360,369,9,3.111111111111111
2583,46,49,35,369,376,7,3.142857142857143
2584,46,49,36,376,389,13,2.1538461538461537
2585,46,49,37,389,401,12,3.0
2586,46,49,38,401,405,4,3.75
2587,46,49,39,405,426,21,3.0
2588,46,49,40,426,438,12,3.0833333333333335
2589,46,49,41,438,444,6,3.1666666666666665
2590,46,49,42,444,451,7,3.142857142857143
2591,46,49,43,451,476,25,3.04
2592,46,49,44,476,489,13,3.1538461538461537
2593,46,49,45,489,495,6,3.0
2594,46,49,46,495,501,6,3.1666666666666665
2595,46,49,47,501,519,18,3.0555555555555554
2596,46,49,48,519,526,7,3.142857142857143
2597,46,49,49,526,530,4,2.5
2598,46,49,50,530,534,4,2.5
2599,46,49,51,534,550,16,2.0
2600,454,50,0,0,4,4,2.25
2601,454,50,1,4,25,21,2.0
2602,454,50,2,25,37,12,3.0
2603,454,50,3,37,50,13,3.076923076923077
2604,454,50,4,50,54,4,3.5
2605,454,50,5,54,59,5,3.2
2606,454,50,6,59,68,9,3.111111111111111
2607,454,50,7,68,75,7,3.142857142857143
2608,454,50,8,75,100,25,3.04
2609,454,50,9,100,113,13,3.0
2610,454,50,10,113,125,12,2.9166666666666665
2611,454,50,11,125,129,4,3.5
2612,454,50,12,129,137,8,3.125
2613,454,50,13,137,150,13,3.076923076923077
2614,454,50,14,150,163,13,3.1538461538461537
2615,454,50,15,163,175,12,3.0
2616,454,50,16,175,188,13,3.0
2617,454,50,17,188,200,12,3.0833333333333335
2618,454,50,18,200,204,4,2.75
2619,454,50,19,204,213,9,2.0
2620,454,50,20,213,226,13,2.0
2621,454,50,21,226,239,13,2.923076923076923
2622,454,50,22,239,251,12,3.0
2623,454,50,23,251,264,13,3.076923076923077
2624,454,50,24,264,276,12,3.0
2625,454,50,25,276,288,12,2.0833333333333335
2626,454,50,26,288,301,13,3.0
2627,454,50,27,301,305,4,2.5
2628,454,50,28,305,309,4,2.5
2629,454,50,29,309,326,17,2.0
2630,454,50,30,326,339,13,3.0
2631,454,50,31,339,351,12,3.0833333333333335
2632,454,50,32,351,355,4,3.0
2633,454,50,33,355,360,5,3.2
2634,454,50,34,360,369,9,3.111111111111111
2635,454,50,35,369,376,7,3.142857142857143
2636,454,50,36,376,389,13,2.1538461538461537
2637,454,50,37,389,401,12,3.0
2638,454,50,38,401,405,4,3.75
2639,454,50,39,405,426,21,3.0
2640,454,50,40,426,438,12,3.0833333333333335
2641,454,50,41,438,444,6,3.1666666666666665
2642,454,50,42,444,451,7,3.142857142857143
2643,454,50,43,451,476,25,3.04
2644,454,50,44,476,489,13,3.1538461538461537
2645,454,50,45,489,495,6,3.0
2646,454,50,46,495,501,6,3.1666666666666665
2647,454,50,47,501,519,18,3.0555555555555554
2648,454,50,48,519,526,7,3.142857142857143
2649,454,50,49,526,530,4,2.5
2650,454,50,50,530,534,4,2.5
2651,454,50,51,534,550,16,2.0
2652,194,51,0,0,4,4,2.25
2653,194,51,1,4,25,21,2.0
2654,194,51,2,25,37,12,3.0
2655,194,51,3,37,50,13,3.076923076923077
2656,194,51,4,50,54,4,3.5
2657,194,51,5,54,59,5,3.2
2658,194,51,6,59,68,9,3.111111111111111
2659,194,51,7,68,75,7,3.142857142857143
2660,194,51,8,75,100,25,3.04
2661,194,51,9,100,113,13,3.0
2662,194,51,10,113,125,12,2.9166666666666665
2663,194,51,11,125,129,4,3.5
2664,194,51,12,129,137,8,3.125
2665,194,51,13,137,150,13,3.076923076923077
2666,194,51,14,150,163,13,3.1538461538461537
2667,194,51,15,163,175,12,3.0
2668,194,51,16,175,188,13,3.0
2669,194,51,17,188,200,12,3.0833333333333335
2670,194,51,18,200,204,4,2.75
2671,194,51,19,204,213,9,2.0
2672,194,51,20,213,226,13,2.0
2673,194,51,21,226,239,13,2.923076923076923
2674,194,51,22,239,251,12,3.0
2675,194,51,23,251,264,13,3.076923076923077
2676,194,51,24,264,276,12,3.0
2677,194,51,25,276,288,12,2.0833333333333335
2678,194,51,26,288,301,13,3.0
2679,194,51,27,301,305,4,2.5
2680,194,51,28,305,309,4,2.5
2681,194,51,29,309,326,17,2.0
2682,194,51,30,326,339,13,3.0
2683,194,51,31,339,351,12,3.0833333333333335
2684,194,51,32,351,355,4,3.0
2685,194,51,33,355,360,5,3.2
2686,194,51,34,360,369,9,3.111111111111111
2687,194,51,35,369,376,7,3.142857142857143
2688,194,51,36,376,389,13,2.1538461538461537
2689,194,51,37,389,401,12,3.0
2690,194,51,38,401,405,4,3.75
2691,194,51,39,405,426,21,3.0
2692,194,51,40,426,438,12,3.0833333333333335
2693,194,51,41,438,444,6,3.1666666666666665
2694,194,51,42,444,451,7,3.142857142857143
2695,194,51,43,451,476,25,3.04
2696,194,51,44,476,489,13,3.1538461538461537
2697,194,51,45,489,495,6,3.0
2698,194,51,46,495,501,6,3.1666666666666665
2699,194,51,47,501,519,18,3.0555555555555554
2700,194,51,48,519,526,7,3.142857142857143
2701,194,51,49,526,530,4,2.5
2702,194,51,50,530,534,4,2.5
2703,194,51,51,534,550,16,2.0
2704,36,52,0,0,4,4,2.25
2705,36,52,1,4,25,21,2.0
2706,36,52,2,25,37,12,3.0
2707,36,52,3,37,50,13,3.076923076923077
2708,36,52,4,50,54,4,3.5
2709,36,52,5,54,59,5,3.2
2710,36,52,6,59,68,9,3.111111111111111
2711,36,52,7,68,75,7,3.142857142857143
2712,36,52,8,75,100,25,3.04
2713,36,52,9,100,113,13,3.0
2714,36,52,10,113,125,12,2.9166666666666665
2715,36,52,11,125,129,4,3.5
2716,36,52,12,129,137,8,3.125
2717,36,52,13,137,150,13,3.076923076923077
2718,36,52,14,150,163,13,3.1538461538461537
2719,36,52,15,163,175,12,3.0
2720,36,52,16,175,188,13,3.0
2721,36,52,17,188,200,12,3.0833333333333335
2722,36,52,18,200,204,4,2.75
2723,36,52,19,204,213,9,2.0
2724,36,52,20,213,226,13,2.0
2725,36,52,21,226,239,13,2.923076923076923
2726,36,52,22,239,251,12,3.0
2727,36,52,23,251,264,13,3.076923076923077
2728,36,52,24,264,276,12,3.0
2729,36,52,25,276,288,12,2.0833333333333335
2730,36,52,26,288,301,13,3.0
2731,36,52,27,301,305,4,2.5
2732,36,52,28,305,309,4,2.5
2733,36,52,29,309,326,17,2.0
2734,36,52,30,326,339,13,3.0
2735,36,52,31,339,351,12,3.0833333333333335
2736,36,52,32,351,355,4,3.0
2737,36,52,33,355,360,5,3.2
2738,36,52,34,360,369,9,3.111111111111111
2739,36,52,35,369,376,7,3.142857142857143
2740,36,52,36,376,389,13,2.1538461538461537
2741,36,52,37,389,401,12,3.0
2742,36,52,38,401,405,4,3.75
2743,36,52,39,405,426,21,3.0
2744,36,52,40,426,438,12,3.0833333333333335
2745,36,52,41,438,444,6,3.1666666666666665
2746,36,52,42,444,451,7,3.142857142857143
2747,36,52,43,451,476,25,3.04
2748,36,52,44,476,489,13,3.1538461538461537
2749,36,52,45,489,495,6,3.0
2750,36,52,46,495,501,6,3.1666666666666665
2751,36,52,47,501,519,18,3.0555555555555554
2752,36,52,48,519,526,7,3.142857142857143
2753,36,52,49,526,530,4,2.5
2754,36,52,50,530,534,4,2.5
2755,36,52,51,534,550,16,2.0
2756,398,53,0,0,4,4,2.25
2757,398,53,1,4,25,21,2.0
2758,398,53,2,25,37,12,3.0
2759,398,53,3,37,50,13,3.076923076923077
2760,398,53,4,50,54,4,3.5
2761,398,53,5,54,59,5,3.2
2762,398,53,6,59,68,9,3.111111111111111
2763,398,53,7,68,75,7,3.142857142857143
2764,398,53,8,75,100,25,3.04
2765,398,53,9,100,113,13,3.0
2766,398,53,10,113,125,12,2.9166666666666665
2767,398,53,11,125,129,4,3.5
2768,398,53,12,129,137,8,3.125
2769,398,53,13,137,150,13,3.076923076923077
2770,398,53,14,150,163,13,3.1538461538461537
2771,398,53,15,163,175,12,3.0
2772,398,53,16,175,188,13,3.0
2773,398,53,17,188,200,12,3.0833333333333335
2774,398,53,18,200,204,4,2.75
2775,398,53,19,204,213,9,2.0
2776,398,53,20,213,226,13,2.0
2777,398,53,21,226,239,13,2.923076923076923
2778,398,53,22,239,251,12,3.0
2779,398,53,23,251,264,13,3.076923076923077
2780,398,53,24,264,276,12,3.0
2781,398,53,25,276,288,12,2.0833333333333335
2782,398,53,26,288,301,13,3.0
2783,398,53,27,301,305,4,2.5
2784,398,53,28,305,309,4,2.5
2785,398,53,29,309,326,17,2.0
2786,398,53,30,326,339,13,3.0
2787,398,53,31,339,351,12,3.0833333333333335
2788,398,53,32,351,355,4,3.0
2789,398,53,33,355,360,5,3.2
2790,398,53,34,360,369,9,3.111111111111111
2791,398,53,35,369,376,7,3.142857142857143
2792,398,53,36,376,389,13,2.1538461538461537
2793,398,53,37,389,401,12,3.0
2794,398,53,38,401,405,4,3.75
2795,398,53,39,405,426,21,3.0
2796,398,53,40,426,438,12,3.0833333333333335
2797,398,53,41,438,444,6,3.1666666666666665
2798,398,53,42,444,451,7,3.142857142857143
2799,398,53,43,451,476,25,3.04
2800,398,53,44,476,489,13,3.1538461538461537
2801,398,53,45,489,495,6,3.0
2802,398,53,46,495,501,6,3.1666666666666665
2803,398,53,47,501,519,18,3.0555555555555554
2804,398,53,48,519,526,7,3.142857142857143
2805,398,53,49,526,530,4,2.5
2806,398,53,50,530,534,4,2.5
2807,398,53,51,534,550,16,2.0
2808,360,54,0,0,4,4,2.25
2809,360,54,1,4,25,21,2.0
2810,360,54,2,25,37,12,3.0
2811,360,54,3,37,50,13,3.076923076923077
2812,360,54,4,50,54,4,3.5
2813,360,54,5,54,59,5,3.2
2814,360,54,6,59,68,9,3.111111111111111
2815,360,54,7,68,75,7,3.142857142857143
2816,360,54,8,75,100,25,3.04
2817,360,54,9,100,113,13,3.0
2818,360,54,10,113,125,12,2.9166666666666665
2819,360,54,11,125,129,4,3.5
2820,360,54,12,129,137,8,3.125
2821,360,54,13,137,150,13,3.076923076923077
2822,360,54,14,150,163,13,3.1538461538461537
2823,360,54,15,163,175,12,3.0
2824,360,54,16,175,188,13,3.0
2825,360,54,17,188,200,12,3.0833333333333335
2826,360,54,18,200,204,4,2.75
2827,360,54,19,204,213,9,2.0
2828,360,54,20,213,226,13,2.0
2829,360,54,21,226,239,13,2.923076923076923
2830,360,54,22,239,251,12,3.0
2831,360,54,23,251,264,13,3.076923076923077
2832,360,54,24,264,276,12,3.0
2833,360,54,25,276,288,12,2.0833333333333335
2834,360,54,26,288,301,13,3.0
2835,360,54,27,301,305,4,2.5
2836,360,54,28,305,309,4,2.5
2837,360,54,29,309,326,17,2.0
2838,360,54,30,326,339,13,3.0
2839,360,54,31,339,351,12,3.0833333333333335
2840,360,54,32,351,355,4,3.0
2841,360,54,33,355,360,5,3.2
2842,360,54,34,360,369,9,3.111111111111111
2843,360,54,35,369,376,7,3.142857142857143
2844,360,54,36,376,389,13,2.1538461538461537
2845,360,54,37,389,401,12,3.0
2846,360,54,38,401,405,4,3.75
2847,360,54,39,405,426,21,3.0
2848,360,54,40,426,438,12,3.0833333333333335
2849,360,54,41,438,444,6,3.1666666666666665
2850,360,54,42,444,451,7,3.142857142857143
2851,360,54,43,451,476,25,3.04
2852,360,54,44,476,489,13,3.1538461538461537
2853,360,54,45,489,495,6,3.0
2854,360,54,46,495,501,6,3.1666666666666665
2855,360,54,47,501,519,18,3.0555555555555554
2856,360,54,48,519,526,7,3.142857142857143
2857,360,54,49,526,530,4,2.5
2858,360,54,50,530,534,4,2.5
2859,360,54,51,534,550,16,2.0
2860,178,55,0,0,4,4,2.25
2861,178,55,1,4,25,21,2.0
2862,178,55,2,25,37,12,3.0
2863,178,55,3,37,50,13,3.076923076923077
2864,178,55,4,50,54,4,3.5
2865,178,55,5,54,59,5,3.2
2866,178,55,6,59,68,9,3.111111111111111
2867,178,55,7,68,75,7,3.142857142857143
2868,178,55,8,75,100,25,3.04
2869,178,55,9,100,113,13,3.0
2870,178,55,10,113,125,12,2.9166666666666665
2871,178,55,11,125,129,4,3.5
2872,178,55,12,129,137,8,3.125
2873,178,55,13,137,150,13,3.076923076923077
2874,178,55,14,150,163,13,3.1538461538461537
2875,178,55,15,163,175,12,3.0
2876,178,55,16,175,188,13,3.0
2877,178,55,17,188,200,12,3.0833333333333335
2878,178,55,18,200,204,4,2.75
2879,178,55,19,204,213,9,2.0
2880,178,55,20,213,226,13,2.0
2881,178,55,21,226,239,13,2.923076923076923
2882,178,55,22,239,251,12,3.0
2883,178,55,23,251,264,13,3.076923076923077
2884,178,55,24,264,276,12,3.0
2885,178,55,25,276,288,12,2.0833333333333335
2886,178,55,26,288,301,13,3.0
2887,178,55,27,301,305,4,2.5
2888,178,55,28,305,309,4,2.5
2889,178,55,29,309,326,17,2.0
2890,178,55,30,326,339,13,3.0
2891,178,55,31,339,351,12,3.0833333333333335
2892,178,55,32,351,355,4,3.0
2893,178,55,33,355,360,5,3.2
2894,178,55,34,360,369,9,3.111111111111111
2895,178,55,35,369,376,7,3.142857142857143
2896,178,55,36,376,389,13,2.1538461538461537
2897,178,55,37,389,401,12,3.0
2898,178,55,38,401,405,4,3.75
2899,178,55,39,405,426,21,3.0
2900,178,55,40,426,438,12,3.0833333333333335
2901,178,55,41,438,444,6,3.1666666666666665
2902,178,55,42,444,451,7,3.142857142857143
2903,178,55,43,451,476,25,3.04
2904,178,55,44,476,489,13,3.1538461538461537
2905,178,55,45,489,495,6,3.0
2906,178,55,46,495,501,6,3.1666666666666665
2907,178,55,47,501,519,18,3.0555555555555554
2908,178,55,48,519,526,7,3.142857142857143
2909,178,55,49,526,530,4,2.5
2910,178,55,50,530,534,4,2.5
2911,178,55,51,534,550,16,2.0
2912,324,56,0,0,4,4,2.25
2913,324,56,1,4,25,21,2.0
2914,324,56,2,25,37,12,3.0
2915,324,56,3,37,50,13,3.076923076923077
2916,324,56,4,50,54,4,3.5
2917,324,56,5,54,59,5,3.2
2918,324,56,6,59,68,9,3.111111111111111
2919,324,56,7,68,75,7,3.142857142857143
2920,324,56,8,75,100,25,3.04
2921,324,56,9,100,113,13,3.0
2922,324,56,10,113,125,12,2.9166666666666665
2923,324,56,11,125,129,4,3.5
2924,324,56,12,129,137,8,3.125
2925,324,56,13,137,150,13,3.076923076923077
2926,324,56,14,150,163,13,3.1538461538461537
2927,324,56,15,163,175,12,3.0
2928,324,56,16,175,188,13,3.0
2929,324,56,17,188,200,12,3.0833333333333335
2930,324,56,18,200,204,4,2.75
2931,324,56,19,204,213,9,2.0
2932,324,56,20,213,226,13,2.0
2933,324,56,21,226,239,13,2.923076923076923
2934,324,56,22,239,251,12,3.0
2935,324,56,23,251,264,13,3.076923076923077
2936,324,56,24,264,276,12,3.0
2937,324,56,25,276,288,12,2.0833333333333335
2938,324,56,26,288,301,13,3.0
2939,324,56,27,301,305,4,2.5
2940,324,56,28,305,309,4,2.5
2941,324,56,29,309,326,17,2.0
2942,324,56,30,326,339,13,3.0
2943,324,56,31,339,351,12,3.0833333333333335
2944,324,56,32,351,355,4,3.0
2945,324,56,33,355,360,5,3.2
2946,324,56,34,360,369,9,3.111111111111111
2947,324,56,35,369,376,7,3.142857142857143
2948,324,56,36,376,389,13,2.1538461538461537
2949,324,56,37,389,401,12,3.0
2950,324,56,38,401,405,4,3.75
2951,324,56,39,405,426,21,3.0
2952,324,56,40,426,438,12,3.0833333333333335
2953,324,56,41,438,444,6,3.1666666666666665
2954,324,56,42,444,451,7,3.142857142857143
2955,324,56,43,451,476,25,3.04
2956,324,56,44,476,489,13,3.1538461538461537
2957,324,56,45,489,495,6,3.0
2958,324,56,46,495,501,6,3.1666666666666665
2959,324,56,47,501,519,18,3.0555555555555554
2960,324,56,48,519,526,7,3.142857142857143
2961,324,56,49,526,530,4,2.5
2962,324,56,50,530,534,4,2.5
2963,324,56,51,534,550,16,2.0
2964,365,57,0,0,4,4,2.25
2965,365,57,1,4,25,21,2.0
2966,365,57,2,25,37,12,3.0
2967,365,57,3,37,50,13,3.076923076923077
2968,365,57,4,50,54,4,3.5
2969,365,57,5,54,59,5,3.2
2970,365,57,6,59,68,9,3.111111111111111
2971,365,57,7,68,75,7,3.142857142857143
2972,365,57,8,75,100,25,3.04
2973,365,57,9,100,113,13,3.0
2974,365,57,10,113,125,12,2.9166666666666665
2975,365,57,11,125,129,4,3.5
2976,365,57,12,129,137,8,3.125
2977,365,57,13,137,150,13,3.076923076923077
2978,365,57,14,150,163,13,3.1538461538461537
2979,365,57,15,163,175,12,3.0
2980,365,57,16,175,188,13,3.0
2981,365,57,17,188,200,12,3.0833333333333335
2982,365,57,18,200,204,4,2.75
2983,365,57,19,204,213,9,2.0
2984,365,57,20,213,226,13,2.0
2985,365,57,21,226,239,13,2.923076923076923
2986,365,57,22,239,251,12,3.0
2987,365,57,23,251,264,13,3.076923076923077
2988,365,57,24,264,276,12,3.0
2989,365,57,25,276,288,12,2.0833333333333335
2990,365,57,26,288,301,13,3.0
2991,365,57,27,301,305,4,2.5
2992,365,57,28,305,309,4,2.5
2993,365,57,29,309,326,17,2.0
2994,365,57,30,326,339,13,3.0
2995,365,57,31,339,351,12,3.0833333333333335
2996,365,57,32,351,355,4,3.0
2997,365,57,33,355,360,5,3.2
2998,365,57,34,360,369,9,3.111111111111111
2999,365,57,35,369,376,7,3.142857142857143
3000,365,57,36,376,389,13,2.1538461538461537
3001,365,57,37,389,401,12,3.0
3002,365,57,38,401,405,4,3.75
3003,365,57,39,405,426,21,3.0
3004,365,57,40,426,438,12,3.0833333333333335
3005,365,57,41,438,444,6,3.1666666666666665
3006,365,57,42,444,451,7,3.142857142857143
3007,365,57,43,451,476,25,3.04
3008,365,57,44,476,489,13,3.1538461538461537
3009,365,57,45,489,495,6,3.0
3010,365,57,46,495,501,6,3.1666666666666665
3011,365,57,47,501,519,18,3.0555555555555554
3012,365,57,48,519,526,7,3.142857142857143
3013,365,57,49,526,530,4,2.5
3014,365,57,50,530,534,4,2.5
3015,365,57,51,534,550,16,2.0
3016,432,58,0,0,4,4,2.25
3017,432,58,1,4,25,21,2.0
3018,432,58,2,25,37,12,3.0
3019,432,58,3,37,50,13,3.076923076923077
3020,432,58,4,50,54,4,3.5
3021,432,58,5,54,59,5,3.2
3022,432,58,6,59,68,9,3.111111111111111
3023,432,58,7,68,75,7,3.142857142857143
3024,432,58,8,75,100,25,3.04
3025,432,58,9,100,113,13,3.0
3026,432,58,10,113,125,12,2.9166666666666665
3027,432,58,11,125,129,4,3.5
3028,432,58,12,129,137,8,3.125
3029,432,58,13,137,150,13,3.076923076923077
3030,432,58,14,150,163,13,3.1538461538461537
3031,432,58,15,163,175,12,3.0
3032,432,58,16,175,188,13,3.0
3033,432,58,17,188,200,12,3.0833333333333335
3034,432,58,18,200,204,4,2.75
3035,432,58,19,204,213,9,2.0
3036,432,58,20,213,226,13,2.0
3037,432,58,21,226,239,13,2.923076923076923
3038,432,58,22,239,251,12,3.0
3039,432,58,23,251,264,13,3.076923076923077
3040,432,58,24,264,276,12,3.0
3041,432,58,25,276,288,12,2.0833333333333335
3042,432,58,26,288,301,13,3.0
3043,432,58,27,301,305,4,2.5
3044,432,58,28,305,309,4,2.5
3045,432,58,29,309,326,17,2.0
3046,432,58,30,326,339,13,3.0
3047,432,58,31,339,351,12,3.0833333333333335
3048,432,58,32,351,355,4,3.0
3049,432,58,33,355,360,5,3.2
3050,432,58,34,360,369,9,3.111111111111111
3051,432,58,35,369,376,7,3.142857142857143
3052,432,58,36,376,389,13,2.1538461538461537
3053,432,58,37,389,401,12,3.0
3054,432,58,38,401,405,4,3.75
3055,432,58,39,405,426,21,3.0
3056,432,58,40,426,438,12,3.0833333333333335
3057,432,58,41,438,444,6,3.1666666666666665
3058,432,58,42,444,451,7,3.142857142857143
3059,432,58,43,451,476,25,3.04
3060,432,58,44,476,489,13,3.1538461538461537
3061,432,58,45,489,495,6,3.0
3062,432,58,46,495,501,6,3.1666666666666665
3063,432,58,47,501,519,18,3.0555555555555554
3064,432,58,48,519,526,7,3.142857142857143
3065,432,58,49,526,530,4,2.5
3066,432,58,50,530,534,4,2.5
3067,432,58,51,534,550,16,2.0
3068,291,59,0,0,4,4,2.25
3069,291,59,1,4,25,21,2.0
3070,291,59,2,25,37,12,3.0
3071,291,59,3,37,50,13,3.076923076923077
3072,291,59,4,50,54,4,3.5
3073,291,59,5,54,59,5,3.2
3074,291,59,6,59,68,9,3.111111111111111
3075,291,59,7,68,75,7,3.142857142857143
3076,291,59,8,75,100,25,3.04
3077,291,59,9,100,113,13,3.0
3078,291,59,10,113,125,12,2.9166666666666665
3079,291,59,11,125,129,4,3.5
3080,291,59,12,129,137,8,3.125
3081,291,59,13,137,150,13,3.076923076923077
3082,291,59,14,150,163,13,3.1538461538461537
3083,291,59,15,163,175,12,3.0
3084,291,59,16,175,188,13,3.0
3085,291,59,17,188,200,12,3.0833333333333335
3086,291,59,18,200,204,4,2.75
3087,291,59,19,204,213,9,2.0
3088,291,59,20,213,226,13,2.0
3089,291,59,21,226,239,13,2.923076923076923
3090,291,59,22,239,251,12,3.0
3091,291,59,23,251,264,13,3.076923076923077
3092,291,59,24,264,276,12,3.0
3093,291,59,25,276,288,12,2.0833333333333335
3094,291,59,26,288,301,13,3.0
3095,291,59,27,301,305,4,2.5
3096,291,59,28,305,309,4,2.5
3097,291,59,29,309,326,17,2.0
3098,291,59,30,326,339,13,3.0
3099,291,59,31,339,351,12,3.0833333333333335
3100,291,59,32,351,355,4,3.0
3101,291,59,33,355,360,5,3.2
3102,291,59,34,360,369,9,3.111111111111111
3103,291,59,35,369,376,7,3.142857142857143
3104,291,59,36,376,389,13,2.1538461538461537
3105,291,59,37,389,401,12,3.0
3106,291,59,38,401,405,4,3.75
3107,291,59,39,405,426,21,3.0
3108,291,59,40,426,438,12,3.0833333333333335
3109,291,59,41,438,444,6,3.1666666666666665
3110,291,59,42,444,451,7,3.142857142857143
3111,291,59,43,451,476,25,3.04
3112,291,59,44,476,489,13,3.1538461538461537
3113,291,59,45,489,495,6,3.0
3114,291,59,46,495,501,6,3.1666666666666665
3115,291,59,47,501,519,18,3.0555555555555554
3116,291,59,48,519,526,7,3.142857142857143
3117,291,59,49,526,530,4,2.5
3118,291,59,50,530,534,4,2.5
3119,291,59,51,534,550,16,2.0
3120,0,60,0,0,4,4,2.25
3121,0,60,1,4,25,21,2.0
3122,0,60,2,25,37,12,3.0
3123,0,60,3,37,50,13,3.076923076923077
3124,0,60,4,50,54,4,3.5
3125,0,60,5,54,59,5,3.2
3126,0,60,6,59,68,9,3.111111111111111
3127,0,60,7,68,75,7,3.142857142857143
3128,0,60,8,75,100,25,3.04
3129,0,60,9,100,113,13,3.0
3130,0,60,10,113,125,12,2.9166666666666665
3131,0,60,11,125,129,4,3.5
3132,0,60,12,129,137,8,3.125
3133,0,60,13,137,150,13,3.076923076923077
3134,0,60,14,150,163,13,3.1538461538461537
3135,0,60,15,163,175,12,3.0
3136,0,60,16,175,188,13,3.0
3137,0,60,17,188,200,12,3.0833333333333335
3138,0,60,18,200,204,4,2.75
3139,0,60,19,204,213,9,2.0
3140,0,60,20,213,226,13,2.0
3141,0,60,21,226,239,13,2.923076923076923
3142,0,60,22,239,251,12,3.0
3143,0,60,23,251,264,13,3.076923076923077
3144,0,60,24,264,276,12,3.0
3145,0,60,25,276,288,12,2.0833333333333335
3146,0,60,26,288,301,13,3.0
3147,0,60,27,301,305,4,2.5
3148,0,60,28,305,309,4,2.5
3149,0,60,29,309,326,17,2.0
3150,0,60,30,326,339,13,3.0
3151,0,60,31,339,351,12,3.0833333333333335
3152,0,60,32,351,355,4,3.0
3153,0,60,33,355,360,5,3.2
3154,0,60,34,360,369,9,3.111111111111111
3155,0,60,35,369,376,7,3.142857142857143
3156,0,60,36,376,389,13,2.1538461538461537
3157,0,60,37,389,401,12,3.0
3158,0,60,38,401,405,4,3.75
3159,0,60,39,405,426,21,3.0
3160,0,60,40,426,438,12,3.0833333333333335
3161,0,60,41,438,444,6,3.1666666666666665
3162,0,60,42,444,451,7,3.142857142857143
3163,0,60,43,451,476,25,3.04
3164,0,60,44,476,489,13,3.1538461538461537
3165,0,60,45,489,495,6,3.0
3166,0,60,46,495,501,6,3.1666666666666665
3167,0,60,47,501,519,18,3.0555555555555554
3168,0,60,48,519,526,7,3.142857142857143
3169,0,60,49,526,530,4,2.5
3170,0,60,50,530,534,4,2.5
3171,0,60,51,534,550,16,2.0
3172,193,61,0,0,4,4,2.25
3173,193,61,1,4,25,21,2.0
3174,193,61,2,25,37,12,3.0
3175,193,61,3,37,50,13,3.076923076923077
3176,193,61,4,50,54,4,3.5
3177,193,61,5,54,59,5,3.2
3178,193,61,6,59,68,9,3.111111111111111
3179,193,61,7,68,75,7,3.142857142857143
3180,193,61,8,75,100,25,3.04
3181,193,61,9,100,113,13,3.0
3182,193,61,10,113,125,12,2.9166666666666665
3183,193,61,11,125,129,4,3.5
3184,193,61,12,129,137,8,3.125
3185,193,61,13,137,150,13,3.076923076923077
3186,193,61,14,150,163,13,3.1538461538461537
3187,193,61,15,163,175,12,3.0
3188,193,61,16,175,188,13,3.0
3189,193,61,17,188,200,12,3.0833333333333335
3190,193,61,18,200,204,4,2.75
3191,193,61,19,204,213,9,2.0
3192,193,61,20,213,226,13,2.0
3193,193,61,21,226,239,13,2.923076923076923
3194,193,61,22,239,251,12,3.0
3195,193,61,23,251,264,13,3.076923076923077
3196,193,61,24,264,276,12,3.0
3197,193,61,25,276,288,12,2.0833333333333335
3198,193,61,26,288,301,13,3.0
3199,193,61,27,301,305,4,2.5
3200,193,61,28,305,309,4,2.5
3201,193,61,29,309,326,17,2.0
3202,193,61,30,326,339,13,3.0
3203,193,61,31,339,351,12,3.0833333333333335
3204,193,61,32,351,355,4,3.0
3205,193,61,33,355,360,5,3.2
3206,193,61,34,360,369,9,3.111111111111111
3207,193,61,35,369,376,7,3.142857142857143
3208,193,61,36,376,389,13,2.1538461538461537
3209,193,61,37,389,401,12,3.0
3210,193,61,38,401,405,4,3.75
3211,193,61,39,405,426,21,3.0
3212,193,61,40,426,438,12,3.0833333333333335
3213,193,61,41,438,444,6,3.1666666666666665
3214,193,61,42,444,451,7,3.142857142857143
3215,193,61,43,451,476,25,3.04
3216,193,61,44,476,489,13,3.1538461538461537
3217,193,61,45,489,495,6,3.0
3218,193,61,46,495,501,6,3.1666666666666665
3219,193,61,47,501,519,18,3.0555555555555554
3220,193,61,48,519,526,7,3.142857142857143
3221,193,61,49,526,530,4,2.5
3222,193,61,50,530,534,4,2.5
3223,193,61,51,534,550,16,2.0
3224,406,62,0,0,4,4,2.25
3225,406,62,1,4,25,21,2.0
3226,406,62,2,25,37,12,3.0
3227,406,62,3,37,50,13,3.076923076923077
3228,406,62,4,50,54,4,3.5
3229,406,62,5,54,59,5,3.2
3230,406,62,6,59,68,9,3.111111111111111
3231,406,62,7,68,75,7,3.142857142857143
3232,406,62,8,75,100,25,3.04
3233,406,62,9,100,113,13,3.0
3234,406,62,10,113,125,12,2.9166666666666665
3235,406,62,11,125,129,4,3.5
3236,406,62,12,129,137,8,3.125
3237,406,62,13,137,150,13,3.076923076923077
3238,406,62,14,150,163,13,3.1538461538461537
3239,406,62,15,163,175,12,3.0
3240,406,62,16,175,188,13,3.0
3241,406,62,17,188,200,12,3.0833333333333335
3242,406,62,18,200,204,4,2.75
3243,406,62,19,204,213,9,2.0
3244,406,62,20,213,226,13,2.0
3245,406,62,21,226,239,13,2.923076923076923
3246,406,62,22,239,251,12,3.0
3247,406,62,23,251,264,13,3.076923076923077
3248,406,62,24,264,276,12,3.0
3249,406,62,25,276,288,12,2.0833333333333335
3250,406,62,26,288,301,13,3.0
3251,406,62,27,301,305,4,2.5
3252,406,62,28,305,309,4,2.5
3253,406,62,29,309,326,17,2.0
3254,406,62,30,326,339,13,3.0
3255,406,62,31,339,351,12,3.0833333333333335
3256,406,62,32,351,355,4,3.0
3257,406,62,33,355,360,5,3.2
3258,406,62,34,360,369,9,3.111111111111111
3259,406,62,35,369,376,7,3.142857142857143
3260,406,62,36,376,389,13,2.1538461538461537
3261,406,62,37,389,401,12,3.0
3262,406,62,38,401,405,4,3.75
3263,406,62,39,405,426,21,3.0
3264,406,62,40,426,438,12,3.0833333333333335
3265,406,62,41,438,444,6,3.1666666666666665
3266,406,62,42,444,451,7,3.142857142857143
3267,406,62,43,451,476,25,3.04
3268,406,62,44,476,489,13,3.1538461538461537
3269,406,62,45,489,495,6,3.0
3270,406,62,46,495,501,6,3.1666666666666665
3271,406,62,47,501,519,18,3.0555555555555554
3272,406,62,48,519,526,7,3.142857142857143
3273,406,62,49,526,530,4,2.5
3274,406,62,50,530,534,4,2.5
3275,406,62,51,534,550,16,2.0
3276,424,63,0,0,4,4,2.25
3277,424,63,1,4,25,21,2.0
3278,424,63,2,25,37,12,3.0
3279,424,63,3,37,50,13,3.076923076923077
3280,424,63,4,50,54,4,3.5
3281,424,63,5,54,59,5,3.2
3282,424,63,6,59,68,9,3.111111111111111
3283,424,63,7,68,75,7,3.142857142857143
3284,424,63,8,75,100,25,3.04
3285,424,63,9,100,113,13,3.0
3286,424,63,10,113,125,12,2.9166666666666665
3287,424,63,11,125,129,4,3.5
3288,424,63,12,129,137,8,3.125
3289,424,63,13,137,150,13,3.076923076923077
3290,424,63,14,150,163,13,3.1538461538461537
3291,424,63,15,163,175,12,3.0
3292,424,63,16,175,188,13,3.0
3293,424,63,17,188,200,12,3.0833333333333335
3294,424,63,18,200,204,4,2.75
3295,424,63,19,204,213,9,2.0
3296,424,63,20,213,226,13,2.0
3297,424,63,21,226,239,13,2.923076923076923
3298,424,63,22,239,251,12,3.0
3299,424,63,23,251,264,13,3.076923076923077
3300,424,63,24,264,276,12,3.0
3301,424,63,25,276,288,12,2.0833333333333335
3302,424,63,26,288,301,13,3.0
3303,424,63,27,301,305,4,2.5
3304,424,63,28,305,309,4,2.5
3305,424,63,29,309,326,17,2.0
3306,424,63,30,326,339,13,3.0
3307,424,63,31,339,351,12,3.0833333333333335
3308,424,63,32,351,355,4,3.0
3309,424,63,33,355,360,5,3.2
3310,424,63,34,360,369,9,3.111111111111111
3311,424,63,35,369,376,7,3.142857142857143
3312,424,63,36,376,389,13,2.1538461538461537
3313,424,63,37,389,401,12,3.0
3314,424,63,38,401,405,4,3.75
3315,424,63,39,405,426,21,3.0
3316,424,63,40,426,438,12,3.0833333333333335
3317,424,63,41,438,444,6,3.1666666666666665
3318,424,63,42,444,451,7,3.142857142857143
3319,424,63,43,451,476,25,3.04
3320,424,63,44,476,489,13,3.1538461538461537
3321,424,63,45,489,495,6,3.0
3322,424,63,46,495,501,6,3.1666666666666665
3323,424,63,47,501,519,18,3.0555555555555554
3324,424,63,48,519,526,7,3.142857142857143
3325,424,63,49,526,530,4,2.5
3326,424,63,50,530,534,4,2.5
3327,424,63,51,534,550,16,2.0
