mode,step,reward,target_keys,rp1m_piano_keys,sim_keys,action_l2,action_max_abs
zero,0,2.0764053698159604,"[22, 50]",[],[],0.0,0.0
zero,1,2.0868863159657454,"[22, 50]",[],[],0.0,0.0
zero,2,2.091364489406669,"[22, 50]",[],[],0.0,0.0
zero,3,2.103429756223277,"[22, 48, 50]",[],[],0.0,0.0
zero,4,2.1159180493394496,"[22, 48]",[48],[],0.0,0.0
zero,5,2.116612810572585,"[22, 48]",[48],[],0.0,0.0
zero,6,2.11723131460783,"[22, 48]","[23, 48]",[],0.0,0.0
zero,7,2.105913078315504,"[22, 50]","[22, 24, 48]",[],0.0,0.0
zero,8,2.09550487246994,"[22, 50]",[22],[],0.0,0.0
zero,9,2.095871196762527,"[22, 50]",[22],[],0.0,0.0
zero,10,2.0961993787000397,"[22, 50]","[22, 48, 50]",[],0.0,0.0
zero,11,2.096493404836811,"[22, 50]","[22, 50]",[],0.0,0.0
zero,12,2.0967568498471927,"[22, 50]","[22, 50]",[],0.0,0.0
zero,13,2.0969929181994216,"[22, 50]","[22, 50]",[],0.0,0.0
zero,14,2.0972044813427715,"[22, 50]","[22, 50]",[],0.0,0.0
zero,15,2.0973941098222033,"[22, 50]","[22, 50]",[],0.0,0.0
zero,16,2.097564103197736,"[22, 50]","[22, 50]",[],0.0,0.0
zero,17,2.097716520616143,"[22, 50]","[22, 50]",[],0.0,0.0
zero,18,2.097853204421748,"[22, 50]","[22, 50]",[],0.0,0.0
zero,19,2.097975802150838,"[22, 50]","[22, 50]",[],0.0,0.0
zero,20,2.0980857870277867,"[22, 50]","[22, 50]",[],0.0,0.0
zero,21,2.0981844764489153,"[22, 50]","[22, 50]",[],0.0,0.0
zero,22,2.098273048521963,"[22, 50]","[22, 50]",[],0.0,0.0
zero,23,2.098352556867083,"[22, 50]","[22, 50]",[],0.0,0.0
zero,24,2.0984239438612535,"[22, 50]","[22, 50]",[],0.0,0.0
zero,25,2.100950465205415,"[22, 34, 50]","[22, 50]",[],0.0,0.0
zero,26,2.101006374303016,"[22, 34, 50]","[22, 50]",[],0.0,0.0
zero,27,2.1010565350146324,"[22, 34, 50]","[22, 50]",[],0.0,0.0
zero,28,2.101101551522314,"[22, 34, 50]","[20, 22, 50]",[],0.0,0.0
zero,29,2.101141963091931,"[22, 34, 50]","[20, 22, 50]",[],0.0,0.0
zero,30,2.101178251183976,"[22, 34, 50]","[22, 50]",[],0.0,0.0
zero,31,2.1012108457760634,"[22, 34, 50]","[22, 50]",[],0.0,0.0
zero,32,2.1012401309842073,"[22, 34, 50]","[22, 50]",[],0.0,0.0
zero,33,2.1012664500606837,"[22, 34, 50]","[22, 50]",[],0.0,0.0
zero,34,2.1012901098379073,"[22, 34, 50]","[22, 50]",[],0.0,0.0
zero,35,2.10131138468014,"[22, 34, 50]","[22, 50]",[],0.0,0.0
zero,36,2.1013305199980894,"[22, 34, 50]","[22, 50]",[],0.0,0.0
zero,37,2.1027026422251383,"[22, 34, 50, 51]","[22, 50]",[],0.0,0.0
zero,38,2.0786256050360095,"[22, 34, 51]","[22, 50]",[],0.0,0.0
zero,39,2.078636331678938,"[22, 34, 51]","[22, 51]",[],0.0,0.0
zero,40,2.078645986916314,"[22, 34, 51]","[22, 51]",[],0.0,0.0
zero,41,2.0786546800191363,"[22, 34, 51]","[22, 51]",[],0.0,0.0
zero,42,2.0786625088519717,"[22, 34, 51]","[22, 51]",[],0.0,0.0
zero,43,2.0786695610940145,"[22, 34, 51]","[22, 51]",[],0.0,0.0
zero,44,2.0786759153260674,"[22, 34, 51]","[22, 51]",[],0.0,0.0
zero,45,2.0786816419984993,"[22, 34, 51]","[22, 51]",[],0.0,0.0
zero,46,2.0786868042935414,"[22, 34, 51]","[22, 51]",[],0.0,0.0
zero,47,2.0786914588937293,"[22, 34, 51]","[22, 51]",[],0.0,0.0
zero,48,2.0786956566669685,"[22, 34, 51]","[22, 51]",[],0.0,0.0
zero,49,2.078699443277503,"[22, 34, 51]","[22, 51]",[],0.0,0.0
zero,50,2.102231258983368,"[22, 31, 34, 50]","[22, 51]",[],0.0,0.0
zero,51,2.102235168676906,"[31, 34, 50]",[],[],0.0,0.0
zero,52,2.1491674570609707,"[31, 34, 50]",[50],[],0.0,0.0
zero,53,2.144959235268764,"[31, 34, 48, 50]","[34, 48, 50]",[],0.0,0.0
zero,54,2.1648680076115814,"[31, 34, 48]","[31, 34, 48, 50]",[],0.0,0.0
zero,55,2.164872141560829,"[31, 34, 48]","[31, 34, 36]",[],0.0,0.0
zero,56,2.1449700536863823,"[31, 34, 48, 50]","[31, 34, 48]",[],0.0,0.0
zero,57,2.1491863060308742,"[31, 34, 50]","[31, 34, 48]",[],0.0,0.0
zero,58,2.1491890525280173,"[31, 34, 50]","[31, 34, 48]",[],0.0,0.0
zero,59,2.1449780252732396,"[31, 34, 48, 50]","[31, 34, 48]",[],0.0,0.0
zero,60,2.164887522838927,"[31, 34, 48]","[31, 34, 48]",[],0.0,0.0
zero,61,2.164889768550369,"[31, 34, 48]","[31, 34, 48]",[],0.0,0.0
zero,62,2.16489179857977,"[31, 34, 48]","[31, 34, 48]",[],0.0,0.0
zero,63,2.164893634021505,"[31, 34, 48]","[31, 34, 48]",[],0.0,0.0
zero,64,2.1648952938726786,"[31, 34, 48]","[31, 34, 48]",[],0.0,0.0
zero,65,2.1648967952458653,"[31, 34, 48]","[31, 34, 48]",[],0.0,0.0
zero,66,2.1648981535597374,"[31, 34, 48]","[31, 34, 48]",[],0.0,0.0
zero,67,2.164899382709952,"[31, 34, 48]","[31, 34, 48]",[],0.0,0.0
zero,68,2.138281915972594,"[31, 34, 46, 48]","[31, 34, 48]",[],0.0,0.0
zero,69,2.1647863454708607,"[31, 34, 46]","[31, 34, 48]",[],0.0,0.0
zero,70,2.1647872520392375,"[31, 34, 46]","[31, 34, 50]",[],0.0,0.0
zero,71,2.1647880731402864,"[31, 34, 46]","[31, 34, 46]",[],0.0,0.0
zero,72,2.1647888170128757,"[31, 34, 46]","[31, 34, 46]",[],0.0,0.0
zero,73,2.1647894910913017,"[31, 34, 46]","[31, 34, 46]",[],0.0,0.0
zero,74,2.164790102085107,"[31, 34, 46]","[31, 34, 46]",[],0.0,0.0
zero,75,2.095996175784755,"[26, 31, 34, 53]","[31, 34, 46]",[],0.0,0.0
zero,76,2.093138990190522,"[26, 34, 53]","[31, 34, 53]",[],0.0,0.0
zero,77,2.0931392439852394,"[26, 34, 53]","[34, 53]",[],0.0,0.0
zero,78,2.093139476011191,"[26, 34, 53]","[34, 53]",[],0.0,0.0
zero,79,2.09313968833944,"[26, 34, 53]","[26, 27, 34, 53]",[],0.0,0.0
zero,80,2.093139882841119,"[26, 34, 53]","[26, 34, 53]",[],0.0,0.0
zero,81,2.0931400612070084,"[26, 34, 53]","[26, 34, 53]",[],0.0,0.0
zero,82,2.093140224965154,"[26, 34, 53]","[26, 34, 53]",[],0.0,0.0
zero,83,2.0931403754967404,"[26, 34, 53]","[26, 34, 53]",[],0.0,0.0
zero,84,2.09314051405038,"[26, 34, 53]","[26, 34, 53]",[],0.0,0.0
zero,85,2.0931406417549985,"[26, 34, 53]","[26, 34, 53]",[],0.0,0.0
zero,86,2.0931407596314395,"[26, 34, 53]","[26, 34, 53]",[],0.0,0.0
zero,87,2.093140868602931,"[26, 34, 53]","[26, 34, 53]",[],0.0,0.0
zero,88,2.0931409695045198,"[26, 34, 53]","[26, 34, 53]",[],0.0,0.0
zero,89,2.0931410630915863,"[26, 34, 53]","[26, 34, 53]",[],0.0,0.0
zero,90,2.0931411500475194,"[26, 34, 53]","[26, 34, 53]",[],0.0,0.0
zero,91,2.093141230990644,"[26, 34, 53]","[26, 34, 53]",[],0.0,0.0
zero,92,2.0931413064804785,"[26, 34, 53]","[26, 34, 53]",[],0.0,0.0
zero,93,2.0931413770233727,"[26, 34, 53]","[26, 34, 53]",[],0.0,0.0
zero,94,2.0931414430776103,"[26, 34, 53]","[26, 34, 53]",[],0.0,0.0
zero,95,2.0931415050580084,"[26, 34, 53]","[26, 34, 53]",[],0.0,0.0
zero,96,2.093141563340073,"[26, 34, 53]","[26, 34, 53]",[],0.0,0.0
zero,97,2.0931416182637568,"[26, 34, 53]","[26, 34, 53]",[],0.0,0.0
zero,98,2.0931416701368506,"[26, 34, 53]","[26, 34, 53]",[],0.0,0.0
zero,99,2.09314171923804,"[26, 34, 53]","[26, 34, 53]",[],0.0,0.0
zero,100,2.0738894055722223,"[26, 27, 34]","[26, 34, 53]",[],0.0,0.0
zero,101,2.0820144882656133,"[27, 34, 53]","[26, 34, 53]",[],0.0,0.0
zero,102,2.1080454636113526,"[27, 34, 53]","[34, 53]",[],0.0,0.0
zero,103,2.1080455096516744,"[27, 34, 53]","[34, 53]",[],0.0,0.0
zero,104,2.108045553711384,"[27, 34, 53]","[27, 34, 53]",[],0.0,0.0
zero,105,2.108045595967186,"[27, 34, 53]","[27, 34, 53]",[],0.0,0.0
zero,106,2.108045636579147,"[27, 34, 53]","[27, 34, 53]",[],0.0,0.0
zero,107,2.108045675692274,"[27, 34, 53]","[27, 34, 53]",[],0.0,0.0
zero,108,2.108045713437941,"[27, 34, 53]","[27, 34, 53]",[],0.0,0.0
zero,109,2.1080457499351803,"[27, 34, 53]","[27, 34, 53]",[],0.0,0.0
zero,110,2.108045785291849,"[27, 34, 53]","[27, 34, 53]",[],0.0,0.0
zero,111,2.108045819605688,"[27, 34, 53]","[27, 34, 53]",[],0.0,0.0
zero,112,2.108045852965274,"[27, 34, 53]","[27, 34, 53]",[],0.0,0.0
zero,113,2.1088737713591197,"[27, 53]","[27, 34, 53]",[],0.0,0.0
zero,114,2.1080459171353043,"[27, 34, 53]","[27, 53]",[],0.0,0.0
zero,115,2.10804594808448,"[27, 34, 53]","[27, 34, 53]",[],0.0,0.0
zero,116,2.108045978358219,"[27, 34, 53]","[27, 34, 53]",[],0.0,0.0
zero,117,2.1080460080107404,"[27, 34, 53]","[27, 34, 53]",[],0.0,0.0
zero,118,2.108046037091206,"[27, 34, 53]","[27, 34, 53]",[],0.0,0.0
zero,119,2.1080460656442,"[27, 34, 53]","[27, 34, 53]",[],0.0,0.0
rp1m_reset_only,0,1.444145044429006,"[22, 50]",[],[],4.073739051818848,2.527052879333496
rp1m_reset_only,1,1.2453522306466018,"[22, 50]",[],[],4.424405097961426,3.0692975521087646
rp1m_reset_only,2,0.039276185579946096,"[22, 50]",[],[],4.579288959503174,2.428884983062744
rp1m_reset_only,3,0.21930542545978549,"[22, 48, 50]",[],[],4.936127185821533,2.003889799118042
rp1m_reset_only,4,1.7903565997908768,"[22, 48]",[48],[],5.388864040374756,2.176121711730957
rp1m_reset_only,5,0.893010058411039,"[22, 48]",[48],[],5.779340744018555,2.74908709526062
rp1m_reset_only,6,1.8450005619814704,"[22, 48]","[23, 48]",[],6.003278732299805,2.5091850757598877
rp1m_reset_only,7,2.145700411399729,"[22, 50]","[22, 24, 48]","[46, 48, 50, 51]",6.294278621673584,3.059953212738037
rp1m_reset_only,8,1.7910819962639248,"[22, 50]",[22],[],7.145064830780029,3.1032838821411133
rp1m_reset_only,9,2.0429774656284283,"[22, 50]",[22],[],7.0791335105896,3.1178832054138184
rp1m_reset_only,10,1.2183961162432166,"[22, 50]","[22, 48, 50]",[],6.446088790893555,3.1310253143310547
rp1m_reset_only,11,0.9784146094358904,"[22, 50]","[22, 50]",[],5.741702079772949,3.004923105239868
rp1m_reset_only,12,0.8544839450930112,"[22, 50]","[22, 50]",[],6.286056041717529,3.0741708278656006
rp1m_reset_only,13,0.9991405106631208,"[22, 50]","[22, 50]",[38],6.433452129364014,3.0470809936523438
rp1m_reset_only,14,1.6735424798075782,"[22, 50]","[22, 50]",[38],6.283373832702637,3.078171491622925
rp1m_reset_only,15,0.9913141727239775,"[22, 50]","[22, 50]",[],6.688444137573242,3.0910818576812744
rp1m_reset_only,16,1.6761152093315048,"[22, 50]","[22, 50]",[],5.808900356292725,2.875514507293701
rp1m_reset_only,17,2.0052361790025435,"[22, 50]","[22, 50]",[],6.1305742263793945,2.730719566345215
rp1m_reset_only,18,1.871984454227574,"[22, 50]","[22, 50]",[],5.822307109832764,2.8288493156433105
rp1m_reset_only,19,0.9056838398765477,"[22, 50]","[22, 50]","[44, 47]",5.67588996887207,3.0210440158843994
rp1m_reset_only,20,1.085075585638584,"[22, 50]","[22, 50]",[49],6.477537155151367,2.9637956619262695
rp1m_reset_only,21,1.5730776044863153,"[22, 50]","[22, 50]",[],6.939185619354248,2.9277119636535645
rp1m_reset_only,22,2.1818958953996828,"[22, 50]","[22, 50]",[],6.386830806732178,2.9559850692749023
rp1m_reset_only,23,1.7268583169658576,"[22, 50]","[22, 50]",[52],6.403535842895508,2.6353304386138916
rp1m_reset_only,24,1.7328046242833761,"[22, 50]","[22, 50]",[52],7.285067558288574,3.0714752674102783
rp1m_reset_only,25,2.028883828406201,"[22, 34, 50]","[22, 50]",[],7.61207914352417,3.1179349422454834
rp1m_reset_only,26,1.4656013262203946,"[22, 34, 50]","[22, 50]",[],7.62642765045166,3.0808515548706055
rp1m_reset_only,27,1.5862601413869921,"[22, 34, 50]","[22, 50]",[],7.238038063049316,3.1111316680908203
rp1m_reset_only,28,1.9892687989442182,"[22, 34, 50]","[20, 22, 50]",[],6.444832801818848,3.0582127571105957
rp1m_reset_only,29,0.7686289519628349,"[22, 34, 50]","[20, 22, 50]",[52],6.802675724029541,3.0921542644500732
rp1m_reset_only,30,1.219063888667304,"[22, 34, 50]","[22, 50]",[],6.285158157348633,2.972386598587036
rp1m_reset_only,31,1.9959179145307921,"[22, 34, 50]","[22, 50]",[],6.971067905426025,3.0189945697784424
rp1m_reset_only,32,1.557501123862866,"[22, 34, 50]","[22, 50]",[69],6.900534629821777,3.0899112224578857
rp1m_reset_only,33,1.937775368175089,"[22, 34, 50]","[22, 50]",[],6.944094657897949,3.1259403228759766
rp1m_reset_only,34,-0.04569930092160801,"[22, 34, 50]","[22, 50]",[],6.81732702255249,3.1276307106018066
rp1m_reset_only,35,-1.3620524310033206,"[22, 34, 50]","[22, 50]",[61],6.625476360321045,3.0320167541503906
rp1m_reset_only,36,1.4439260922406867,"[22, 34, 50]","[22, 50]",[54],6.7949652671813965,2.985661268234253
rp1m_reset_only,37,1.1075334302797528,"[22, 34, 50, 51]","[22, 50]","[49, 50]",6.483022212982178,2.8976454734802246
rp1m_reset_only,38,1.3626834819342453,"[22, 34, 51]","[22, 50]",[],6.49158239364624,3.015713930130005
rp1m_reset_only,39,1.6218043673643856,"[22, 34, 51]","[22, 51]",[48],6.3827056884765625,3.0493340492248535
rp1m_reset_only,40,1.9021313910792674,"[22, 34, 51]","[22, 51]","[51, 52]",6.758133888244629,2.9993581771850586
rp1m_reset_only,41,2.2216407255952193,"[22, 34, 51]","[22, 51]",[51],6.919722080230713,3.1013967990875244
rp1m_reset_only,42,1.2632893862644068,"[22, 34, 51]","[22, 51]",[51],7.512263774871826,3.111968517303467
rp1m_reset_only,43,0.9135326501261408,"[22, 34, 51]","[22, 51]",[],6.948280334472656,3.121408224105835
rp1m_reset_only,44,1.597999806911515,"[22, 34, 51]","[22, 51]",[],6.9991230964660645,3.1051456928253174
rp1m_reset_only,45,1.604974365780349,"[22, 34, 51]","[22, 51]",[],7.128118991851807,3.074857473373413
rp1m_reset_only,46,1.9473183117786517,"[22, 34, 51]","[22, 51]",[],7.052918910980225,3.07279896736145
rp1m_reset_only,47,2.0094411982494234,"[22, 34, 51]","[22, 51]",[],6.743175506591797,3.0898170471191406
rp1m_reset_only,48,2.0104068714507166,"[22, 34, 51]","[22, 51]",[],6.693942546844482,2.8216419219970703
rp1m_reset_only,49,1.4458708151338704,"[22, 34, 51]","[22, 51]","[43, 44]",6.645892143249512,3.0027945041656494
rp1m_reset_only,50,0.4759686948523158,"[22, 31, 34, 50]","[22, 51]","[44, 46]",6.073883056640625,3.0360097885131836
rp1m_reset_only,51,0.5388253232005789,"[31, 34, 50]",[],[],7.3024983406066895,3.119070291519165
rp1m_reset_only,52,0.6761922406774414,"[31, 34, 50]",[50],[],7.971019744873047,3.1133389472961426
rp1m_reset_only,53,0.7107734923298975,"[31, 34, 48, 50]","[34, 48, 50]",[],7.722471237182617,3.0880343914031982
rp1m_reset_only,54,1.7899940174102928,"[31, 34, 48]","[31, 34, 48, 50]",[33],6.909069061279297,2.8544318675994873
rp1m_reset_only,55,1.0533114724912036,"[31, 34, 48]","[31, 34, 36]","[22, 33]",6.867392063140869,3.1194896697998047
rp1m_reset_only,56,0.1531984268428861,"[31, 34, 48, 50]","[31, 34, 48]",[37],7.295763969421387,2.888327121734619
rp1m_reset_only,57,2.0175120638340047,"[31, 34, 50]","[31, 34, 48]",[],7.072745323181152,2.9811341762542725
rp1m_reset_only,58,1.7589556893767497,"[31, 34, 50]","[31, 34, 48]",[],6.471428394317627,2.9860548973083496
rp1m_reset_only,59,1.1110694048808305,"[31, 34, 48, 50]","[31, 34, 48]",[],7.097076892852783,2.8702549934387207
rp1m_reset_only,60,0.9753847257239596,"[31, 34, 48]","[31, 34, 48]","[41, 43]",6.53369665145874,3.0631048679351807
rp1m_reset_only,61,2.310483966936176,"[31, 34, 48]","[31, 34, 48]",[],5.9764814376831055,2.759889602661133
rp1m_reset_only,62,0.5222194187926457,"[31, 34, 48]","[31, 34, 48]",[],5.783876895904541,2.6393556594848633
rp1m_reset_only,63,1.9832169056180473,"[31, 34, 48]","[31, 34, 48]",[],7.084377288818359,2.886265277862549
rp1m_reset_only,64,1.0989486914038902,"[31, 34, 48]","[31, 34, 48]",[],7.103121280670166,2.9703879356384277
rp1m_reset_only,65,2.105934512695833,"[31, 34, 48]","[31, 34, 48]",[],6.493990421295166,2.838717460632324
rp1m_reset_only,66,1.8906544760188586,"[31, 34, 48]","[31, 34, 48]",[],7.702935218811035,3.0982518196105957
rp1m_reset_only,67,2.095764638745611,"[31, 34, 48]","[31, 34, 48]",[],7.792529582977295,3.134152889251709
rp1m_reset_only,68,0.9617656655656991,"[31, 34, 46, 48]","[31, 34, 48]",[],7.996274471282959,3.0989246368408203
rp1m_reset_only,69,1.2655451451266313,"[31, 34, 46]","[31, 34, 48]",[],7.491410255432129,2.947171211242676
rp1m_reset_only,70,1.0973211323264076,"[31, 34, 46]","[31, 34, 50]",[49],8.214097023010254,3.092890501022339
rp1m_reset_only,71,1.0056823864003024,"[31, 34, 46]","[31, 34, 46]",[42],8.290492057800293,3.0013415813446045
rp1m_reset_only,72,1.0634010797499684,"[31, 34, 46]","[31, 34, 46]","[38, 43]",7.642470359802246,3.0420610904693604
rp1m_reset_only,73,1.5463183463739878,"[31, 34, 46]","[31, 34, 46]",[],6.432484149932861,2.7239606380462646
rp1m_reset_only,74,1.9822527608568667,"[31, 34, 46]","[31, 34, 46]",[],7.111715793609619,3.112992286682129
rp1m_reset_only,75,1.2671041894952584,"[26, 31, 34, 53]","[31, 34, 46]",[39],6.837702751159668,3.092883348464966
rp1m_reset_only,76,0.8970320112725316,"[26, 34, 53]","[31, 34, 53]","[39, 41]",6.5710673332214355,2.9224326610565186
rp1m_reset_only,77,2.0143568164228074,"[26, 34, 53]","[34, 53]",[],6.414872169494629,3.064629077911377
rp1m_reset_only,78,1.3051841365296073,"[26, 34, 53]","[34, 53]",[],7.100994110107422,2.999403953552246
rp1m_reset_only,79,1.5537220951226416,"[26, 34, 53]","[26, 27, 34, 53]",[],7.0259599685668945,3.061913251876831
rp1m_reset_only,80,2.0824033435643634,"[26, 34, 53]","[26, 34, 53]",[],7.654726982116699,3.051398992538452
rp1m_reset_only,81,1.421173156206318,"[26, 34, 53]","[26, 34, 53]",[],7.193090438842773,3.0673680305480957
rp1m_reset_only,82,1.2977311323709781,"[26, 34, 53]","[26, 34, 53]",[38],6.997188568115234,3.041896343231201
rp1m_reset_only,83,1.9092205152613522,"[26, 34, 53]","[26, 34, 53]",[],7.582589149475098,3.0745065212249756
rp1m_reset_only,84,1.9368557524584336,"[26, 34, 53]","[26, 34, 53]",[],7.114199638366699,2.968526840209961
rp1m_reset_only,85,1.5615816026328813,"[26, 34, 53]","[26, 34, 53]",[],7.0291900634765625,3.129321813583374
rp1m_reset_only,86,0.867311087914288,"[26, 34, 53]","[26, 34, 53]","[38, 39]",6.706507682800293,3.104600429534912
rp1m_reset_only,87,-0.09967456650051987,"[26, 34, 53]","[26, 34, 53]",[],7.169608116149902,2.9532525539398193
rp1m_reset_only,88,1.1450722879257835,"[26, 34, 53]","[26, 34, 53]",[],7.027928829193115,3.097447633743286
rp1m_reset_only,89,1.9330261596858613,"[26, 34, 53]","[26, 34, 53]",[],6.876181125640869,3.0553972721099854
rp1m_reset_only,90,1.930512938885376,"[26, 34, 53]","[26, 34, 53]",[],7.199893474578857,3.1222147941589355
rp1m_reset_only,91,1.633947227755627,"[26, 34, 53]","[26, 34, 53]",[],7.2181196212768555,3.0319936275482178
rp1m_reset_only,92,0.9928133954899778,"[26, 34, 53]","[26, 34, 53]",[],6.896482467651367,3.092228412628174
rp1m_reset_only,93,2.057812053221464,"[26, 34, 53]","[26, 34, 53]",[],6.686176300048828,3.02121901512146
rp1m_reset_only,94,0.8787984187919183,"[26, 34, 53]","[26, 34, 53]",[],6.6166486740112305,3.0485424995422363
rp1m_reset_only,95,2.021933933602129,"[26, 34, 53]","[26, 34, 53]",[],6.657625198364258,3.0029356479644775
rp1m_reset_only,96,1.425586617010413,"[26, 34, 53]","[26, 34, 53]","[49, 52]",6.799590587615967,3.1165072917938232
rp1m_reset_only,97,0.766512307588826,"[26, 34, 53]","[26, 34, 53]",[],7.386986255645752,3.1197361946105957
rp1m_reset_only,98,1.9736826928999442,"[26, 34, 53]","[26, 34, 53]",[],6.891757011413574,3.0552167892456055
rp1m_reset_only,99,1.319894214127917,"[26, 34, 53]","[26, 34, 53]",[],7.044199466705322,3.1315412521362305
rp1m_reset_only,100,1.8430067257793332,"[26, 27, 34]","[26, 34, 53]",[],6.3014678955078125,3.0692927837371826
rp1m_reset_only,101,1.74915943943727,"[27, 34, 53]","[26, 34, 53]",[],7.015872478485107,3.1347737312316895
rp1m_reset_only,102,1.118833491957433,"[27, 34, 53]","[34, 53]",[],6.902149677276611,2.981499195098877
rp1m_reset_only,103,1.5315829557980392,"[27, 34, 53]","[34, 53]",[],6.928606986999512,3.002837896347046
rp1m_reset_only,104,1.636128765432671,"[27, 34, 53]","[27, 34, 53]",[],6.686774253845215,3.0041730403900146
rp1m_reset_only,105,1.2697681850683264,"[27, 34, 53]","[27, 34, 53]",[],6.6584696769714355,3.1046791076660156
rp1m_reset_only,106,1.303238177375154,"[27, 34, 53]","[27, 34, 53]",[],6.735018730163574,2.947908401489258
rp1m_reset_only,107,0.7467683901548894,"[27, 34, 53]","[27, 34, 53]",[40],7.178104877471924,3.040879249572754
rp1m_reset_only,108,1.8499286237099852,"[27, 34, 53]","[27, 34, 53]",[],7.062036037445068,3.097301959991455
rp1m_reset_only,109,2.076000550029354,"[27, 34, 53]","[27, 34, 53]",[],6.885330677032471,3.095736503601074
rp1m_reset_only,110,1.9748466025258269,"[27, 34, 53]","[27, 34, 53]",[],7.323398590087891,3.0303187370300293
rp1m_reset_only,111,1.424296937149186,"[27, 34, 53]","[27, 34, 53]",[42],7.469709873199463,3.01757550239563
rp1m_reset_only,112,1.3335884363344577,"[27, 34, 53]","[27, 34, 53]",[45],6.789231777191162,2.961064100265503
rp1m_reset_only,113,1.9645073567390825,"[27, 53]","[27, 34, 53]","[49, 50, 51]",6.455595970153809,2.8323261737823486
rp1m_reset_only,114,1.6440390393555562,"[27, 34, 53]","[27, 53]",[49],7.682113170623779,3.033936023712158
rp1m_reset_only,115,1.1131402740238279,"[27, 34, 53]","[27, 34, 53]",[],7.764873027801514,3.1309683322906494
rp1m_reset_only,116,2.21051454096002,"[27, 34, 53]","[27, 34, 53]",[],6.769832611083984,2.926302909851074
rp1m_reset_only,117,1.647330225712837,"[27, 34, 53]","[27, 34, 53]",[],7.144345760345459,3.0662896633148193
rp1m_reset_only,118,1.1940014627512041,"[27, 34, 53]","[27, 34, 53]",[42],7.491989612579346,3.0366604328155518
rp1m_reset_only,119,1.095172637668143,"[27, 34, 53]","[27, 34, 53]",[],7.011593818664551,3.0950655937194824
rp1m_reset_only,0,1.1046575065614532,"[22, 50]",[],[],4.1874918937683105,1.9144946336746216
rp1m_reset_only,1,0.6878539413988329,"[22, 50]",[],[],5.362028121948242,2.6591637134552
rp1m_reset_only,2,0.6436890488627975,"[22, 50]",[],[],5.873545169830322,3.1014585494995117
rp1m_reset_only,3,1.3558489734122665,"[22, 48, 50]",[],[],6.4970598220825195,3.1216681003570557
rp1m_reset_only,4,2.282486496960159,"[22, 48]",[48],[],6.536345958709717,3.0645101070404053
rp1m_reset_only,5,2.6293981964773923,"[22, 48]",[48],[],6.463200092315674,2.749483108520508
rp1m_reset_only,6,2.2231378268739355,"[22, 48]","[23, 48]",[46],6.801428318023682,3.1051626205444336
rp1m_reset_only,7,1.6432131948846038,"[22, 50]","[22, 24, 48]","[26, 27, 48]",6.166823387145996,3.005903959274292
rp1m_reset_only,8,2.378676177388586,"[22, 50]",[22],[],6.502008438110352,3.1032838821411133
rp1m_reset_only,9,0.7451833873485871,"[22, 50]",[22],[47],7.22221565246582,3.1178832054138184
rp1m_reset_only,10,1.9832896932412496,"[22, 50]","[22, 48, 50]",[],6.699024200439453,3.106229543685913
rp1m_reset_only,11,1.124803707503281,"[22, 50]","[22, 50]",[],6.539691925048828,3.004923105239868
rp1m_reset_only,12,2.167162150048353,"[22, 50]","[22, 50]",[],6.4021806716918945,3.0393686294555664
rp1m_reset_only,13,1.8151223315861538,"[22, 50]","[22, 50]",[],6.642247200012207,3.0470809936523438
rp1m_reset_only,14,2.4416208545787277,"[22, 50]","[22, 50]",[],6.73236083984375,3.078171491622925
rp1m_reset_only,15,2.7379486270452738,"[22, 50]","[22, 50]",[50],7.265827655792236,3.083540678024292
rp1m_reset_only,16,2.0734138834129343,"[22, 50]","[22, 50]",[],6.546656131744385,2.9132678508758545
rp1m_reset_only,17,2.300156330914157,"[22, 50]","[22, 50]",[],6.935360908508301,3.0757665634155273
rp1m_reset_only,18,1.3196465057729765,"[22, 50]","[22, 50]",[31],6.640272617340088,3.1091105937957764
rp1m_reset_only,19,1.4795678252358002,"[22, 50]","[22, 50]",[47],6.325384616851807,2.906810760498047
rp1m_reset_only,20,1.5613778272114867,"[22, 50]","[22, 50]","[46, 47]",6.581197261810303,2.981119155883789
rp1m_reset_only,21,1.8566632279245143,"[22, 50]","[22, 50]",[],7.430640697479248,3.050692558288574
rp1m_reset_only,22,2.15610140443623,"[22, 50]","[22, 50]",[],6.751891136169434,3.0907809734344482
rp1m_reset_only,23,1.4659112709366307,"[22, 50]","[22, 50]",[],6.784371852874756,3.1237716674804688
rp1m_reset_only,24,1.7240762937548746,"[22, 50]","[22, 50]",[51],6.8439040184021,3.0887975692749023
rp1m_reset_only,25,1.415202899513052,"[22, 34, 50]","[22, 50]",[33],7.0930657386779785,3.1179349422454834
rp1m_reset_only,26,1.800904403809812,"[22, 34, 50]","[22, 50]",[33],6.922634124755859,3.0557162761688232
rp1m_reset_only,27,0.9351711352146654,"[22, 34, 50]","[22, 50]",[33],6.321909427642822,2.7245421409606934
rp1m_reset_only,28,1.858641780682342,"[22, 34, 50]","[20, 22, 50]","[33, 43]",5.880053997039795,2.8196728229522705
rp1m_reset_only,29,0.9354791089606203,"[22, 34, 50]","[20, 22, 50]",[43],5.869408130645752,2.921795129776001
rp1m_reset_only,30,0.795276329933639,"[22, 34, 50]","[22, 50]","[42, 43, 46]",4.824124336242676,2.3248953819274902
rp1m_reset_only,31,1.6595216503393357,"[22, 34, 50]","[22, 50]","[43, 46]",5.648016929626465,2.52266788482666
rp1m_reset_only,32,1.0192061175495144,"[22, 34, 50]","[22, 50]",[43],5.967806816101074,2.5730247497558594
rp1m_reset_only,33,1.950331002227402,"[22, 34, 50]","[22, 50]",[43],6.0326948165893555,2.8997702598571777
rp1m_reset_only,34,1.9476980368825139,"[22, 34, 50]","[22, 50]",[],5.77133321762085,2.459092378616333
rp1m_reset_only,35,2.035471801081228,"[22, 34, 50]","[22, 50]",[],6.351499080657959,3.072795867919922
rp1m_reset_only,36,1.4767860561920902,"[22, 34, 50]","[22, 50]",[],6.947193145751953,2.985661268234253
rp1m_reset_only,37,0.7161068548494027,"[22, 34, 50, 51]","[22, 50]",[],6.566626071929932,3.1090943813323975
rp1m_reset_only,38,2.079078057294337,"[22, 34, 51]","[22, 50]","[34, 36, 56]",6.333004951477051,3.103752374649048
rp1m_reset_only,39,1.82185157536122,"[22, 34, 51]","[22, 51]",[56],6.187175750732422,3.0493340492248535
rp1m_reset_only,40,2.148064021087009,"[22, 34, 51]","[22, 51]",[],6.515633583068848,3.050344705581665
rp1m_reset_only,41,2.2384641560169567,"[22, 34, 51]","[22, 51]",[],6.428632736206055,3.0512824058532715
rp1m_reset_only,42,2.045414960612723,"[22, 34, 51]","[22, 51]",[],6.685437202453613,3.131103992462158
rp1m_reset_only,43,1.5099088505564993,"[22, 34, 51]","[22, 51]",[],6.591246604919434,3.0092809200286865
rp1m_reset_only,44,0.5120549782744187,"[22, 34, 51]","[22, 51]",[],7.059749603271484,3.0740907192230225
rp1m_reset_only,45,1.2313237628333769,"[22, 34, 51]","[22, 51]",[],7.020003795623779,3.0051238536834717
rp1m_reset_only,46,1.722710152383162,"[22, 34, 51]","[22, 51]",[],6.795110702514648,2.8602654933929443
rp1m_reset_only,47,1.6357632174130603,"[22, 34, 51]","[22, 51]",[],6.991787910461426,3.064493179321289
rp1m_reset_only,48,1.8284832375513773,"[22, 34, 51]","[22, 51]","[31, 32]",7.038074970245361,3.1304075717926025
rp1m_reset_only,49,1.5306568399845792,"[22, 34, 51]","[22, 51]",[31],6.632347583770752,3.0027945041656494
rp1m_reset_only,50,1.5260061458821057,"[22, 31, 34, 50]","[22, 51]","[29, 31]",5.602960586547852,3.078994035720825
rp1m_reset_only,51,1.064560670036857,"[31, 34, 50]",[],[],6.836488246917725,3.1060688495635986
rp1m_reset_only,52,1.0714159949305653,"[31, 34, 50]",[50],[],7.626058101654053,3.0721137523651123
rp1m_reset_only,53,1.2531272257398807,"[31, 34, 48, 50]","[34, 48, 50]",[],7.941427707672119,3.0462872982025146
rp1m_reset_only,54,1.7792774201531842,"[31, 34, 48]","[31, 34, 48, 50]","[29, 31]",6.170502185821533,2.7577216625213623
rp1m_reset_only,55,1.5436310661088903,"[31, 34, 48]","[31, 34, 36]",[50],6.518585205078125,3.1194896697998047
rp1m_reset_only,56,2.1952847715156274,"[31, 34, 48, 50]","[31, 34, 48]","[50, 51]",7.424030780792236,3.0782124996185303
rp1m_reset_only,57,1.8480039765629113,"[31, 34, 50]","[31, 34, 48]",[],6.961498260498047,2.7993156909942627
rp1m_reset_only,58,1.84254301400555,"[31, 34, 50]","[31, 34, 48]",[32],6.631970405578613,2.9253108501434326
rp1m_reset_only,59,1.8767637015803063,"[31, 34, 48, 50]","[31, 34, 48]",[],6.299686431884766,2.976512908935547
rp1m_reset_only,60,1.7386158480043425,"[31, 34, 48]","[31, 34, 48]",[],6.409908294677734,2.941655397415161
rp1m_reset_only,61,2.1185348553321446,"[31, 34, 48]","[31, 34, 48]",[],6.17336368560791,3.1178746223449707
rp1m_reset_only,62,-0.03346414185434643,"[31, 34, 48]","[31, 34, 48]",[63],6.544992446899414,3.025651454925537
rp1m_reset_only,63,0.3138079967323948,"[31, 34, 48]","[31, 34, 48]",[63],7.5018134117126465,3.110811471939087
rp1m_reset_only,64,2.4062692706760993,"[31, 34, 48]","[31, 34, 48]",[],7.520875453948975,3.0622472763061523
rp1m_reset_only,65,1.3759397326610163,"[31, 34, 48]","[31, 34, 48]","[48, 49, 50]",6.768738269805908,2.9752931594848633
rp1m_reset_only,66,1.8770784137783352,"[31, 34, 48]","[31, 34, 48]",[],7.392825126647949,3.047924041748047
rp1m_reset_only,67,2.1029666223243124,"[31, 34, 48]","[31, 34, 48]",[],8.017522811889648,3.134152889251709
rp1m_reset_only,68,2.3040160533096334,"[31, 34, 46, 48]","[31, 34, 48]",[],7.893943786621094,3.0989246368408203
rp1m_reset_only,69,2.0654588380868035,"[31, 34, 46]","[31, 34, 48]",[32],7.2122321128845215,3.0721588134765625
rp1m_reset_only,70,2.031115038638848,"[31, 34, 46]","[31, 34, 50]",[],8.098892211914062,3.098041296005249
rp1m_reset_only,71,1.150076882179704,"[31, 34, 46]","[31, 34, 46]",[],8.032772064208984,3.118147850036621
rp1m_reset_only,72,1.337207456029462,"[31, 34, 46]","[31, 34, 46]",[],7.621572494506836,3.0055992603302
rp1m_reset_only,73,2.013789518078051,"[31, 34, 46]","[31, 34, 46]",[],7.198462963104248,2.863346815109253
rp1m_reset_only,74,2.084268439063785,"[31, 34, 46]","[31, 34, 46]",[],7.039668083190918,3.0357131958007812
rp1m_reset_only,75,1.9369025829611204,"[26, 31, 34, 53]","[31, 34, 46]",[],7.104735374450684,3.0528175830841064
rp1m_reset_only,76,2.1618131930475806,"[26, 34, 53]","[31, 34, 53]",[],7.019330978393555,2.9432077407836914
rp1m_reset_only,77,2.4185063217566385,"[26, 34, 53]","[34, 53]",[],6.893612384796143,2.9913454055786133
rp1m_reset_only,78,2.251534660701203,"[26, 34, 53]","[34, 53]",[],7.0644707679748535,3.0703959465026855
rp1m_reset_only,79,1.5085715311197119,"[26, 34, 53]","[26, 27, 34, 53]",[],7.293242454528809,3.0279507637023926
rp1m_reset_only,80,2.2960636506720067,"[26, 34, 53]","[26, 34, 53]",[],7.353274345397949,2.9643959999084473
rp1m_reset_only,81,2.3663566866894836,"[26, 34, 53]","[26, 34, 53]",[],7.79345703125,3.0235977172851562
rp1m_reset_only,82,2.402915719598711,"[26, 34, 53]","[26, 34, 53]",[],7.6320576667785645,3.041896343231201
rp1m_reset_only,83,2.362071284176748,"[26, 34, 53]","[26, 34, 53]",[],7.529292106628418,3.0101664066314697
rp1m_reset_only,84,2.092616735426088,"[26, 34, 53]","[26, 34, 53]",[],6.67240571975708,2.968526840209961
rp1m_reset_only,85,2.353470185794579,"[26, 34, 53]","[26, 34, 53]",[],6.937347888946533,3.076643943786621
rp1m_reset_only,86,2.153241914840577,"[26, 34, 53]","[26, 34, 53]",[],6.907736778259277,2.9890027046203613
rp1m_reset_only,87,0.7600413739976547,"[26, 34, 53]","[26, 34, 53]",[],7.0671844482421875,2.769960880279541
rp1m_reset_only,88,2.4424070562075815,"[26, 34, 53]","[26, 34, 53]",[],7.404341697692871,3.039018154144287
rp1m_reset_only,89,2.1891955516346373,"[26, 34, 53]","[26, 34, 53]",[],6.6748809814453125,2.8545165061950684
rp1m_reset_only,90,1.3250069561113722,"[26, 34, 53]","[26, 34, 53]",[],7.584272861480713,3.0368120670318604
rp1m_reset_only,91,1.2039857561549008,"[26, 34, 53]","[26, 34, 53]",[],7.240078926086426,3.0319936275482178
rp1m_reset_only,92,0.8644978893346899,"[26, 34, 53]","[26, 34, 53]",[24],7.2386627197265625,3.035645008087158
rp1m_reset_only,93,2.1548253307356924,"[26, 34, 53]","[26, 34, 53]",[],6.880153179168701,3.02121901512146
rp1m_reset_only,94,1.4424828000625711,"[26, 34, 53]","[26, 34, 53]",[24],6.643461227416992,3.026224136352539
rp1m_reset_only,95,1.8900719992492594,"[26, 34, 53]","[26, 34, 53]",[],6.903325080871582,2.9965879917144775
rp1m_reset_only,96,1.9012322955454455,"[26, 34, 53]","[26, 34, 53]",[],7.680163860321045,2.9643373489379883
rp1m_reset_only,97,2.177122924745344,"[26, 34, 53]","[26, 34, 53]",[],7.754796028137207,3.046614408493042
rp1m_reset_only,98,1.9766085544061585,"[26, 34, 53]","[26, 34, 53]",[],7.278674602508545,2.9770851135253906
rp1m_reset_only,99,1.5865460648771166,"[26, 34, 53]","[26, 34, 53]",[],7.1303534507751465,3.1315412521362305
rp1m_reset_only,100,1.9483251241043251,"[26, 27, 34]","[26, 34, 53]",[],6.525470733642578,3.0371713638305664
rp1m_reset_only,101,1.5074912601738937,"[27, 34, 53]","[26, 34, 53]",[],6.779374599456787,2.748201370239258
rp1m_reset_only,102,2.1028386230390512,"[27, 34, 53]","[34, 53]",[],7.105072498321533,2.9478867053985596
rp1m_reset_only,103,2.267722896335683,"[27, 34, 53]","[34, 53]",[],7.1032209396362305,2.9991631507873535
rp1m_reset_only,104,1.4863786055505195,"[27, 34, 53]","[27, 34, 53]","[29, 31]",7.250336647033691,3.0323684215545654
rp1m_reset_only,105,1.4002459370612692,"[27, 34, 53]","[27, 34, 53]",[],7.1995530128479,2.968379020690918
rp1m_reset_only,106,1.6591181363826255,"[27, 34, 53]","[27, 34, 53]",[25],7.132600784301758,2.8931195735931396
rp1m_reset_only,107,1.601951189516191,"[27, 34, 53]","[27, 34, 53]","[41, 43]",7.266624450683594,2.9565181732177734
rp1m_reset_only,108,1.2844444904426418,"[27, 34, 53]","[27, 34, 53]",[],7.373713970184326,3.1181790828704834
rp1m_reset_only,109,1.7721833673012461,"[27, 34, 53]","[27, 34, 53]",[],6.704170227050781,3.083399534225464
rp1m_reset_only,110,1.5972564837352954,"[27, 34, 53]","[27, 34, 53]",[],7.8341779708862305,3.035015344619751
rp1m_reset_only,111,1.0753244880043837,"[27, 34, 53]","[27, 34, 53]",[],6.977077484130859,2.9652199745178223
rp1m_reset_only,112,1.536687842952102,"[27, 34, 53]","[27, 34, 53]","[46, 48, 50]",6.868686676025391,2.9830360412597656
rp1m_reset_only,113,2.07529752190535,"[27, 53]","[27, 34, 53]",[],6.738091945648193,3.0900440216064453
rp1m_reset_only,114,1.5870007116604068,"[27, 34, 53]","[27, 53]",[56],7.620286464691162,3.127467632293701
rp1m_reset_only,115,0.9669518553166451,"[27, 34, 53]","[27, 34, 53]",[31],7.4904584884643555,3.0950019359588623
rp1m_reset_only,116,2.0616637242098115,"[27, 34, 53]","[27, 34, 53]",[],6.950978755950928,2.7519304752349854
rp1m_reset_only,117,2.390003544665154,"[27, 34, 53]","[27, 34, 53]",[],7.2722554206848145,3.013038158416748
rp1m_reset_only,118,1.9298175297287532,"[27, 34, 53]","[27, 34, 53]",[],6.792761325836182,2.9568488597869873
rp1m_reset_only,119,1.4063638216957832,"[27, 34, 53]","[27, 34, 53]",[],6.381219863891602,2.9996752738952637
rp1m_reset_only,0,1.4481960956805877,"[22, 50]",[],[],4.092330455780029,2.527052879333496
rp1m_reset_only,1,1.2465253312228504,"[22, 50]",[],[],4.441798210144043,3.0692975521087646
rp1m_reset_only,2,0.044583787873859526,"[22, 50]",[],[],4.596096515655518,2.428884983062744
rp1m_reset_only,3,0.25935860428313656,"[22, 48, 50]",[],[],4.951723098754883,2.003889799118042
rp1m_reset_only,4,1.7900482330790886,"[22, 48]",[48],[],5.403153419494629,2.176121711730957
rp1m_reset_only,5,0.8927701444869185,"[22, 48]",[48],[],5.792666912078857,2.74908709526062
rp1m_reset_only,6,1.8452857747047409,"[22, 48]","[23, 48]",[],6.016108989715576,2.5091850757598877
rp1m_reset_only,7,2.1471595742595544,"[22, 50]","[22, 24, 48]","[46, 48, 50, 51]",6.306517124176025,3.059953212738037
rp1m_reset_only,8,1.7909942257451248,"[22, 50]",[22],[],7.155848503112793,3.1032838821411133
rp1m_reset_only,9,2.04301454180404,"[22, 50]",[22],[],7.090017318725586,3.1178832054138184
rp1m_reset_only,10,1.2184413057767867,"[22, 50]","[22, 48, 50]",[],6.4580397605896,3.1310253143310547
rp1m_reset_only,11,0.9785705553698312,"[22, 50]","[22, 50]",[],5.755111217498779,3.004923105239868
rp1m_reset_only,12,0.8541194571852055,"[22, 50]","[22, 50]",[],6.298241138458252,3.0741708278656006
rp1m_reset_only,13,0.9986402494478025,"[22, 50]","[22, 50]",[38],6.445413589477539,3.0470809936523438
rp1m_reset_only,14,1.6734461283831021,"[22, 50]","[22, 50]",[38],6.29562520980835,3.078171491622925
rp1m_reset_only,15,0.9913106737963128,"[22, 50]","[22, 50]",[],6.699886322021484,3.0910818576812744
rp1m_reset_only,16,1.6758788247507237,"[22, 50]","[22, 50]",[],5.822139263153076,2.875514507293701
rp1m_reset_only,17,2.0054122844627393,"[22, 50]","[22, 50]",[],6.143035888671875,2.730719566345215
rp1m_reset_only,18,1.8719626375396745,"[22, 50]","[22, 50]",[],5.835507869720459,2.8288493156433105
rp1m_reset_only,19,0.9052920515317342,"[22, 50]","[22, 50]","[44, 47]",5.689453601837158,3.0210440158843994
rp1m_reset_only,20,1.0848087209002135,"[22, 50]","[22, 50]",[49],6.489407539367676,2.9637956619262695
rp1m_reset_only,21,1.573217252888415,"[22, 50]","[22, 50]",[],6.950263023376465,2.9277119636535645
rp1m_reset_only,22,2.181850410634659,"[22, 50]","[22, 50]",[],6.3988800048828125,2.9559850692749023
rp1m_reset_only,23,1.7264693849695325,"[22, 50]","[22, 50]",[52],6.415480136871338,2.6353304386138916
rp1m_reset_only,24,1.7312287935414117,"[22, 50]","[22, 50]",[52],7.295616149902344,3.0714752674102783
rp1m_reset_only,25,2.0291981991505654,"[22, 34, 50]","[22, 50]",[],7.61431884765625,3.1179349422454834
rp1m_reset_only,26,1.4645095238889498,"[22, 34, 50]","[22, 50]",[],7.627923011779785,3.0808515548706055
rp1m_reset_only,27,1.5858111384880824,"[22, 34, 50]","[22, 50]",[],7.239450931549072,3.1111316680908203
rp1m_reset_only,28,1.9886238115131853,"[22, 34, 50]","[20, 22, 50]",[],6.446102142333984,3.0582127571105957
rp1m_reset_only,29,0.7689584586250402,"[22, 34, 50]","[20, 22, 50]",[52],6.803640365600586,3.0921542644500732
rp1m_reset_only,30,1.218978775352716,"[22, 34, 50]","[22, 50]",[],6.2871222496032715,2.972386598587036
rp1m_reset_only,31,1.9956364728304463,"[22, 34, 50]","[22, 50]",[],6.974135398864746,3.0189945697784424
rp1m_reset_only,32,1.5585830548451944,"[22, 34, 50]","[22, 50]",[69],6.902764797210693,3.0899112224578857
rp1m_reset_only,33,1.9373452236447573,"[22, 34, 50]","[22, 50]",[],6.946573257446289,3.1259403228759766
rp1m_reset_only,34,-0.045732869913099106,"[22, 34, 50]","[22, 50]",[],6.819980621337891,3.1276307106018066
rp1m_reset_only,35,-1.3620470301371352,"[22, 34, 50]","[22, 50]",[61],6.627871036529541,3.0320167541503906
rp1m_reset_only,36,1.4438095357628593,"[22, 34, 50]","[22, 50]",[54],6.796955585479736,2.985661268234253
rp1m_reset_only,37,1.1074635540328963,"[22, 34, 50, 51]","[22, 50]","[49, 50]",6.4844865798950195,2.8976454734802246
rp1m_reset_only,38,1.3616658939192874,"[22, 34, 51]","[22, 50]",[],6.4930500984191895,3.015713930130005
rp1m_reset_only,39,1.6216649612102774,"[22, 34, 51]","[22, 51]",[48],6.385059356689453,3.0493340492248535
rp1m_reset_only,40,1.9022321695113282,"[22, 34, 51]","[22, 51]","[51, 52]",6.7617363929748535,2.9993581771850586
rp1m_reset_only,41,2.221495550294251,"[22, 34, 51]","[22, 51]",[51],6.924774169921875,3.1013967990875244
rp1m_reset_only,42,1.2630826256551373,"[22, 34, 51]","[22, 51]",[51],7.516113758087158,3.111968517303467
rp1m_reset_only,43,0.9134874534297857,"[22, 34, 51]","[22, 51]",[],6.951192378997803,3.121408224105835
rp1m_reset_only,44,1.597864868631235,"[22, 34, 51]","[22, 51]",[],7.002424716949463,3.1051456928253174
rp1m_reset_only,45,1.6048842855113776,"[22, 34, 51]","[22, 51]",[],7.131292343139648,3.074857473373413
rp1m_reset_only,46,1.9470861005490454,"[22, 34, 51]","[22, 51]",[],7.057116985321045,3.07279896736145
rp1m_reset_only,47,2.009303105175639,"[22, 34, 51]","[22, 51]",[],6.746636390686035,3.0898170471191406
rp1m_reset_only,48,2.0102619731282685,"[22, 34, 51]","[22, 51]",[],6.695392608642578,2.8216419219970703
rp1m_reset_only,49,1.4452525806380168,"[22, 34, 51]","[22, 51]","[43, 44]",6.648617267608643,3.0027945041656494
rp1m_reset_only,50,0.4751865050578218,"[22, 31, 34, 50]","[22, 51]","[44, 46]",6.076035976409912,3.0360097885131836
rp1m_reset_only,51,0.5389905908884565,"[31, 34, 50]",[],[],7.304615020751953,3.119070291519165
rp1m_reset_only,52,0.6753499399724769,"[31, 34, 50]",[50],[],7.97244930267334,3.1133389472961426
rp1m_reset_only,53,0.7199141777733971,"[31, 34, 48, 50]","[34, 48, 50]",[],7.723793029785156,3.0880343914031982
rp1m_reset_only,54,1.789848811291947,"[31, 34, 48]","[31, 34, 48, 50]","[32, 33]",6.9107184410095215,2.8544318675994873
rp1m_reset_only,55,0.9819858020157297,"[31, 34, 48]","[31, 34, 36]","[22, 33]",6.868690013885498,3.1194896697998047
rp1m_reset_only,56,0.9696692475402657,"[31, 34, 48, 50]","[31, 34, 48]",[],7.301849365234375,2.888327121734619
rp1m_reset_only,57,1.985006451841124,"[31, 34, 50]","[31, 34, 48]",[],7.0836381912231445,2.9811341762542725
rp1m_reset_only,58,1.6922823074933329,"[31, 34, 50]","[31, 34, 48]",[],6.4754228591918945,2.9860548973083496
rp1m_reset_only,59,1.4442927471501026,"[31, 34, 48, 50]","[31, 34, 48]",[],7.099686622619629,2.8702549934387207
rp1m_reset_only,60,0.9875789365394663,"[31, 34, 48]","[31, 34, 48]",[41],6.536264896392822,3.0631048679351807
rp1m_reset_only,61,2.2555154535891235,"[31, 34, 48]","[31, 34, 48]",[],5.979834079742432,2.759889602661133
rp1m_reset_only,62,0.45480683422243284,"[31, 34, 48]","[31, 34, 48]",[],5.785764694213867,2.6393556594848633
rp1m_reset_only,63,2.0007441402584205,"[31, 34, 48]","[31, 34, 48]",[],7.086796760559082,2.886265277862549
rp1m_reset_only,64,1.0927708470374815,"[31, 34, 48]","[31, 34, 48]",[],7.105535507202148,2.9703879356384277
rp1m_reset_only,65,2.1040770972466225,"[31, 34, 48]","[31, 34, 48]",[],6.497035980224609,2.838717460632324
rp1m_reset_only,66,1.8759741306412008,"[31, 34, 48]","[31, 34, 48]",[],7.7067766189575195,3.0982518196105957
rp1m_reset_only,67,2.109085827822965,"[31, 34, 48]","[31, 34, 48]",[],7.794681072235107,3.134152889251709
rp1m_reset_only,68,0.967493314587571,"[31, 34, 46, 48]","[31, 34, 48]",[],7.998367786407471,3.0989246368408203
rp1m_reset_only,69,1.2648271540512492,"[31, 34, 46]","[31, 34, 48]",[],7.493454933166504,2.947171211242676
rp1m_reset_only,70,1.0745430971086647,"[31, 34, 46]","[31, 34, 50]","[47, 49]",8.21534538269043,3.092890501022339
rp1m_reset_only,71,1.0531252366521473,"[31, 34, 46]","[31, 34, 46]",[42],8.292928695678711,3.0013415813446045
rp1m_reset_only,72,1.1400348226005081,"[31, 34, 46]","[31, 34, 46]",[42],7.64398717880249,3.0420610904693604
rp1m_reset_only,73,1.4385479295130557,"[31, 34, 46]","[31, 34, 46]",[],6.434159278869629,2.7239606380462646
rp1m_reset_only,74,1.9411670659052478,"[31, 34, 46]","[31, 34, 46]",[],7.114085674285889,3.112992286682129
rp1m_reset_only,75,1.2004878651664728,"[26, 31, 34, 53]","[31, 34, 46]","[40, 41, 42]",6.839611053466797,3.092883348464966
rp1m_reset_only,76,0.8365559349813726,"[26, 34, 53]","[31, 34, 53]","[42, 43]",6.573263168334961,2.9224326610565186
rp1m_reset_only,77,1.9759291394695158,"[26, 34, 53]","[34, 53]",[],6.41817569732666,3.064629077911377
rp1m_reset_only,78,0.7319924677837271,"[26, 34, 53]","[34, 53]",[42],7.106387615203857,2.999403953552246
rp1m_reset_only,79,1.521170176512026,"[26, 34, 53]","[26, 27, 34, 53]",[],7.029175281524658,3.061913251876831
rp1m_reset_only,80,2.035393412674586,"[26, 34, 53]","[26, 34, 53]",[],7.65825080871582,3.051398992538452
rp1m_reset_only,81,1.388362826836532,"[26, 34, 53]","[26, 34, 53]",[],7.197206497192383,3.0673680305480957
rp1m_reset_only,82,0.785859909817072,"[26, 34, 53]","[26, 34, 53]",[38],7.00093412399292,3.041896343231201
rp1m_reset_only,83,1.9106704043751597,"[26, 34, 53]","[26, 34, 53]",[],7.5868821144104,3.0745065212249756
rp1m_reset_only,84,1.924282429252605,"[26, 34, 53]","[26, 34, 53]",[],7.119043350219727,2.968526840209961
rp1m_reset_only,85,1.5862757257745563,"[26, 34, 53]","[26, 34, 53]",[],7.034304141998291,3.129321813583374
rp1m_reset_only,86,0.8626662678346881,"[26, 34, 53]","[26, 34, 53]","[38, 39]",6.709959983825684,3.104600429534912
rp1m_reset_only,87,-0.04273390947890887,"[26, 34, 53]","[26, 34, 53]",[],7.174710750579834,2.9532525539398193
rp1m_reset_only,88,1.1216193972755022,"[26, 34, 53]","[26, 34, 53]",[],7.0313262939453125,3.097447633743286
rp1m_reset_only,89,1.9185860664881558,"[26, 34, 53]","[26, 34, 53]",[],6.881255149841309,3.0553972721099854
rp1m_reset_only,90,1.924705646751787,"[26, 34, 53]","[26, 34, 53]",[],7.203302383422852,3.1222147941589355
rp1m_reset_only,91,1.622379556792936,"[26, 34, 53]","[26, 34, 53]",[],7.222850799560547,3.0319936275482178
rp1m_reset_only,92,1.0115102933294682,"[26, 34, 53]","[26, 34, 53]",[],6.900716781616211,3.092228412628174
rp1m_reset_only,93,2.046297337045689,"[26, 34, 53]","[26, 34, 53]",[],6.690308570861816,3.02121901512146
rp1m_reset_only,94,0.892322002059873,"[26, 34, 53]","[26, 34, 53]",[],6.621471405029297,3.0485424995422363
rp1m_reset_only,95,2.013899387091259,"[26, 34, 53]","[26, 34, 53]",[],6.6613287925720215,3.0029356479644775
rp1m_reset_only,96,1.420699410879143,"[26, 34, 53]","[26, 34, 53]","[49, 52]",6.803616523742676,3.1165072917938232
rp1m_reset_only,97,0.8186544713483725,"[26, 34, 53]","[26, 34, 53]",[],7.390510559082031,3.1197361946105957
rp1m_reset_only,98,1.966381118070766,"[26, 34, 53]","[26, 34, 53]",[],6.894370079040527,3.0552167892456055
rp1m_reset_only,99,1.310759247040357,"[26, 34, 53]","[26, 34, 53]",[],7.0482497215271,3.1315412521362305
rp1m_reset_only,100,1.8374873802524616,"[26, 27, 34]","[26, 34, 53]",[],6.3019819259643555,3.0692927837371826
rp1m_reset_only,101,1.7356882998624357,"[27, 34, 53]","[26, 34, 53]",[],7.020345211029053,3.1347737312316895
rp1m_reset_only,102,1.1159875872862026,"[27, 34, 53]","[34, 53]",[],6.907144069671631,2.981499195098877
rp1m_reset_only,103,1.5193432564548448,"[27, 34, 53]","[34, 53]",[],6.932882308959961,3.002837896347046
rp1m_reset_only,104,2.1251937538318253,"[27, 34, 53]","[27, 34, 53]",[],6.692942142486572,3.0041730403900146
rp1m_reset_only,105,1.2776381943923605,"[27, 34, 53]","[27, 34, 53]",[],6.662941932678223,3.1046791076660156
rp1m_reset_only,106,1.303609387857228,"[27, 34, 53]","[27, 34, 53]",[],6.7393574714660645,2.947908401489258
rp1m_reset_only,107,0.7490879233865385,"[27, 34, 53]","[27, 34, 53]",[40],7.182203769683838,3.040879249572754
rp1m_reset_only,108,1.849616111821049,"[27, 34, 53]","[27, 34, 53]",[],7.06589412689209,3.097301959991455
rp1m_reset_only,109,2.074969005497869,"[27, 34, 53]","[27, 34, 53]",[],6.891654968261719,3.095736503601074
rp1m_reset_only,110,1.976300152258867,"[27, 34, 53]","[27, 34, 53]",[],7.326691150665283,3.0303187370300293
rp1m_reset_only,111,1.4316677300632628,"[27, 34, 53]","[27, 34, 53]",[42],7.47572660446167,3.01757550239563
rp1m_reset_only,112,1.3474558826842233,"[27, 34, 53]","[27, 34, 53]",[45],6.794487953186035,2.961064100265503
rp1m_reset_only,113,1.97197369213709,"[27, 53]","[27, 34, 53]","[50, 51]",6.458019733428955,2.8323261737823486
rp1m_reset_only,114,2.1266262644962755,"[27, 34, 53]","[27, 53]",[],7.687812328338623,3.033936023712158
rp1m_reset_only,115,1.1477867527561094,"[27, 34, 53]","[27, 34, 53]",[],7.768991947174072,3.1309683322906494
rp1m_reset_only,116,2.208445820179179,"[27, 34, 53]","[27, 34, 53]",[],6.774172306060791,2.926302909851074
rp1m_reset_only,117,1.6510961417881467,"[27, 34, 53]","[27, 34, 53]",[],7.147248268127441,3.0662896633148193
rp1m_reset_only,118,1.2051262069459105,"[27, 34, 53]","[27, 34, 53]",[42],7.495188236236572,3.0366604328155518
rp1m_reset_only,119,1.0857551833413068,"[27, 34, 53]","[27, 34, 53]",[],7.014983177185059,3.0950655937194824
rp1m_reset_only,0,1.4480180555935407,"[22, 50]",[],[],4.139488220214844,2.527052879333496
rp1m_reset_only,1,1.2466573143965818,"[22, 50]",[],[],4.493473529815674,3.0692975521087646
rp1m_reset_only,2,0.048505828259512246,"[22, 50]",[],[],4.646096229553223,2.428884983062744
rp1m_reset_only,3,0.2854518605594627,"[22, 48, 50]",[],[],4.9981865882873535,2.003889799118042
rp1m_reset_only,4,1.822861219367846,"[22, 48]",[48],[],5.445643901824951,2.176121711730957
rp1m_reset_only,5,0.8926837082581828,"[22, 48]",[48],[],5.832396984100342,2.74908709526062
rp1m_reset_only,6,1.8490655089843293,"[22, 48]","[23, 48]",[],6.054414749145508,2.5091850757598877
rp1m_reset_only,7,2.1455026492354303,"[22, 50]","[22, 24, 48]","[46, 48, 50, 51]",6.343090057373047,3.059953212738037
rp1m_reset_only,8,1.790078652118653,"[22, 50]",[22],[],7.188101768493652,3.1032838821411133
rp1m_reset_only,9,2.046154582370692,"[22, 50]",[22],[],7.122566223144531,3.1178832054138184
rp1m_reset_only,10,1.2202464101801904,"[22, 50]","[22, 48, 50]",[],6.493745803833008,3.1310253143310547
rp1m_reset_only,11,0.9818603950506357,"[22, 50]","[22, 50]",[],5.794223785400391,3.004923105239868
rp1m_reset_only,12,0.8571690431498326,"[22, 50]","[22, 50]",[],6.331262588500977,3.0741708278656006
rp1m_reset_only,13,0.9959710859363043,"[22, 50]","[22, 50]",[38],6.479640960693359,3.0470809936523438
rp1m_reset_only,14,1.672225324999998,"[22, 50]","[22, 50]",[38],6.331021308898926,3.078171491622925
rp1m_reset_only,15,0.9909102174406326,"[22, 50]","[22, 50]",[],6.73067045211792,3.0910818576812744
rp1m_reset_only,16,1.674304896439282,"[22, 50]","[22, 50]",[],5.859724998474121,2.875514507293701
rp1m_reset_only,17,2.004962130272671,"[22, 50]","[22, 50]",[],6.176156044006348,2.730719566345215
rp1m_reset_only,18,1.8714101913856152,"[22, 50]","[22, 50]",[],5.872635841369629,2.8288493156433105
rp1m_reset_only,19,0.9051953587853457,"[22, 50]","[22, 50]","[44, 47]",5.728896141052246,3.0210440158843994
rp1m_reset_only,20,1.084598331824726,"[22, 50]","[22, 50]",[49],6.5229291915893555,2.9637956619262695
rp1m_reset_only,21,1.573514802756545,"[22, 50]","[22, 50]",[],6.981385231018066,2.9277119636535645
rp1m_reset_only,22,2.183783533469861,"[22, 50]","[22, 50]",[],6.433413028717041,2.9559850692749023
rp1m_reset_only,23,1.7295843331010663,"[22, 50]","[22, 50]",[52],6.447483062744141,2.6353304386138916
rp1m_reset_only,24,1.7346142944873961,"[22, 50]","[22, 50]",[52],7.32512092590332,3.0714752674102783
rp1m_reset_only,25,2.017970724431798,"[22, 34, 50]","[22, 50]",[],7.616837501525879,3.1179349422454834
rp1m_reset_only,26,1.4519478334025262,"[22, 34, 50]","[22, 50]",[],7.629538059234619,3.0808515548706055
rp1m_reset_only,27,1.5849510234451032,"[22, 34, 50]","[22, 50]",[],7.240964412689209,3.1111316680908203
rp1m_reset_only,28,1.9882764639873833,"[22, 34, 50]","[20, 22, 50]",[],6.447442531585693,3.0582127571105957
rp1m_reset_only,29,0.7693631862137781,"[22, 34, 50]","[20, 22, 50]",[52],6.804648399353027,3.0921542644500732
rp1m_reset_only,30,1.218896343114673,"[22, 34, 50]","[22, 50]",[],6.289256572723389,2.972386598587036
rp1m_reset_only,31,1.9948654161708155,"[22, 34, 50]","[22, 50]",[],6.97769832611084,3.0189945697784424
rp1m_reset_only,32,1.557017025789138,"[22, 34, 50]","[22, 50]",[69],6.905241966247559,3.0899112224578857
rp1m_reset_only,33,1.9368803747718033,"[22, 34, 50]","[22, 50]",[],6.949363708496094,3.1259403228759766
rp1m_reset_only,34,-0.045610251235299604,"[22, 34, 50]","[22, 50]",[],6.822987079620361,3.1276307106018066
rp1m_reset_only,35,-1.361946761632924,"[22, 34, 50]","[22, 50]",[61],6.63054084777832,3.0320167541503906
rp1m_reset_only,36,1.4439408985493258,"[22, 34, 50]","[22, 50]",[54],6.799137592315674,2.985661268234253
rp1m_reset_only,37,1.1075034848120686,"[22, 34, 50, 51]","[22, 50]","[49, 50]",6.48604679107666,2.8976454734802246
rp1m_reset_only,38,1.3618998289338444,"[22, 34, 51]","[22, 50]",[],6.494614124298096,3.015713930130005
rp1m_reset_only,39,1.6213848855574515,"[22, 34, 51]","[22, 51]",[48],6.387666702270508,3.0493340492248535
rp1m_reset_only,40,1.9024290890270579,"[22, 34, 51]","[22, 51]","[51, 52]",6.766017436981201,2.9993581771850586
rp1m_reset_only,41,2.2214835921102813,"[22, 34, 51]","[22, 51]",[51],6.93133544921875,3.1013967990875244
rp1m_reset_only,42,1.2629721051158367,"[22, 34, 51]","[22, 51]",[51],7.520862102508545,3.111968517303467
rp1m_reset_only,43,0.9135310138645019,"[22, 34, 51]","[22, 51]",[],6.954544544219971,3.121408224105835
rp1m_reset_only,44,1.5977575602833753,"[22, 34, 51]","[22, 51]",[],7.006310939788818,3.1051456928253174
rp1m_reset_only,45,1.605165276742549,"[22, 34, 51]","[22, 51]",[],7.135013103485107,3.074857473373413
rp1m_reset_only,46,1.947110625837267,"[22, 34, 51]","[22, 51]",[],7.062323093414307,3.07279896736145
rp1m_reset_only,47,2.009209962829409,"[22, 34, 51]","[22, 51]",[],6.750717639923096,3.0898170471191406
rp1m_reset_only,48,2.0101582817354298,"[22, 34, 51]","[22, 51]",[],6.696939945220947,2.8216419219970703
rp1m_reset_only,49,1.4455863200155008,"[22, 34, 51]","[22, 51]","[43, 44]",6.651704788208008,3.0027945041656494
rp1m_reset_only,50,0.47550342016703184,"[22, 31, 34, 50]","[22, 51]","[44, 46]",6.078388214111328,3.0360097885131836
rp1m_reset_only,51,0.5175695025109902,"[31, 34, 50]",[],[],7.306967258453369,3.119070291519165
rp1m_reset_only,52,0.6789806713766937,"[31, 34, 50]",[50],[],7.973992347717285,3.1133389472961426
rp1m_reset_only,53,0.7057258701074278,"[31, 34, 48, 50]","[34, 48, 50]",[],7.7252092361450195,3.0880343914031982
rp1m_reset_only,54,1.7850971969558747,"[31, 34, 48]","[31, 34, 48, 50]",[33],6.91249942779541,2.8544318675994873
rp1m_reset_only,55,0.8600219949514605,"[31, 34, 48]","[31, 34, 36]",[22],6.870067596435547,3.1194896697998047
rp1m_reset_only,56,0.19472159973025732,"[31, 34, 48, 50]","[31, 34, 48]","[35, 37]",7.310496807098389,2.888327121734619
rp1m_reset_only,57,2.068508525382028,"[31, 34, 50]","[31, 34, 48]",[],7.115917682647705,2.9811341762542725
rp1m_reset_only,58,1.7265663556078605,"[31, 34, 50]","[31, 34, 48]",[],6.480227947235107,2.9860548973083496
rp1m_reset_only,59,1.5725891566263641,"[31, 34, 48, 50]","[31, 34, 48]",[],7.102653503417969,2.8702549934387207
rp1m_reset_only,60,0.9601080358120719,"[31, 34, 48]","[31, 34, 48]","[43, 44]",6.539146900177002,3.0631048679351807
rp1m_reset_only,61,2.2642122606638613,"[31, 34, 48]","[31, 34, 48]",[],5.983687877655029,2.759889602661133
rp1m_reset_only,62,0.6021875013121993,"[31, 34, 48]","[31, 34, 48]",[],5.787795066833496,2.6393556594848633
rp1m_reset_only,63,2.0504049063945726,"[31, 34, 48]","[31, 34, 48]",[],7.089519500732422,2.886265277862549
rp1m_reset_only,64,1.1201908950592172,"[31, 34, 48]","[31, 34, 48]",[],7.10825252532959,2.9703879356384277
rp1m_reset_only,65,2.099900932965152,"[31, 34, 48]","[31, 34, 48]",[],6.500531196594238,2.838717460632324
rp1m_reset_only,66,1.9156213441630954,"[31, 34, 48]","[31, 34, 48]",[],7.711541175842285,3.0982518196105957
rp1m_reset_only,67,2.1177384941360193,"[31, 34, 48]","[31, 34, 48]",[],7.79709529876709,3.134152889251709
rp1m_reset_only,68,0.9502017274730916,"[31, 34, 46, 48]","[31, 34, 48]",[],8.000716209411621,3.0989246368408203
rp1m_reset_only,69,1.2402623786685916,"[31, 34, 46]","[31, 34, 48]",[],7.495725154876709,2.947171211242676
rp1m_reset_only,70,1.1098934119675117,"[31, 34, 46]","[31, 34, 50]",[49],8.216682434082031,3.092890501022339
rp1m_reset_only,71,1.0009582851416505,"[31, 34, 46]","[31, 34, 46]",[42],8.295732498168945,3.0013415813446045
rp1m_reset_only,72,1.060353446945841,"[31, 34, 46]","[31, 34, 46]","[38, 43]",7.645627498626709,3.0420610904693604
rp1m_reset_only,73,1.5558792623786077,"[31, 34, 46]","[31, 34, 46]",[],6.435959815979004,2.7239606380462646
rp1m_reset_only,74,1.9840634572715659,"[31, 34, 46]","[31, 34, 46]",[],7.116745948791504,3.112992286682129
rp1m_reset_only,75,1.2698417781369655,"[26, 31, 34, 53]","[31, 34, 46]",[39],6.841695308685303,3.092883348464966
rp1m_reset_only,76,0.8802174915026924,"[26, 34, 53]","[31, 34, 53]",[41],6.575685977935791,2.9224326610565186
rp1m_reset_only,77,2.041451091212048,"[26, 34, 53]","[34, 53]",[],6.4220075607299805,3.064629077911377
rp1m_reset_only,78,1.3043155143986478,"[26, 34, 53]","[34, 53]",[],7.11361026763916,2.999403953552246
rp1m_reset_only,79,1.541970816133372,"[26, 34, 53]","[26, 27, 34, 53]",[],7.032945156097412,3.061913251876831
rp1m_reset_only,80,2.086818905656715,"[26, 34, 53]","[26, 34, 53]",[],7.662528038024902,3.051398992538452
rp1m_reset_only,81,1.4131863884314793,"[26, 34, 53]","[26, 34, 53]",[],7.202312469482422,3.0673680305480957
rp1m_reset_only,82,0.7818946760463561,"[26, 34, 53]","[26, 34, 53]",[38],7.005452632904053,3.041896343231201
rp1m_reset_only,83,1.9135777281797963,"[26, 34, 53]","[26, 34, 53]",[],7.592343330383301,3.0745065212249756
rp1m_reset_only,84,1.9389791381954247,"[26, 34, 53]","[26, 34, 53]",[],7.125307083129883,2.968526840209961
rp1m_reset_only,85,1.5560493742968973,"[26, 34, 53]","[26, 34, 53]",[],7.041005611419678,3.129321813583374
rp1m_reset_only,86,0.9132252149325333,"[26, 34, 53]","[26, 34, 53]","[38, 39]",6.714025020599365,3.104600429534912
rp1m_reset_only,87,-0.0835984025468417,"[26, 34, 53]","[26, 34, 53]",[],7.181436061859131,2.9532525539398193
rp1m_reset_only,88,1.1167807868893282,"[26, 34, 53]","[26, 34, 53]",[],7.035349369049072,3.097447633743286
rp1m_reset_only,89,1.9314022372978557,"[26, 34, 53]","[26, 34, 53]",[],6.887840747833252,3.0553972721099854
rp1m_reset_only,90,1.928600297854889,"[26, 34, 53]","[26, 34, 53]",[],7.207359790802002,3.1222147941589355
rp1m_reset_only,91,1.628812654498518,"[26, 34, 53]","[26, 34, 53]",[],7.228952407836914,3.0319936275482178
rp1m_reset_only,92,1.0087798760219364,"[26, 34, 53]","[26, 34, 53]",[],6.905951023101807,3.092228412628174
rp1m_reset_only,93,2.061988067312534,"[26, 34, 53]","[26, 34, 53]",[],6.69534969329834,3.02121901512146
rp1m_reset_only,94,0.8858465312096518,"[26, 34, 53]","[26, 34, 53]",[],6.627570152282715,3.0485424995422363
rp1m_reset_only,95,2.017015741423921,"[26, 34, 53]","[26, 34, 53]",[],6.665741443634033,3.0029356479644775
rp1m_reset_only,96,1.4499213847876415,"[26, 34, 53]","[26, 34, 53]","[49, 52]",6.808518886566162,3.1165072917938232
rp1m_reset_only,97,0.7986865576838016,"[26, 34, 53]","[26, 34, 53]",[],7.3947553634643555,3.1197361946105957
rp1m_reset_only,98,1.9745225876502146,"[26, 34, 53]","[26, 34, 53]",[],6.897329330444336,3.0552167892456055
rp1m_reset_only,99,1.321418288663773,"[26, 34, 53]","[26, 34, 53]",[],7.053228855133057,3.1315412521362305
rp1m_reset_only,100,1.8380209525820668,"[26, 27, 34]","[26, 34, 53]",[],6.302506923675537,3.0692927837371826
rp1m_reset_only,101,1.7475843012459875,"[27, 34, 53]","[26, 34, 53]",[],7.025975704193115,3.1347737312316895
rp1m_reset_only,102,1.1231371453647676,"[27, 34, 53]","[34, 53]",[],6.913603782653809,2.981499195098877
rp1m_reset_only,103,1.5233177282159578,"[27, 34, 53]","[34, 53]",[],6.9381866455078125,3.002837896347046
rp1m_reset_only,104,1.6331746468478683,"[27, 34, 53]","[27, 34, 53]",[],6.701435089111328,3.0041730403900146
rp1m_reset_only,105,1.275673650582819,"[27, 34, 53]","[27, 34, 53]",[],6.668497562408447,3.1046791076660156
rp1m_reset_only,106,1.304971992741197,"[27, 34, 53]","[27, 34, 53]",[],6.744721412658691,2.947908401489258
rp1m_reset_only,107,0.7469258908846369,"[27, 34, 53]","[27, 34, 53]",[40],7.187280654907227,3.040879249572754
rp1m_reset_only,108,1.8493935513401003,"[27, 34, 53]","[27, 34, 53]",[],7.070587635040283,3.097301959991455
rp1m_reset_only,109,2.0765578594103262,"[27, 34, 53]","[27, 34, 53]",[],6.900563716888428,3.095736503601074
rp1m_reset_only,110,1.9747429731886679,"[27, 34, 53]","[27, 34, 53]",[],7.3305983543396,3.0303187370300293
rp1m_reset_only,111,1.4235415958929019,"[27, 34, 53]","[27, 34, 53]",[42],7.484326362609863,3.01757550239563
rp1m_reset_only,112,1.3325835035639277,"[27, 34, 53]","[27, 34, 53]",[45],6.8013596534729,2.961064100265503
rp1m_reset_only,113,1.9728944465588167,"[27, 53]","[27, 34, 53]",[50],6.460716247558594,2.8323261737823486
rp1m_reset_only,114,1.6427173455837933,"[27, 34, 53]","[27, 53]",[49],7.695861339569092,3.033936023712158
rp1m_reset_only,115,1.121565478185451,"[27, 34, 53]","[27, 34, 53]",[],7.774205684661865,3.1309683322906494
rp1m_reset_only,116,2.2072635756453156,"[27, 34, 53]","[27, 34, 53]",[],6.779544830322266,2.926302909851074
rp1m_reset_only,117,1.6490951392123487,"[27, 34, 53]","[27, 34, 53]",[],7.150602340698242,3.0662896633148193
rp1m_reset_only,118,1.2026779202844469,"[27, 34, 53]","[27, 34, 53]",[42],7.498979091644287,3.0366604328155518
rp1m_reset_only,119,1.1008164185705003,"[27, 34, 53]","[27, 34, 53]",[],7.018993854522705,3.0950655937194824
rp1m_reset_only,0,1.1028749618943055,"[22, 50]",[],[],4.205580711364746,1.9144946336746216
rp1m_reset_only,1,0.6875062659199234,"[22, 50]",[],[],5.376389026641846,2.6591637134552
rp1m_reset_only,2,0.6441055589366591,"[22, 50]",[],[],5.886658668518066,3.1014585494995117
rp1m_reset_only,3,1.3564776339235505,"[22, 48, 50]",[],[],6.508916854858398,3.1216681003570557
rp1m_reset_only,4,2.2827795466843472,"[22, 48]",[48],[],6.548131942749023,3.0645101070404053
rp1m_reset_only,5,2.631292349447352,"[22, 48]",[48],[],6.475119113922119,2.749483108520508
rp1m_reset_only,6,2.232447502072981,"[22, 48]","[23, 48]",[46],6.812756061553955,3.1051626205444336
rp1m_reset_only,7,1.7658923631923593,"[22, 50]","[22, 24, 48]","[26, 27, 48]",6.179314136505127,3.005903959274292
rp1m_reset_only,8,2.5221005587952807,"[22, 50]",[22],[],6.513856410980225,3.1032838821411133
rp1m_reset_only,9,0.7463663935900586,"[22, 50]",[22],[47],7.232883930206299,3.1178832054138184
rp1m_reset_only,10,2.0379944089937663,"[22, 50]","[22, 48, 50]",[],6.710524559020996,3.106229543685913
rp1m_reset_only,11,1.1513713860775445,"[22, 50]","[22, 50]",[],6.5514678955078125,3.004923105239868
rp1m_reset_only,12,2.1936181947267843,"[22, 50]","[22, 50]",[],6.414144992828369,3.0393686294555664
rp1m_reset_only,13,1.8106389761902761,"[22, 50]","[22, 50]",[],6.653832912445068,3.0470809936523438
rp1m_reset_only,14,2.4925035032066636,"[22, 50]","[22, 50]",[],6.7437968254089355,3.078171491622925
rp1m_reset_only,15,2.7882418498034514,"[22, 50]","[22, 50]",[50],7.27636194229126,3.083540678024292
rp1m_reset_only,16,2.084305721673233,"[22, 50]","[22, 50]",[],6.558406352996826,2.9132678508758545
rp1m_reset_only,17,2.310014046783391,"[22, 50]","[22, 50]",[],6.946378707885742,3.0757665634155273
rp1m_reset_only,18,1.88592052722595,"[22, 50]","[22, 50]",[],6.65185022354126,3.1091105937957764
rp1m_reset_only,19,1.568189725328966,"[22, 50]","[22, 50]",[47],6.337558269500732,2.906810760498047
rp1m_reset_only,20,1.557436084970467,"[22, 50]","[22, 50]","[46, 47]",6.592881202697754,2.981119155883789
rp1m_reset_only,21,1.852580999871331,"[22, 50]","[22, 50]",[],7.440986633300781,3.050692558288574
rp1m_reset_only,22,2.1604710833035354,"[22, 50]","[22, 50]",[],6.763289928436279,3.0907809734344482
rp1m_reset_only,23,1.4764255481965916,"[22, 50]","[22, 50]",[],6.795646667480469,3.1237716674804688
rp1m_reset_only,24,1.7284846881852536,"[22, 50]","[22, 50]",[51],6.855131149291992,3.0887975692749023
rp1m_reset_only,25,1.441823921253349,"[22, 34, 50]","[22, 50]",[33],7.095469951629639,3.1179349422454834
rp1m_reset_only,26,1.806800721316807,"[22, 34, 50]","[22, 50]",[33],6.924281597137451,3.0557162761688232
rp1m_reset_only,27,0.9346984405947891,"[22, 34, 50]","[22, 50]",[33],6.3235273361206055,2.7245421409606934
rp1m_reset_only,28,1.8639867072967515,"[22, 34, 50]","[20, 22, 50]","[33, 43]",5.881444931030273,2.8196728229522705
rp1m_reset_only,29,0.9517944024908924,"[22, 34, 50]","[20, 22, 50]",[43],5.8705267906188965,2.921795129776001
rp1m_reset_only,30,0.8020061851930381,"[22, 34, 50]","[22, 50]","[42, 43, 46]",4.826683044433594,2.3248953819274902
rp1m_reset_only,31,1.6718956999303054,"[22, 34, 50]","[22, 50]","[43, 46]",5.6518025398254395,2.52266788482666
rp1m_reset_only,32,1.0237183158651282,"[22, 34, 50]","[22, 50]",[43],5.970385551452637,2.5730247497558594
rp1m_reset_only,33,1.9477345223153453,"[22, 34, 50]","[22, 50]",[43],6.035548210144043,2.8997702598571777
rp1m_reset_only,34,1.9381153367065445,"[22, 34, 50]","[22, 50]",[],5.774467945098877,2.459092378616333
rp1m_reset_only,35,2.037632701347695,"[22, 34, 50]","[22, 50]",[],6.353997230529785,3.072795867919922
rp1m_reset_only,36,1.4753632374066852,"[22, 34, 50]","[22, 50]",[],6.9491400718688965,2.985661268234253
rp1m_reset_only,37,0.7106810248653559,"[22, 34, 50, 51]","[22, 50]",[],6.5680718421936035,3.1090943813323975
rp1m_reset_only,38,2.072989516356028,"[22, 34, 51]","[22, 50]","[34, 36]",6.33450984954834,3.103752374649048
rp1m_reset_only,39,1.8178605306477684,"[22, 34, 51]","[22, 51]",[56],6.189603328704834,3.0493340492248535
rp1m_reset_only,40,2.145471062454595,"[22, 34, 51]","[22, 51]",[],6.519369602203369,3.050344705581665
rp1m_reset_only,41,2.228730809855384,"[22, 34, 51]","[22, 51]",[],6.434070110321045,3.0512824058532715
rp1m_reset_only,42,2.043430694559146,"[22, 34, 51]","[22, 51]",[],6.689763069152832,3.131103992462158
rp1m_reset_only,43,1.5102053148179289,"[22, 34, 51]","[22, 51]",[],6.594315528869629,3.0092809200286865
rp1m_reset_only,44,0.5137073122133751,"[22, 34, 51]","[22, 51]",[],7.063022613525391,3.0740907192230225
rp1m_reset_only,45,1.2323138171969699,"[22, 34, 51]","[22, 51]",[],7.023225784301758,3.0051238536834717
rp1m_reset_only,46,2.2274076599937116,"[22, 34, 51]","[22, 51]",[],6.799467086791992,2.8602654933929443
rp1m_reset_only,47,1.6421150590251128,"[22, 34, 51]","[22, 51]",[],6.995126247406006,3.064493179321289
rp1m_reset_only,48,1.8305762176262883,"[22, 34, 51]","[22, 51]","[31, 32]",7.039454460144043,3.1304075717926025
rp1m_reset_only,49,1.5406319632065912,"[22, 34, 51]","[22, 51]",[31],6.635078430175781,3.0027945041656494
rp1m_reset_only,50,1.5218230193114581,"[22, 31, 34, 50]","[22, 51]","[29, 31]",5.605294704437256,3.078994035720825
rp1m_reset_only,51,1.0693952367156077,"[31, 34, 50]",[],[],6.838748931884766,3.1060688495635986
rp1m_reset_only,52,1.0831932001053026,"[31, 34, 50]",[50],[],7.627552032470703,3.0721137523651123
rp1m_reset_only,53,1.249972011045453,"[31, 34, 48, 50]","[34, 48, 50]",[],7.942713260650635,3.0462872982025146
rp1m_reset_only,54,1.779181679994052,"[31, 34, 48]","[31, 34, 48, 50]","[29, 31]",6.172348976135254,2.7577216625213623
rp1m_reset_only,55,1.5443368624094231,"[31, 34, 48]","[31, 34, 36]",[50],6.519952297210693,3.1194896697998047
rp1m_reset_only,56,2.20641301053352,"[31, 34, 48, 50]","[31, 34, 48]","[50, 51]",7.430010795593262,3.0782124996185303
rp1m_reset_only,57,1.8861219409316685,"[31, 34, 50]","[31, 34, 48]",[],6.972564697265625,2.7993156909942627
rp1m_reset_only,58,1.849778517892008,"[31, 34, 50]","[31, 34, 48]",[32],6.635868072509766,2.9253108501434326
rp1m_reset_only,59,1.8777306416352828,"[31, 34, 48, 50]","[31, 34, 48]",[],6.302626132965088,2.976512908935547
rp1m_reset_only,60,1.7368738955011935,"[31, 34, 48]","[31, 34, 48]",[],6.4125261306762695,2.941655397415161
rp1m_reset_only,61,2.11698661024018,"[31, 34, 48]","[31, 34, 48]",[],6.176609516143799,3.1178746223449707
rp1m_reset_only,62,-0.037004413155278026,"[31, 34, 48]","[31, 34, 48]",[63],6.546660423278809,3.025651454925537
rp1m_reset_only,63,0.31219980379033896,"[31, 34, 48]","[31, 34, 48]",[63],7.504098892211914,3.110811471939087
rp1m_reset_only,64,2.405178385590542,"[31, 34, 48]","[31, 34, 48]",[],7.52315616607666,3.0622472763061523
rp1m_reset_only,65,1.3744370491159854,"[31, 34, 48]","[31, 34, 48]","[48, 49, 50]",6.771660327911377,2.9752931594848633
rp1m_reset_only,66,1.8752650816798626,"[31, 34, 48]","[31, 34, 48]",[],7.396827697753906,3.047924041748047
rp1m_reset_only,67,2.103156186760721,"[31, 34, 48]","[31, 34, 48]",[],8.019614219665527,3.134152889251709
rp1m_reset_only,68,2.3043265714803076,"[31, 34, 46, 48]","[31, 34, 48]",[],7.896064281463623,3.0989246368408203
rp1m_reset_only,69,2.0584904044704855,"[31, 34, 46]","[31, 34, 48]",[32],7.214355945587158,3.0721588134765625
rp1m_reset_only,70,2.027372685384617,"[31, 34, 46]","[31, 34, 50]",[],8.10015869140625,3.098041296005249
rp1m_reset_only,71,1.1495982047486761,"[31, 34, 46]","[31, 34, 46]",[],8.035285949707031,3.118147850036621
rp1m_reset_only,72,1.337114461084773,"[31, 34, 46]","[31, 34, 46]",[],7.623093605041504,3.0055992603302
rp1m_reset_only,73,2.013890192151168,"[31, 34, 46]","[31, 34, 46]",[],7.199959754943848,2.863346815109253
rp1m_reset_only,74,2.083993494233705,"[31, 34, 46]","[31, 34, 46]",[],7.042061805725098,3.0357131958007812
rp1m_reset_only,75,1.9428927459182503,"[26, 31, 34, 53]","[31, 34, 46]",[],7.106572151184082,3.0528175830841064
rp1m_reset_only,76,2.1699347429180516,"[26, 34, 53]","[31, 34, 53]",[],7.021387100219727,2.9432077407836914
rp1m_reset_only,77,2.4271868269945367,"[26, 34, 53]","[34, 53]",[],6.896686553955078,2.9913454055786133
rp1m_reset_only,78,2.259407799191651,"[26, 34, 53]","[34, 53]",[],7.069892406463623,3.0703959465026855
rp1m_reset_only,79,1.513785829215449,"[26, 34, 53]","[26, 27, 34, 53]",[],7.296339988708496,3.0279507637023926
rp1m_reset_only,80,2.2987366230883475,"[26, 34, 53]","[26, 34, 53]",[],7.356942653656006,2.9643959999084473
rp1m_reset_only,81,2.369274182766466,"[26, 34, 53]","[26, 34, 53]",[],7.797256946563721,3.0235977172851562
rp1m_reset_only,82,2.4086609885325134,"[26, 34, 53]","[26, 34, 53]",[],7.635491847991943,3.041896343231201
rp1m_reset_only,83,2.3637474881676237,"[26, 34, 53]","[26, 34, 53]",[],7.533616542816162,3.0101664066314697
rp1m_reset_only,84,2.113734437095277,"[26, 34, 53]","[26, 34, 53]",[],6.677570343017578,2.968526840209961
rp1m_reset_only,85,2.373710051003158,"[26, 34, 53]","[26, 34, 53]",[],6.942529678344727,3.076643943786621
rp1m_reset_only,86,2.1819865966464986,"[26, 34, 53]","[26, 34, 53]",[],6.911088466644287,2.9890027046203613
rp1m_reset_only,87,0.7732331373870344,"[26, 34, 53]","[26, 34, 53]",[],7.072360992431641,2.769960880279541
rp1m_reset_only,88,2.4709875544055704,"[26, 34, 53]","[26, 34, 53]",[],7.407566547393799,3.039018154144287
rp1m_reset_only,89,2.210404362914045,"[26, 34, 53]","[26, 34, 53]",[],6.680107593536377,2.8545165061950684
rp1m_reset_only,90,1.34627623218812,"[26, 34, 53]","[26, 34, 53]",[],7.5875091552734375,3.0368120670318604
rp1m_reset_only,91,1.2569958582421128,"[26, 34, 53]","[26, 34, 53]",[],7.244795799255371,3.0319936275482178
rp1m_reset_only,92,1.014104760266424,"[26, 34, 53]","[26, 34, 53]","[21, 23]",7.242697238922119,3.035645008087158
rp1m_reset_only,93,1.682497043053914,"[26, 34, 53]","[26, 34, 53]","[21, 23]",6.88416862487793,3.02121901512146
rp1m_reset_only,94,1.6434322959200802,"[26, 34, 53]","[26, 34, 53]","[24, 26]",6.648264408111572,3.026224136352539
rp1m_reset_only,95,1.8827814405918486,"[26, 34, 53]","[26, 34, 53]",[],6.906896591186523,2.9965879917144775
rp1m_reset_only,96,1.9103276515593994,"[26, 34, 53]","[26, 34, 53]",[],7.6837286949157715,2.9643373489379883
rp1m_reset_only,97,2.173562173669007,"[26, 34, 53]","[26, 34, 53]",[],7.758152961730957,3.046614408493042
rp1m_reset_only,98,2.0155927393363195,"[26, 34, 53]","[26, 34, 53]",[],7.281148910522461,2.9770851135253906
rp1m_reset_only,99,1.5840324993509185,"[26, 34, 53]","[26, 34, 53]",[],7.134354591369629,3.1315412521362305
rp1m_reset_only,100,1.9657980464231413,"[26, 27, 34]","[26, 34, 53]",[],6.525966644287109,3.0371713638305664
rp1m_reset_only,101,1.5232905573146187,"[27, 34, 53]","[26, 34, 53]",[],6.784003257751465,2.748201370239258
rp1m_reset_only,102,2.1062624624654243,"[27, 34, 53]","[34, 53]",[],7.109924793243408,2.9478867053985596
rp1m_reset_only,103,2.287026253165036,"[27, 34, 53]","[34, 53]",[],7.107391357421875,2.9991631507873535
rp1m_reset_only,104,1.466599842728634,"[27, 34, 53]","[27, 34, 53]","[29, 31]",7.256025791168213,3.0323684215545654
rp1m_reset_only,105,1.4139487538479072,"[27, 34, 53]","[27, 34, 53]",[],7.2036895751953125,2.968379020690918
rp1m_reset_only,106,1.6576245377677088,"[27, 34, 53]","[27, 34, 53]",[25],7.136697769165039,2.8931195735931396
rp1m_reset_only,107,1.60127317770161,"[27, 34, 53]","[27, 34, 53]","[41, 43]",7.270673751831055,2.9565181732177734
rp1m_reset_only,108,1.2845577035999154,"[27, 34, 53]","[27, 34, 53]",[],7.377408981323242,3.1181790828704834
rp1m_reset_only,109,1.7847988587277808,"[27, 34, 53]","[27, 34, 53]",[],6.710665225982666,3.083399534225464
rp1m_reset_only,110,1.6027358659510176,"[27, 34, 53]","[27, 34, 53]",[],7.83725643157959,3.035015344619751
rp1m_reset_only,111,1.0724271008399227,"[27, 34, 53]","[27, 34, 53]",[],6.983518600463867,2.9652199745178223
rp1m_reset_only,112,1.4635383648767395,"[27, 34, 53]","[27, 34, 53]","[46, 48, 50]",6.87388277053833,2.9830360412597656
rp1m_reset_only,113,1.5263901174448404,"[27, 53]","[27, 34, 53]",[],6.740413665771484,3.0900440216064453
rp1m_reset_only,114,1.4284729045976956,"[27, 34, 53]","[27, 53]","[62, 63]",7.626031398773193,3.127467632293701
rp1m_reset_only,115,0.7024172047557979,"[27, 34, 53]","[27, 34, 53]",[65],7.494728088378906,3.0950019359588623
rp1m_reset_only,116,1.7858262086304824,"[27, 34, 53]","[27, 34, 53]",[],6.955205917358398,2.7519304752349854
rp1m_reset_only,117,2.397408441319047,"[27, 34, 53]","[27, 34, 53]",[],7.275106906890869,3.013038158416748
rp1m_reset_only,118,2.1356221507150153,"[27, 34, 53]","[27, 34, 53]",[],6.796288967132568,2.9568488597869873
rp1m_reset_only,119,1.1424638427051792,"[27, 34, 53]","[27, 34, 53]",[],6.384943962097168,2.9996752738952637
rp1m_restore_hands,0,1.444145044429006,"[22, 50]",[],[],4.073739051818848,2.527052879333496
rp1m_restore_hands,1,1.2453522306466018,"[22, 50]",[],[],4.424405097961426,3.0692975521087646
rp1m_restore_hands,2,0.039276185579946096,"[22, 50]",[],[],4.579288959503174,2.428884983062744
rp1m_restore_hands,3,0.21930542545978549,"[22, 48, 50]",[],[],4.936127185821533,2.003889799118042
rp1m_restore_hands,4,1.7903565997908768,"[22, 48]",[48],[],5.388864040374756,2.176121711730957
rp1m_restore_hands,5,0.893010058411039,"[22, 48]",[48],[],5.779340744018555,2.74908709526062
rp1m_restore_hands,6,1.8450005619814704,"[22, 48]","[23, 48]",[],6.003278732299805,2.5091850757598877
rp1m_restore_hands,7,2.145700411399729,"[22, 50]","[22, 24, 48]","[46, 48, 50, 51]",6.294278621673584,3.059953212738037
rp1m_restore_hands,8,1.7910819962639248,"[22, 50]",[22],[],7.145064830780029,3.1032838821411133
rp1m_restore_hands,9,2.0429774656284283,"[22, 50]",[22],[],7.0791335105896,3.1178832054138184
rp1m_restore_hands,10,1.2183961162432166,"[22, 50]","[22, 48, 50]",[],6.446088790893555,3.1310253143310547
rp1m_restore_hands,11,0.9784146094358904,"[22, 50]","[22, 50]",[],5.741702079772949,3.004923105239868
rp1m_restore_hands,12,0.8544839450930112,"[22, 50]","[22, 50]",[],6.286056041717529,3.0741708278656006
rp1m_restore_hands,13,0.9991405106631208,"[22, 50]","[22, 50]",[38],6.433452129364014,3.0470809936523438
rp1m_restore_hands,14,1.6735424798075782,"[22, 50]","[22, 50]",[38],6.283373832702637,3.078171491622925
rp1m_restore_hands,15,0.9913141727239775,"[22, 50]","[22, 50]",[],6.688444137573242,3.0910818576812744
rp1m_restore_hands,16,1.6761152093315048,"[22, 50]","[22, 50]",[],5.808900356292725,2.875514507293701
rp1m_restore_hands,17,2.0052361790025435,"[22, 50]","[22, 50]",[],6.1305742263793945,2.730719566345215
rp1m_restore_hands,18,1.871984454227574,"[22, 50]","[22, 50]",[],5.822307109832764,2.8288493156433105
rp1m_restore_hands,19,0.9056838398765477,"[22, 50]","[22, 50]","[44, 47]",5.67588996887207,3.0210440158843994
rp1m_restore_hands,20,1.085075585638584,"[22, 50]","[22, 50]",[49],6.477537155151367,2.9637956619262695
rp1m_restore_hands,21,1.5730776044863153,"[22, 50]","[22, 50]",[],6.939185619354248,2.9277119636535645
rp1m_restore_hands,22,2.1818958953996828,"[22, 50]","[22, 50]",[],6.386830806732178,2.9559850692749023
rp1m_restore_hands,23,1.7268583169658576,"[22, 50]","[22, 50]",[52],6.403535842895508,2.6353304386138916
rp1m_restore_hands,24,1.7328046242833761,"[22, 50]","[22, 50]",[52],7.285067558288574,3.0714752674102783
rp1m_restore_hands,25,2.028883828406201,"[22, 34, 50]","[22, 50]",[],7.61207914352417,3.1179349422454834
rp1m_restore_hands,26,1.4656013262203946,"[22, 34, 50]","[22, 50]",[],7.62642765045166,3.0808515548706055
rp1m_restore_hands,27,1.5862601413869921,"[22, 34, 50]","[22, 50]",[],7.238038063049316,3.1111316680908203
rp1m_restore_hands,28,1.9892687989442182,"[22, 34, 50]","[20, 22, 50]",[],6.444832801818848,3.0582127571105957
rp1m_restore_hands,29,0.7686289519628349,"[22, 34, 50]","[20, 22, 50]",[52],6.802675724029541,3.0921542644500732
rp1m_restore_hands,30,1.219063888667304,"[22, 34, 50]","[22, 50]",[],6.285158157348633,2.972386598587036
rp1m_restore_hands,31,1.9959179145307921,"[22, 34, 50]","[22, 50]",[],6.971067905426025,3.0189945697784424
rp1m_restore_hands,32,1.557501123862866,"[22, 34, 50]","[22, 50]",[69],6.900534629821777,3.0899112224578857
rp1m_restore_hands,33,1.937775368175089,"[22, 34, 50]","[22, 50]",[],6.944094657897949,3.1259403228759766
rp1m_restore_hands,34,-0.04569930092160801,"[22, 34, 50]","[22, 50]",[],6.81732702255249,3.1276307106018066
rp1m_restore_hands,35,-1.3620524310033206,"[22, 34, 50]","[22, 50]",[61],6.625476360321045,3.0320167541503906
rp1m_restore_hands,36,1.4439260922406867,"[22, 34, 50]","[22, 50]",[54],6.7949652671813965,2.985661268234253
rp1m_restore_hands,37,1.1075334302797528,"[22, 34, 50, 51]","[22, 50]","[49, 50]",6.483022212982178,2.8976454734802246
rp1m_restore_hands,38,1.3626834819342453,"[22, 34, 51]","[22, 50]",[],6.49158239364624,3.015713930130005
rp1m_restore_hands,39,1.6218043673643856,"[22, 34, 51]","[22, 51]",[48],6.3827056884765625,3.0493340492248535
rp1m_restore_hands,40,1.9021313910792674,"[22, 34, 51]","[22, 51]","[51, 52]",6.758133888244629,2.9993581771850586
rp1m_restore_hands,41,2.2216407255952193,"[22, 34, 51]","[22, 51]",[51],6.919722080230713,3.1013967990875244
rp1m_restore_hands,42,1.2632893862644068,"[22, 34, 51]","[22, 51]",[51],7.512263774871826,3.111968517303467
rp1m_restore_hands,43,0.9135326501261408,"[22, 34, 51]","[22, 51]",[],6.948280334472656,3.121408224105835
rp1m_restore_hands,44,1.597999806911515,"[22, 34, 51]","[22, 51]",[],6.9991230964660645,3.1051456928253174
rp1m_restore_hands,45,1.604974365780349,"[22, 34, 51]","[22, 51]",[],7.128118991851807,3.074857473373413
rp1m_restore_hands,46,1.9473183117786517,"[22, 34, 51]","[22, 51]",[],7.052918910980225,3.07279896736145
rp1m_restore_hands,47,2.0094411982494234,"[22, 34, 51]","[22, 51]",[],6.743175506591797,3.0898170471191406
rp1m_restore_hands,48,2.0104068714507166,"[22, 34, 51]","[22, 51]",[],6.693942546844482,2.8216419219970703
rp1m_restore_hands,49,1.4458708151338704,"[22, 34, 51]","[22, 51]","[43, 44]",6.645892143249512,3.0027945041656494
rp1m_restore_hands,50,0.4759686948523158,"[22, 31, 34, 50]","[22, 51]","[44, 46]",6.073883056640625,3.0360097885131836
rp1m_restore_hands,51,0.5388253232005789,"[31, 34, 50]",[],[],7.3024983406066895,3.119070291519165
rp1m_restore_hands,52,0.6761922406774414,"[31, 34, 50]",[50],[],7.971019744873047,3.1133389472961426
rp1m_restore_hands,53,0.7107734923298975,"[31, 34, 48, 50]","[34, 48, 50]",[],7.722471237182617,3.0880343914031982
rp1m_restore_hands,54,1.7899940174102928,"[31, 34, 48]","[31, 34, 48, 50]",[33],6.909069061279297,2.8544318675994873
rp1m_restore_hands,55,1.0533114724912036,"[31, 34, 48]","[31, 34, 36]","[22, 33]",6.867392063140869,3.1194896697998047
rp1m_restore_hands,56,0.1531984268428861,"[31, 34, 48, 50]","[31, 34, 48]",[37],7.295763969421387,2.888327121734619
rp1m_restore_hands,57,2.0175120638340047,"[31, 34, 50]","[31, 34, 48]",[],7.072745323181152,2.9811341762542725
rp1m_restore_hands,58,1.7589556893767497,"[31, 34, 50]","[31, 34, 48]",[],6.471428394317627,2.9860548973083496
rp1m_restore_hands,59,1.1110694048808305,"[31, 34, 48, 50]","[31, 34, 48]",[],7.097076892852783,2.8702549934387207
rp1m_restore_hands,60,0.9753847257239596,"[31, 34, 48]","[31, 34, 48]","[41, 43]",6.53369665145874,3.0631048679351807
rp1m_restore_hands,61,2.310483966936176,"[31, 34, 48]","[31, 34, 48]",[],5.9764814376831055,2.759889602661133
rp1m_restore_hands,62,0.5222194187926457,"[31, 34, 48]","[31, 34, 48]",[],5.783876895904541,2.6393556594848633
rp1m_restore_hands,63,1.9832169056180473,"[31, 34, 48]","[31, 34, 48]",[],7.084377288818359,2.886265277862549
rp1m_restore_hands,64,1.0989486914038902,"[31, 34, 48]","[31, 34, 48]",[],7.103121280670166,2.9703879356384277
rp1m_restore_hands,65,2.105934512695833,"[31, 34, 48]","[31, 34, 48]",[],6.493990421295166,2.838717460632324
rp1m_restore_hands,66,1.8906544760188586,"[31, 34, 48]","[31, 34, 48]",[],7.702935218811035,3.0982518196105957
rp1m_restore_hands,67,2.095764638745611,"[31, 34, 48]","[31, 34, 48]",[],7.792529582977295,3.134152889251709
rp1m_restore_hands,68,0.9617656655656991,"[31, 34, 46, 48]","[31, 34, 48]",[],7.996274471282959,3.0989246368408203
rp1m_restore_hands,69,1.2655451451266313,"[31, 34, 46]","[31, 34, 48]",[],7.491410255432129,2.947171211242676
rp1m_restore_hands,70,1.0973211323264076,"[31, 34, 46]","[31, 34, 50]",[49],8.214097023010254,3.092890501022339
rp1m_restore_hands,71,1.0056823864003024,"[31, 34, 46]","[31, 34, 46]",[42],8.290492057800293,3.0013415813446045
rp1m_restore_hands,72,1.0634010797499684,"[31, 34, 46]","[31, 34, 46]","[38, 43]",7.642470359802246,3.0420610904693604
rp1m_restore_hands,73,1.5463183463739878,"[31, 34, 46]","[31, 34, 46]",[],6.432484149932861,2.7239606380462646
rp1m_restore_hands,74,1.9822527608568667,"[31, 34, 46]","[31, 34, 46]",[],7.111715793609619,3.112992286682129
rp1m_restore_hands,75,1.2671041894952584,"[26, 31, 34, 53]","[31, 34, 46]",[39],6.837702751159668,3.092883348464966
rp1m_restore_hands,76,0.8970320112725316,"[26, 34, 53]","[31, 34, 53]","[39, 41]",6.5710673332214355,2.9224326610565186
rp1m_restore_hands,77,2.0143568164228074,"[26, 34, 53]","[34, 53]",[],6.414872169494629,3.064629077911377
rp1m_restore_hands,78,1.3051841365296073,"[26, 34, 53]","[34, 53]",[],7.100994110107422,2.999403953552246
rp1m_restore_hands,79,1.5537220951226416,"[26, 34, 53]","[26, 27, 34, 53]",[],7.0259599685668945,3.061913251876831
rp1m_restore_hands,80,2.0824033435643634,"[26, 34, 53]","[26, 34, 53]",[],7.654726982116699,3.051398992538452
rp1m_restore_hands,81,1.421173156206318,"[26, 34, 53]","[26, 34, 53]",[],7.193090438842773,3.0673680305480957
rp1m_restore_hands,82,1.2977311323709781,"[26, 34, 53]","[26, 34, 53]",[38],6.997188568115234,3.041896343231201
rp1m_restore_hands,83,1.9092205152613522,"[26, 34, 53]","[26, 34, 53]",[],7.582589149475098,3.0745065212249756
rp1m_restore_hands,84,1.9368557524584336,"[26, 34, 53]","[26, 34, 53]",[],7.114199638366699,2.968526840209961
rp1m_restore_hands,85,1.5615816026328813,"[26, 34, 53]","[26, 34, 53]",[],7.0291900634765625,3.129321813583374
rp1m_restore_hands,86,0.867311087914288,"[26, 34, 53]","[26, 34, 53]","[38, 39]",6.706507682800293,3.104600429534912
rp1m_restore_hands,87,-0.09967456650051987,"[26, 34, 53]","[26, 34, 53]",[],7.169608116149902,2.9532525539398193
rp1m_restore_hands,88,1.1450722879257835,"[26, 34, 53]","[26, 34, 53]",[],7.027928829193115,3.097447633743286
rp1m_restore_hands,89,1.9330261596858613,"[26, 34, 53]","[26, 34, 53]",[],6.876181125640869,3.0553972721099854
rp1m_restore_hands,90,1.930512938885376,"[26, 34, 53]","[26, 34, 53]",[],7.199893474578857,3.1222147941589355
rp1m_restore_hands,91,1.633947227755627,"[26, 34, 53]","[26, 34, 53]",[],7.2181196212768555,3.0319936275482178
rp1m_restore_hands,92,0.9928133954899778,"[26, 34, 53]","[26, 34, 53]",[],6.896482467651367,3.092228412628174
rp1m_restore_hands,93,2.057812053221464,"[26, 34, 53]","[26, 34, 53]",[],6.686176300048828,3.02121901512146
rp1m_restore_hands,94,0.8787984187919183,"[26, 34, 53]","[26, 34, 53]",[],6.6166486740112305,3.0485424995422363
rp1m_restore_hands,95,2.021933933602129,"[26, 34, 53]","[26, 34, 53]",[],6.657625198364258,3.0029356479644775
rp1m_restore_hands,96,1.425586617010413,"[26, 34, 53]","[26, 34, 53]","[49, 52]",6.799590587615967,3.1165072917938232
rp1m_restore_hands,97,0.766512307588826,"[26, 34, 53]","[26, 34, 53]",[],7.386986255645752,3.1197361946105957
rp1m_restore_hands,98,1.9736826928999442,"[26, 34, 53]","[26, 34, 53]",[],6.891757011413574,3.0552167892456055
rp1m_restore_hands,99,1.319894214127917,"[26, 34, 53]","[26, 34, 53]",[],7.044199466705322,3.1315412521362305
rp1m_restore_hands,100,1.8430067257793332,"[26, 27, 34]","[26, 34, 53]",[],6.3014678955078125,3.0692927837371826
rp1m_restore_hands,101,1.74915943943727,"[27, 34, 53]","[26, 34, 53]",[],7.015872478485107,3.1347737312316895
rp1m_restore_hands,102,1.118833491957433,"[27, 34, 53]","[34, 53]",[],6.902149677276611,2.981499195098877
rp1m_restore_hands,103,1.5315829557980392,"[27, 34, 53]","[34, 53]",[],6.928606986999512,3.002837896347046
rp1m_restore_hands,104,1.636128765432671,"[27, 34, 53]","[27, 34, 53]",[],6.686774253845215,3.0041730403900146
rp1m_restore_hands,105,1.2697681850683264,"[27, 34, 53]","[27, 34, 53]",[],6.6584696769714355,3.1046791076660156
rp1m_restore_hands,106,1.303238177375154,"[27, 34, 53]","[27, 34, 53]",[],6.735018730163574,2.947908401489258
rp1m_restore_hands,107,0.7467683901548894,"[27, 34, 53]","[27, 34, 53]",[40],7.178104877471924,3.040879249572754
rp1m_restore_hands,108,1.8499286237099852,"[27, 34, 53]","[27, 34, 53]",[],7.062036037445068,3.097301959991455
rp1m_restore_hands,109,2.076000550029354,"[27, 34, 53]","[27, 34, 53]",[],6.885330677032471,3.095736503601074
rp1m_restore_hands,110,1.9748466025258269,"[27, 34, 53]","[27, 34, 53]",[],7.323398590087891,3.0303187370300293
rp1m_restore_hands,111,1.424296937149186,"[27, 34, 53]","[27, 34, 53]",[42],7.469709873199463,3.01757550239563
rp1m_restore_hands,112,1.3335884363344577,"[27, 34, 53]","[27, 34, 53]",[45],6.789231777191162,2.961064100265503
rp1m_restore_hands,113,1.9645073567390825,"[27, 53]","[27, 34, 53]","[49, 50, 51]",6.455595970153809,2.8323261737823486
rp1m_restore_hands,114,1.6440390393555562,"[27, 34, 53]","[27, 53]",[49],7.682113170623779,3.033936023712158
rp1m_restore_hands,115,1.1131402740238279,"[27, 34, 53]","[27, 34, 53]",[],7.764873027801514,3.1309683322906494
rp1m_restore_hands,116,2.21051454096002,"[27, 34, 53]","[27, 34, 53]",[],6.769832611083984,2.926302909851074
rp1m_restore_hands,117,1.647330225712837,"[27, 34, 53]","[27, 34, 53]",[],7.144345760345459,3.0662896633148193
rp1m_restore_hands,118,1.1940014627512041,"[27, 34, 53]","[27, 34, 53]",[42],7.491989612579346,3.0366604328155518
rp1m_restore_hands,119,1.095172637668143,"[27, 34, 53]","[27, 34, 53]",[],7.011593818664551,3.0950655937194824
rp1m_restore_hands,0,1.1046575065614532,"[22, 50]",[],[],4.1874918937683105,1.9144946336746216
rp1m_restore_hands,1,0.6878539413988329,"[22, 50]",[],[],5.362028121948242,2.6591637134552
rp1m_restore_hands,2,0.6436890488627975,"[22, 50]",[],[],5.873545169830322,3.1014585494995117
rp1m_restore_hands,3,1.3558489734122665,"[22, 48, 50]",[],[],6.4970598220825195,3.1216681003570557
rp1m_restore_hands,4,2.282486496960159,"[22, 48]",[48],[],6.536345958709717,3.0645101070404053
rp1m_restore_hands,5,2.6293981964773923,"[22, 48]",[48],[],6.463200092315674,2.749483108520508
rp1m_restore_hands,6,2.2231378268739355,"[22, 48]","[23, 48]",[46],6.801428318023682,3.1051626205444336
rp1m_restore_hands,7,1.6432131948846038,"[22, 50]","[22, 24, 48]","[26, 27, 48]",6.166823387145996,3.005903959274292
rp1m_restore_hands,8,2.378676177388586,"[22, 50]",[22],[],6.502008438110352,3.1032838821411133
rp1m_restore_hands,9,0.7451833873485871,"[22, 50]",[22],[47],7.22221565246582,3.1178832054138184
rp1m_restore_hands,10,1.9832896932412496,"[22, 50]","[22, 48, 50]",[],6.699024200439453,3.106229543685913
rp1m_restore_hands,11,1.124803707503281,"[22, 50]","[22, 50]",[],6.539691925048828,3.004923105239868
rp1m_restore_hands,12,2.167162150048353,"[22, 50]","[22, 50]",[],6.4021806716918945,3.0393686294555664
rp1m_restore_hands,13,1.8151223315861538,"[22, 50]","[22, 50]",[],6.642247200012207,3.0470809936523438
rp1m_restore_hands,14,2.4416208545787277,"[22, 50]","[22, 50]",[],6.73236083984375,3.078171491622925
rp1m_restore_hands,15,2.7379486270452738,"[22, 50]","[22, 50]",[50],7.265827655792236,3.083540678024292
rp1m_restore_hands,16,2.0734138834129343,"[22, 50]","[22, 50]",[],6.546656131744385,2.9132678508758545
rp1m_restore_hands,17,2.300156330914157,"[22, 50]","[22, 50]",[],6.935360908508301,3.0757665634155273
rp1m_restore_hands,18,1.3196465057729765,"[22, 50]","[22, 50]",[31],6.640272617340088,3.1091105937957764
rp1m_restore_hands,19,1.4795678252358002,"[22, 50]","[22, 50]",[47],6.325384616851807,2.906810760498047
rp1m_restore_hands,20,1.5613778272114867,"[22, 50]","[22, 50]","[46, 47]",6.581197261810303,2.981119155883789
rp1m_restore_hands,21,1.8566632279245143,"[22, 50]","[22, 50]",[],7.430640697479248,3.050692558288574
rp1m_restore_hands,22,2.15610140443623,"[22, 50]","[22, 50]",[],6.751891136169434,3.0907809734344482
rp1m_restore_hands,23,1.4659112709366307,"[22, 50]","[22, 50]",[],6.784371852874756,3.1237716674804688
rp1m_restore_hands,24,1.7240762937548746,"[22, 50]","[22, 50]",[51],6.8439040184021,3.0887975692749023
rp1m_restore_hands,25,1.415202899513052,"[22, 34, 50]","[22, 50]",[33],7.0930657386779785,3.1179349422454834
rp1m_restore_hands,26,1.800904403809812,"[22, 34, 50]","[22, 50]",[33],6.922634124755859,3.0557162761688232
rp1m_restore_hands,27,0.9351711352146654,"[22, 34, 50]","[22, 50]",[33],6.321909427642822,2.7245421409606934
rp1m_restore_hands,28,1.858641780682342,"[22, 34, 50]","[20, 22, 50]","[33, 43]",5.880053997039795,2.8196728229522705
rp1m_restore_hands,29,0.9354791089606203,"[22, 34, 50]","[20, 22, 50]",[43],5.869408130645752,2.921795129776001
rp1m_restore_hands,30,0.795276329933639,"[22, 34, 50]","[22, 50]","[42, 43, 46]",4.824124336242676,2.3248953819274902
rp1m_restore_hands,31,1.6595216503393357,"[22, 34, 50]","[22, 50]","[43, 46]",5.648016929626465,2.52266788482666
rp1m_restore_hands,32,1.0192061175495144,"[22, 34, 50]","[22, 50]",[43],5.967806816101074,2.5730247497558594
rp1m_restore_hands,33,1.950331002227402,"[22, 34, 50]","[22, 50]",[43],6.0326948165893555,2.8997702598571777
rp1m_restore_hands,34,1.9476980368825139,"[22, 34, 50]","[22, 50]",[],5.77133321762085,2.459092378616333
rp1m_restore_hands,35,2.035471801081228,"[22, 34, 50]","[22, 50]",[],6.351499080657959,3.072795867919922
rp1m_restore_hands,36,1.4767860561920902,"[22, 34, 50]","[22, 50]",[],6.947193145751953,2.985661268234253
rp1m_restore_hands,37,0.7161068548494027,"[22, 34, 50, 51]","[22, 50]",[],6.566626071929932,3.1090943813323975
rp1m_restore_hands,38,2.079078057294337,"[22, 34, 51]","[22, 50]","[34, 36, 56]",6.333004951477051,3.103752374649048
rp1m_restore_hands,39,1.82185157536122,"[22, 34, 51]","[22, 51]",[56],6.187175750732422,3.0493340492248535
rp1m_restore_hands,40,2.148064021087009,"[22, 34, 51]","[22, 51]",[],6.515633583068848,3.050344705581665
rp1m_restore_hands,41,2.2384641560169567,"[22, 34, 51]","[22, 51]",[],6.428632736206055,3.0512824058532715
rp1m_restore_hands,42,2.045414960612723,"[22, 34, 51]","[22, 51]",[],6.685437202453613,3.131103992462158
rp1m_restore_hands,43,1.5099088505564993,"[22, 34, 51]","[22, 51]",[],6.591246604919434,3.0092809200286865
rp1m_restore_hands,44,0.5120549782744187,"[22, 34, 51]","[22, 51]",[],7.059749603271484,3.0740907192230225
rp1m_restore_hands,45,1.2313237628333769,"[22, 34, 51]","[22, 51]",[],7.020003795623779,3.0051238536834717
rp1m_restore_hands,46,1.722710152383162,"[22, 34, 51]","[22, 51]",[],6.795110702514648,2.8602654933929443
rp1m_restore_hands,47,1.6357632174130603,"[22, 34, 51]","[22, 51]",[],6.991787910461426,3.064493179321289
rp1m_restore_hands,48,1.8284832375513773,"[22, 34, 51]","[22, 51]","[31, 32]",7.038074970245361,3.1304075717926025
rp1m_restore_hands,49,1.5306568399845792,"[22, 34, 51]","[22, 51]",[31],6.632347583770752,3.0027945041656494
rp1m_restore_hands,50,1.5260061458821057,"[22, 31, 34, 50]","[22, 51]","[29, 31]",5.602960586547852,3.078994035720825
rp1m_restore_hands,51,1.064560670036857,"[31, 34, 50]",[],[],6.836488246917725,3.1060688495635986
rp1m_restore_hands,52,1.0714159949305653,"[31, 34, 50]",[50],[],7.626058101654053,3.0721137523651123
rp1m_restore_hands,53,1.2531272257398807,"[31, 34, 48, 50]","[34, 48, 50]",[],7.941427707672119,3.0462872982025146
rp1m_restore_hands,54,1.7792774201531842,"[31, 34, 48]","[31, 34, 48, 50]","[29, 31]",6.170502185821533,2.7577216625213623
rp1m_restore_hands,55,1.5436310661088903,"[31, 34, 48]","[31, 34, 36]",[50],6.518585205078125,3.1194896697998047
rp1m_restore_hands,56,2.1952847715156274,"[31, 34, 48, 50]","[31, 34, 48]","[50, 51]",7.424030780792236,3.0782124996185303
rp1m_restore_hands,57,1.8480039765629113,"[31, 34, 50]","[31, 34, 48]",[],6.961498260498047,2.7993156909942627
rp1m_restore_hands,58,1.84254301400555,"[31, 34, 50]","[31, 34, 48]",[32],6.631970405578613,2.9253108501434326
rp1m_restore_hands,59,1.8767637015803063,"[31, 34, 48, 50]","[31, 34, 48]",[],6.299686431884766,2.976512908935547
rp1m_restore_hands,60,1.7386158480043425,"[31, 34, 48]","[31, 34, 48]",[],6.409908294677734,2.941655397415161
rp1m_restore_hands,61,2.1185348553321446,"[31, 34, 48]","[31, 34, 48]",[],6.17336368560791,3.1178746223449707
rp1m_restore_hands,62,-0.03346414185434643,"[31, 34, 48]","[31, 34, 48]",[63],6.544992446899414,3.025651454925537
rp1m_restore_hands,63,0.3138079967323948,"[31, 34, 48]","[31, 34, 48]",[63],7.5018134117126465,3.110811471939087
rp1m_restore_hands,64,2.4062692706760993,"[31, 34, 48]","[31, 34, 48]",[],7.520875453948975,3.0622472763061523
rp1m_restore_hands,65,1.3759397326610163,"[31, 34, 48]","[31, 34, 48]","[48, 49, 50]",6.768738269805908,2.9752931594848633
rp1m_restore_hands,66,1.8770784137783352,"[31, 34, 48]","[31, 34, 48]",[],7.392825126647949,3.047924041748047
rp1m_restore_hands,67,2.1029666223243124,"[31, 34, 48]","[31, 34, 48]",[],8.017522811889648,3.134152889251709
rp1m_restore_hands,68,2.3040160533096334,"[31, 34, 46, 48]","[31, 34, 48]",[],7.893943786621094,3.0989246368408203
rp1m_restore_hands,69,2.0654588380868035,"[31, 34, 46]","[31, 34, 48]",[32],7.2122321128845215,3.0721588134765625
rp1m_restore_hands,70,2.031115038638848,"[31, 34, 46]","[31, 34, 50]",[],8.098892211914062,3.098041296005249
rp1m_restore_hands,71,1.150076882179704,"[31, 34, 46]","[31, 34, 46]",[],8.032772064208984,3.118147850036621
rp1m_restore_hands,72,1.337207456029462,"[31, 34, 46]","[31, 34, 46]",[],7.621572494506836,3.0055992603302
rp1m_restore_hands,73,2.013789518078051,"[31, 34, 46]","[31, 34, 46]",[],7.198462963104248,2.863346815109253
rp1m_restore_hands,74,2.084268439063785,"[31, 34, 46]","[31, 34, 46]",[],7.039668083190918,3.0357131958007812
rp1m_restore_hands,75,1.9369025829611204,"[26, 31, 34, 53]","[31, 34, 46]",[],7.104735374450684,3.0528175830841064
rp1m_restore_hands,76,2.1618131930475806,"[26, 34, 53]","[31, 34, 53]",[],7.019330978393555,2.9432077407836914
rp1m_restore_hands,77,2.4185063217566385,"[26, 34, 53]","[34, 53]",[],6.893612384796143,2.9913454055786133
rp1m_restore_hands,78,2.251534660701203,"[26, 34, 53]","[34, 53]",[],7.0644707679748535,3.0703959465026855
rp1m_restore_hands,79,1.5085715311197119,"[26, 34, 53]","[26, 27, 34, 53]",[],7.293242454528809,3.0279507637023926
rp1m_restore_hands,80,2.2960636506720067,"[26, 34, 53]","[26, 34, 53]",[],7.353274345397949,2.9643959999084473
rp1m_restore_hands,81,2.3663566866894836,"[26, 34, 53]","[26, 34, 53]",[],7.79345703125,3.0235977172851562
rp1m_restore_hands,82,2.402915719598711,"[26, 34, 53]","[26, 34, 53]",[],7.6320576667785645,3.041896343231201
rp1m_restore_hands,83,2.362071284176748,"[26, 34, 53]","[26, 34, 53]",[],7.529292106628418,3.0101664066314697
rp1m_restore_hands,84,2.092616735426088,"[26, 34, 53]","[26, 34, 53]",[],6.67240571975708,2.968526840209961
rp1m_restore_hands,85,2.353470185794579,"[26, 34, 53]","[26, 34, 53]",[],6.937347888946533,3.076643943786621
rp1m_restore_hands,86,2.153241914840577,"[26, 34, 53]","[26, 34, 53]",[],6.907736778259277,2.9890027046203613
rp1m_restore_hands,87,0.7600413739976547,"[26, 34, 53]","[26, 34, 53]",[],7.0671844482421875,2.769960880279541
rp1m_restore_hands,88,2.4424070562075815,"[26, 34, 53]","[26, 34, 53]",[],7.404341697692871,3.039018154144287
rp1m_restore_hands,89,2.1891955516346373,"[26, 34, 53]","[26, 34, 53]",[],6.6748809814453125,2.8545165061950684
rp1m_restore_hands,90,1.3250069561113722,"[26, 34, 53]","[26, 34, 53]",[],7.584272861480713,3.0368120670318604
rp1m_restore_hands,91,1.2039857561549008,"[26, 34, 53]","[26, 34, 53]",[],7.240078926086426,3.0319936275482178
rp1m_restore_hands,92,0.8644978893346899,"[26, 34, 53]","[26, 34, 53]",[24],7.2386627197265625,3.035645008087158
rp1m_restore_hands,93,2.1548253307356924,"[26, 34, 53]","[26, 34, 53]",[],6.880153179168701,3.02121901512146
rp1m_restore_hands,94,1.4424828000625711,"[26, 34, 53]","[26, 34, 53]",[24],6.643461227416992,3.026224136352539
rp1m_restore_hands,95,1.8900719992492594,"[26, 34, 53]","[26, 34, 53]",[],6.903325080871582,2.9965879917144775
rp1m_restore_hands,96,1.9012322955454455,"[26, 34, 53]","[26, 34, 53]",[],7.680163860321045,2.9643373489379883
rp1m_restore_hands,97,2.177122924745344,"[26, 34, 53]","[26, 34, 53]",[],7.754796028137207,3.046614408493042
rp1m_restore_hands,98,1.9766085544061585,"[26, 34, 53]","[26, 34, 53]",[],7.278674602508545,2.9770851135253906
rp1m_restore_hands,99,1.5865460648771166,"[26, 34, 53]","[26, 34, 53]",[],7.1303534507751465,3.1315412521362305
rp1m_restore_hands,100,1.9483251241043251,"[26, 27, 34]","[26, 34, 53]",[],6.525470733642578,3.0371713638305664
rp1m_restore_hands,101,1.5074912601738937,"[27, 34, 53]","[26, 34, 53]",[],6.779374599456787,2.748201370239258
rp1m_restore_hands,102,2.1028386230390512,"[27, 34, 53]","[34, 53]",[],7.105072498321533,2.9478867053985596
rp1m_restore_hands,103,2.267722896335683,"[27, 34, 53]","[34, 53]",[],7.1032209396362305,2.9991631507873535
rp1m_restore_hands,104,1.4863786055505195,"[27, 34, 53]","[27, 34, 53]","[29, 31]",7.250336647033691,3.0323684215545654
rp1m_restore_hands,105,1.4002459370612692,"[27, 34, 53]","[27, 34, 53]",[],7.1995530128479,2.968379020690918
rp1m_restore_hands,106,1.6591181363826255,"[27, 34, 53]","[27, 34, 53]",[25],7.132600784301758,2.8931195735931396
rp1m_restore_hands,107,1.601951189516191,"[27, 34, 53]","[27, 34, 53]","[41, 43]",7.266624450683594,2.9565181732177734
rp1m_restore_hands,108,1.2844444904426418,"[27, 34, 53]","[27, 34, 53]",[],7.373713970184326,3.1181790828704834
rp1m_restore_hands,109,1.7721833673012461,"[27, 34, 53]","[27, 34, 53]",[],6.704170227050781,3.083399534225464
rp1m_restore_hands,110,1.5972564837352954,"[27, 34, 53]","[27, 34, 53]",[],7.8341779708862305,3.035015344619751
rp1m_restore_hands,111,1.0753244880043837,"[27, 34, 53]","[27, 34, 53]",[],6.977077484130859,2.9652199745178223
rp1m_restore_hands,112,1.536687842952102,"[27, 34, 53]","[27, 34, 53]","[46, 48, 50]",6.868686676025391,2.9830360412597656
rp1m_restore_hands,113,2.07529752190535,"[27, 53]","[27, 34, 53]",[],6.738091945648193,3.0900440216064453
rp1m_restore_hands,114,1.5870007116604068,"[27, 34, 53]","[27, 53]",[56],7.620286464691162,3.127467632293701
rp1m_restore_hands,115,0.9669518553166451,"[27, 34, 53]","[27, 34, 53]",[31],7.4904584884643555,3.0950019359588623
rp1m_restore_hands,116,2.0616637242098115,"[27, 34, 53]","[27, 34, 53]",[],6.950978755950928,2.7519304752349854
rp1m_restore_hands,117,2.390003544665154,"[27, 34, 53]","[27, 34, 53]",[],7.2722554206848145,3.013038158416748
rp1m_restore_hands,118,1.9298175297287532,"[27, 34, 53]","[27, 34, 53]",[],6.792761325836182,2.9568488597869873
rp1m_restore_hands,119,1.4063638216957832,"[27, 34, 53]","[27, 34, 53]",[],6.381219863891602,2.9996752738952637
zero,0,2.0763452755013887,"[22, 50]",[],[],0.0,0.0
zero,1,2.0864306976211084,"[22, 50]",[],[],0.0,0.0
zero,2,2.090594405482662,"[22, 50]",[],[],0.0,0.0
zero,3,2.1028916489859157,"[22, 48, 50]",[],[],0.0,0.0
zero,4,2.115164673246054,"[22, 48]",[48],[],0.0,0.0
zero,5,2.1158462508238896,"[22, 48]",[48],[],0.0,0.0
zero,6,2.1164460870063175,"[22, 48]","[23, 48]",[],0.0,0.0
zero,7,2.1053751213398,"[22, 50]","[22, 24, 48]",[],0.0,0.0
zero,8,2.0946906100151477,"[22, 50]",[22],[],0.0,0.0
zero,9,2.095045652133906,"[22, 50]",[22],[],0.0,0.0
zero,10,2.095364264206576,"[22, 50]","[22, 48, 50]",[],0.0,0.0
zero,11,2.0956501963511642,"[22, 50]","[22, 50]",[],0.0,0.0
zero,12,2.095906816090261,"[22, 50]","[22, 50]",[],0.0,0.0
zero,13,2.0961371474169654,"[22, 50]","[22, 50]",[],0.0,0.0
zero,14,2.0963439053584816,"[22, 50]","[22, 50]",[],0.0,0.0
zero,15,2.096529525411672,"[22, 50]","[22, 50]",[],0.0,0.0
zero,16,2.096696190489207,"[22, 50]","[22, 50]",[],0.0,0.0
zero,17,2.096845859225625,"[22, 50]","[22, 50]",[],0.0,0.0
zero,18,2.096980287499566,"[22, 50]","[22, 50]",[],0.0,0.0
zero,19,2.0971010485243173,"[22, 50]","[22, 50]",[],0.0,0.0
zero,20,2.097209551690174,"[22, 50]","[22, 50]",[],0.0,0.0
zero,21,2.097307059615746,"[22, 50]","[22, 50]",[],0.0,0.0
zero,22,2.0973947034446203,"[22, 50]","[22, 50]",[],0.0,0.0
zero,23,2.097473496569104,"[22, 50]","[22, 50]",[],0.0,0.0
zero,24,2.0975443469422217,"[22, 50]","[22, 50]",[],0.0,0.0
zero,25,2.1003591937827957,"[22, 34, 50]","[22, 50]",[],0.0,0.0
zero,26,2.100415470416797,"[22, 34, 50]","[22, 50]",[],0.0,0.0
zero,27,2.1004660548414824,"[22, 34, 50]","[22, 50]",[],0.0,0.0
zero,28,2.1005115365894804,"[22, 34, 50]","[20, 22, 50]",[],0.0,0.0
zero,29,2.1005524427042648,"[22, 34, 50]","[20, 22, 50]",[],0.0,0.0
zero,30,2.1005892444956173,"[22, 34, 50]","[22, 50]",[],0.0,0.0
zero,31,2.100622363556501,"[22, 34, 50]","[22, 50]",[],0.0,0.0
zero,32,2.100652177121602,"[22, 34, 50]","[22, 50]",[],0.0,0.0
zero,33,2.100679022839472,"[22, 34, 50]","[22, 50]",[],0.0,0.0
zero,34,2.1007032030225625,"[22, 34, 50]","[22, 50]",[],0.0,0.0
zero,35,2.1007249884326207,"[22, 34, 50]","[22, 50]",[],0.0,0.0
zero,36,2.100744621652632,"[22, 34, 50]","[22, 50]",[],0.0,0.0
zero,37,2.1022641663000194,"[22, 34, 50, 51]","[22, 50]",[],0.0,0.0
zero,38,2.078040711481295,"[22, 34, 51]","[22, 50]",[],0.0,0.0
zero,39,2.078051808990993,"[22, 34, 51]","[22, 51]",[],0.0,0.0
zero,40,2.078061821049818,"[22, 34, 51]","[22, 51]",[],0.0,0.0
zero,41,2.0780708563112187,"[22, 34, 51]","[22, 51]",[],0.0,0.0
zero,42,2.078079012272929,"[22, 34, 51]","[22, 51]",[],0.0,0.0
zero,43,2.07808637645371,"[22, 34, 51]","[22, 51]",[],0.0,0.0
zero,44,2.0780930274426135,"[22, 34, 51]","[22, 51]",[],0.0,0.0
zero,45,2.0780990358349123,"[22, 34, 51]","[22, 51]",[],0.0,0.0
zero,46,2.0781044650672253,"[22, 34, 51]","[22, 51]",[],0.0,0.0
zero,47,2.078109372162979,"[22, 34, 51]","[22, 51]",[],0.0,0.0
zero,48,2.078113808398081,"[22, 34, 51]","[22, 51]",[],0.0,0.0
zero,49,2.0781178198955623,"[22, 34, 51]","[22, 51]",[],0.0,0.0
zero,50,2.101798476329061,"[22, 31, 34, 50]","[22, 51]",[],0.0,0.0
zero,51,2.1018026685827893,"[31, 34, 50]",[],[],0.0,0.0
zero,52,2.141370482330284,"[31, 34, 50]",[50],[],0.0,0.0
zero,53,2.1391154718817726,"[31, 34, 48, 50]","[34, 48, 50]",[],0.0,0.0
zero,54,2.157073106628979,"[31, 34, 48]","[31, 34, 48, 50]",[],0.0,0.0
zero,55,2.157077401479091,"[31, 34, 48]","[31, 34, 36]",[],0.0,0.0
zero,56,2.139126850436033,"[31, 34, 48, 50]","[31, 34, 48]",[],0.0,0.0
zero,57,2.1413900357671647,"[31, 34, 50]","[31, 34, 48]",[],0.0,0.0
zero,58,2.141392914909661,"[31, 34, 50]","[31, 34, 48]",[],0.0,0.0
zero,59,2.139135315557272,"[31, 34, 48, 50]","[31, 34, 48]",[],0.0,0.0
zero,60,2.1570935197308967,"[31, 34, 48]","[31, 34, 48]",[],0.0,0.0
zero,61,2.157095896223184,"[31, 34, 48]","[31, 34, 48]",[],0.0,0.0
zero,62,2.1570980510373143,"[31, 34, 48]","[31, 34, 48]",[],0.0,0.0
zero,63,2.1571000052460247,"[31, 34, 48]","[31, 34, 48]",[],0.0,0.0
zero,64,2.1571017778843777,"[31, 34, 48]","[31, 34, 48]",[],0.0,0.0
zero,65,2.1571033861508537,"[31, 34, 48]","[31, 34, 48]",[],0.0,0.0
zero,66,2.1571048455881225,"[31, 34, 48]","[31, 34, 48]",[],0.0,0.0
zero,67,2.157106170245596,"[31, 34, 48]","[31, 34, 48]",[],0.0,0.0
zero,68,2.132438964436755,"[31, 34, 46, 48]","[31, 34, 48]",[],0.0,0.0
zero,69,2.1569952658422915,"[31, 34, 46]","[31, 34, 48]",[],0.0,0.0
zero,70,2.156996252373017,"[31, 34, 46]","[31, 34, 50]",[],0.0,0.0
zero,71,2.156997148594292,"[31, 34, 46]","[31, 34, 46]",[],0.0,0.0
zero,72,2.1569979629634037,"[31, 34, 46]","[31, 34, 46]",[],0.0,0.0
zero,73,2.1569987031345597,"[31, 34, 46]","[31, 34, 46]",[],0.0,0.0
zero,74,2.1569993760364152,"[31, 34, 46]","[31, 34, 46]",[],0.0,0.0
zero,75,2.093501630084609,"[26, 31, 34, 53]","[31, 34, 46]",[],0.0,0.0
zero,76,2.0898075170308212,"[26, 34, 53]","[31, 34, 53]",[],0.0,0.0
zero,77,2.0898078216604485,"[26, 34, 53]","[34, 53]",[],0.0,0.0
zero,78,2.0898081012268843,"[26, 34, 53]","[34, 53]",[],0.0,0.0
zero,79,2.089808358016248,"[26, 34, 53]","[26, 27, 34, 53]",[],0.0,0.0
zero,80,2.0898085941026947,"[26, 34, 53]","[26, 34, 53]",[],0.0,0.0
zero,81,2.089808811368389,"[26, 34, 53]","[26, 34, 53]",[],0.0,0.0
zero,82,2.089809011521557,"[26, 34, 53]","[26, 34, 53]",[],0.0,0.0
zero,83,2.0898091961127987,"[26, 34, 53]","[26, 34, 53]",[],0.0,0.0
zero,84,2.089809366549854,"[26, 34, 53]","[26, 34, 53]",[],0.0,0.0
zero,85,2.089809524110942,"[26, 34, 53]","[26, 34, 53]",[],0.0,0.0
zero,86,2.089809669956847,"[26, 34, 53]","[26, 34, 53]",[],0.0,0.0
zero,87,2.0898098051418477,"[26, 34, 53]","[26, 34, 53]",[],0.0,0.0
zero,88,2.0898099306236135,"[26, 34, 53]","[26, 34, 53]",[],0.0,0.0
zero,89,2.0898100472721666,"[26, 34, 53]","[26, 34, 53]",[],0.0,0.0
zero,90,2.0898101558780016,"[26, 34, 53]","[26, 34, 53]",[],0.0,0.0
zero,91,2.089810257159435,"[26, 34, 53]","[26, 34, 53]",[],0.0,0.0
zero,92,2.0898103517692723,"[26, 34, 53]","[26, 34, 53]",[],0.0,0.0
zero,93,2.0898104403008464,"[26, 34, 53]","[26, 34, 53]",[],0.0,0.0
zero,94,2.0898105232934925,"[26, 34, 53]","[26, 34, 53]",[],0.0,0.0
zero,95,2.0898106012375135,"[26, 34, 53]","[26, 34, 53]",[],0.0,0.0
zero,96,2.0898106745786804,"[26, 34, 53]","[26, 34, 53]",[],0.0,0.0
zero,97,2.0898107437223166,"[26, 34, 53]","[26, 34, 53]",[],0.0,0.0
zero,98,2.0898108090370036,"[26, 34, 53]","[26, 34, 53]",[],0.0,0.0
zero,99,2.0898108708579404,"[26, 34, 53]","[26, 34, 53]",[],0.0,0.0
zero,100,2.0705554155965884,"[26, 27, 34]","[26, 34, 53]",[],0.0,0.0
zero,101,2.0795184044729886,"[27, 34, 53]","[26, 34, 53]",[],0.0,0.0
zero,102,2.1024791115770087,"[27, 34, 53]","[34, 53]",[],0.0,0.0
zero,103,2.1024791687414015,"[27, 34, 53]","[34, 53]",[],0.0,0.0
zero,104,2.1024792233847873,"[27, 34, 53]","[27, 34, 53]",[],0.0,0.0
zero,105,2.1024792757229562,"[27, 34, 53]","[27, 34, 53]",[],0.0,0.0
zero,106,2.102479325952265,"[27, 34, 53]","[27, 34, 53]",[],0.0,0.0
zero,107,2.1024793742514056,"[27, 34, 53]","[27, 34, 53]",[],0.0,0.0
zero,108,2.102479420783006,"[27, 34, 53]","[27, 34, 53]",[],0.0,0.0
zero,109,2.102479465695084,"[27, 34, 53]","[27, 34, 53]",[],0.0,0.0
zero,110,2.1024795091223742,"[27, 34, 53]","[27, 34, 53]",[],0.0,0.0
zero,111,2.102479551187529,"[27, 34, 53]","[27, 34, 53]",[],0.0,0.0
zero,112,2.1024795920022092,"[27, 34, 53]","[27, 34, 53]",[],0.0,0.0
zero,113,2.1005155183674242,"[27, 53]","[27, 34, 53]",[],0.0,0.0
zero,114,2.1024796702777158,"[27, 34, 53]","[27, 53]",[],0.0,0.0
zero,115,2.1024797079154123,"[27, 34, 53]","[27, 34, 53]",[],0.0,0.0
zero,116,2.1024797446579435,"[27, 34, 53]","[27, 34, 53]",[],0.0,0.0
zero,117,2.1024797805752327,"[27, 34, 53]","[27, 34, 53]",[],0.0,0.0
zero,118,2.1024798157309736,"[27, 34, 53]","[27, 34, 53]",[],0.0,0.0
zero,119,2.1024798501831894,"[27, 34, 53]","[27, 34, 53]",[],0.0,0.0
rp1m_reset_only,0,1.9000362001318853,"[22, 50]",[],[],2.6899521350860596,1.2783206701278687
rp1m_reset_only,1,1.7220783973070155,"[22, 50]",[],[],3.710949420928955,2.0420403480529785
rp1m_reset_only,2,1.7953822687256713,"[22, 50]",[],[],4.5620198249816895,1.6350353956222534
rp1m_reset_only,3,1.9982182510181041,"[22, 48, 50]",[],[],5.669368743896484,2.5738701820373535
rp1m_reset_only,4,2.391695350917027,"[22, 48]",[48],[],6.21337366104126,3.0660898685455322
rp1m_reset_only,5,2.6480551289003342,"[22, 48]",[48],[],6.545382022857666,3.126506805419922
rp1m_reset_only,6,2.2756954815878436,"[22, 48]","[23, 48]","[14, 15]",6.805098533630371,3.0970723628997803
rp1m_reset_only,7,2.6817946840184117,"[22, 50]","[22, 24, 48]",[],6.856607913970947,3.123786687850952
rp1m_reset_only,8,2.574578375297169,"[22, 50]",[22],[],7.048792362213135,3.1126904487609863
rp1m_reset_only,9,2.7402154802507512,"[22, 50]",[22],[],7.005462169647217,3.05721116065979
rp1m_reset_only,10,2.5446024731054013,"[22, 50]","[22, 48, 50]",[],7.278613090515137,3.003262519836426
rp1m_reset_only,11,2.441430348289807,"[22, 50]","[22, 50]",[],7.11920166015625,2.9922614097595215
rp1m_reset_only,12,2.4211131189397683,"[22, 50]","[22, 50]",[],7.537917613983154,3.0482733249664307
rp1m_reset_only,13,1.883394906444245,"[22, 50]","[22, 50]",[49],7.249638080596924,3.0464060306549072
rp1m_reset_only,14,2.627192734546092,"[22, 50]","[22, 50]",[],7.285197734832764,3.004523515701294
rp1m_reset_only,15,2.1706211126732313,"[22, 50]","[22, 50]",[13],7.5008344650268555,3.128988265991211
rp1m_reset_only,16,2.4195087810170506,"[22, 50]","[22, 50]",[],7.527334213256836,3.1029584407806396
rp1m_reset_only,17,2.4541647504169757,"[22, 50]","[22, 50]",[],7.333759307861328,3.108198404312134
rp1m_reset_only,18,2.0170527368172766,"[22, 50]","[22, 50]",[13],7.348487854003906,3.1337742805480957
rp1m_reset_only,19,2.030341372778019,"[22, 50]","[22, 50]","[13, 46]",7.441401481628418,3.060220241546631
rp1m_reset_only,20,2.1687502193960126,"[22, 50]","[22, 50]",[13],7.554788112640381,3.079604387283325
rp1m_reset_only,21,2.0229667048370232,"[22, 50]","[22, 50]",[46],7.40878963470459,2.9933667182922363
rp1m_reset_only,22,2.137490380552819,"[22, 50]","[22, 50]",[46],7.295293807983398,2.982585906982422
rp1m_reset_only,23,2.2255448326788176,"[22, 50]","[22, 50]","[15, 46]",7.037328243255615,3.1034741401672363
rp1m_reset_only,24,2.218985724409527,"[22, 50]","[22, 50]","[15, 46]",7.106387615203857,3.0374233722686768
rp1m_reset_only,25,1.8511432981106186,"[22, 34, 50]","[22, 50]",[17],7.047208309173584,3.098130941390991
rp1m_reset_only,26,2.372043260858365,"[22, 34, 50]","[22, 50]",[],7.331284999847412,3.0860049724578857
rp1m_reset_only,27,1.9417158782835648,"[22, 34, 50]","[22, 50]",[21],7.341503143310547,3.1136393547058105
rp1m_reset_only,28,2.0325394429919985,"[22, 34, 50]","[20, 22, 50]",[20],7.561102390289307,3.0575811862945557
rp1m_reset_only,29,2.133036174917783,"[22, 34, 50]","[20, 22, 50]",[20],7.922338008880615,3.0412347316741943
rp1m_reset_only,30,2.2034751955535343,"[22, 34, 50]","[22, 50]",[20],7.8109049797058105,3.1119601726531982
rp1m_reset_only,31,2.2469716253397634,"[22, 34, 50]","[22, 50]",[20],8.315778732299805,3.095654249191284
rp1m_reset_only,32,2.4141948582128165,"[22, 34, 50]","[22, 50]","[20, 50]",7.875421524047852,3.087696075439453
rp1m_reset_only,33,2.4986671860376,"[22, 34, 50]","[22, 50]","[20, 50]",8.16440200805664,3.109581232070923
rp1m_reset_only,34,2.410660442864037,"[22, 34, 50]","[22, 50]",[],8.01318073272705,3.1223647594451904
rp1m_reset_only,35,2.4184234201248205,"[22, 34, 50]","[22, 50]",[50],7.6860246658325195,3.0962345600128174
rp1m_reset_only,36,2.6355081582561306,"[22, 34, 50]","[22, 50]",[50],7.843501091003418,3.0588741302490234
rp1m_reset_only,37,2.176245768448643,"[22, 34, 50, 51]","[22, 50]","[49, 50]",7.10724401473999,3.0457510948181152
rp1m_reset_only,38,2.006033961600805,"[22, 34, 51]","[22, 50]","[19, 50]",7.208171844482422,3.057481050491333
rp1m_reset_only,39,2.1270526890595245,"[22, 34, 51]","[22, 51]","[19, 50]",7.326512336730957,2.910423994064331
rp1m_reset_only,40,2.0936591726770155,"[22, 34, 51]","[22, 51]",[50],7.569206714630127,3.0766677856445312
rp1m_reset_only,41,2.1310756746130517,"[22, 34, 51]","[22, 51]","[19, 50]",7.387592315673828,2.909541368484497
rp1m_reset_only,42,1.9138114118333425,"[22, 34, 51]","[22, 51]",[50],7.592942237854004,3.088259696960449
rp1m_reset_only,43,2.4162678237012605,"[22, 34, 51]","[22, 51]",[],7.486659049987793,3.0038774013519287
rp1m_reset_only,44,2.4134544902394177,"[22, 34, 51]","[22, 51]",[],7.592639923095703,3.0272953510284424
rp1m_reset_only,45,2.413621739846297,"[22, 34, 51]","[22, 51]",[],7.106729030609131,3.067197799682617
rp1m_reset_only,46,2.522212181085021,"[22, 34, 51]","[22, 51]",[],7.885537624359131,3.1139609813690186
rp1m_reset_only,47,2.5193791474368044,"[22, 34, 51]","[22, 51]",[],7.7110676765441895,3.0278310775756836
rp1m_reset_only,48,2.5132385578184224,"[22, 34, 51]","[22, 51]",[],7.605466842651367,3.0264596939086914
rp1m_reset_only,49,2.1302906908382497,"[22, 34, 51]","[22, 51]","[48, 50]",7.956106662750244,3.006915807723999
rp1m_reset_only,50,1.7474536497700295,"[22, 31, 34, 50]","[22, 51]","[48, 50]",7.530002117156982,3.0609583854675293
rp1m_reset_only,51,1.9549922594690616,"[31, 34, 50]",[],[],7.052938461303711,2.8809006214141846
rp1m_reset_only,52,2.250702649354232,"[31, 34, 50]",[50],[],7.123826503753662,3.0507664680480957
rp1m_reset_only,53,2.1241642312788978,"[31, 34, 48, 50]","[34, 48, 50]",[],6.512943267822266,2.9235947132110596
rp1m_reset_only,54,1.9526469578785979,"[31, 34, 48]","[31, 34, 48, 50]",[44],6.688486099243164,2.6008083820343018
rp1m_reset_only,55,2.082913791526236,"[31, 34, 48]","[31, 34, 36]","[28, 44, 46]",6.5021820068359375,2.9696223735809326
rp1m_reset_only,56,2.128009773447019,"[31, 34, 48, 50]","[31, 34, 48]","[28, 44, 46]",6.924265384674072,2.9989728927612305
rp1m_reset_only,57,2.482190505254093,"[31, 34, 50]","[31, 34, 48]",[],6.9554033279418945,2.871089220046997
rp1m_reset_only,58,2.404483445268571,"[31, 34, 50]","[31, 34, 48]",[],6.43796443939209,2.766000270843506
rp1m_reset_only,59,2.1674607753753343,"[31, 34, 48, 50]","[31, 34, 48]","[46, 48]",6.344822406768799,2.945133686065674
rp1m_reset_only,60,2.0489211091633637,"[31, 34, 48]","[31, 34, 48]","[46, 48]",6.471888542175293,3.032139778137207
rp1m_reset_only,61,1.966456878693462,"[31, 34, 48]","[31, 34, 48]",[46],5.981672286987305,2.836822509765625
rp1m_reset_only,62,1.9477249026495311,"[31, 34, 48]","[31, 34, 48]","[25, 28]",7.165663719177246,3.000276803970337
rp1m_reset_only,63,2.094909166967042,"[31, 34, 48]","[31, 34, 48]",[28],7.094571590423584,3.083087921142578
rp1m_reset_only,64,2.0242240989199085,"[31, 34, 48]","[31, 34, 48]","[25, 28]",6.963079452514648,2.978496551513672
rp1m_reset_only,65,2.0285806405637894,"[31, 34, 48]","[31, 34, 48]","[25, 28, 43, 44]",7.164243698120117,3.069657802581787
rp1m_reset_only,66,2.049518364852587,"[31, 34, 48]","[31, 34, 48]","[25, 28]",7.01842737197876,2.9784951210021973
rp1m_reset_only,67,2.0417750297248705,"[31, 34, 48]","[31, 34, 48]",[28],6.624687194824219,2.977207899093628
rp1m_reset_only,68,2.5092500735876353,"[31, 34, 46, 48]","[31, 34, 48]",[],6.507491588592529,2.960986852645874
rp1m_reset_only,69,2.307419395726618,"[31, 34, 46]","[31, 34, 48]",[],7.191199779510498,2.839066505432129
rp1m_reset_only,70,2.4142554686497046,"[31, 34, 46]","[31, 34, 50]",[],7.0690131187438965,2.820056200027466
rp1m_reset_only,71,1.9154908940895479,"[31, 34, 46]","[31, 34, 46]","[43, 50]",7.18255615234375,2.9867913722991943
rp1m_reset_only,72,1.909399064123608,"[31, 34, 46]","[31, 34, 46]","[43, 47, 50]",6.626301288604736,2.7869129180908203
rp1m_reset_only,73,1.7854434038388893,"[31, 34, 46]","[31, 34, 46]",[43],6.480910301208496,2.72088623046875
rp1m_reset_only,74,2.274999542701672,"[31, 34, 46]","[31, 34, 46]",[],6.998073101043701,2.956972122192383
rp1m_reset_only,75,1.8154062109206532,"[26, 31, 34, 53]","[31, 34, 46]","[50, 51]",6.44008207321167,3.1169795989990234
rp1m_reset_only,76,1.8703636865234907,"[26, 34, 53]","[31, 34, 53]",[50],7.438863277435303,2.915083885192871
rp1m_reset_only,77,2.00675475660307,"[26, 34, 53]","[34, 53]",[50],6.670732021331787,2.997030019760132
rp1m_reset_only,78,1.9106724013024596,"[26, 34, 53]","[34, 53]",[50],6.736526966094971,3.031752347946167
rp1m_reset_only,79,2.4232665986070585,"[26, 34, 53]","[26, 27, 34, 53]",[],6.933531284332275,3.0307810306549072
rp1m_reset_only,80,2.4756593472176163,"[26, 34, 53]","[26, 34, 53]",[],6.623515605926514,2.976879119873047
rp1m_reset_only,81,1.8895875975404177,"[26, 34, 53]","[26, 34, 53]",[50],6.966291427612305,3.070748805999756
rp1m_reset_only,82,1.9064158188151143,"[26, 34, 53]","[26, 34, 53]",[50],6.465141773223877,2.88006591796875
rp1m_reset_only,83,1.8199062377999888,"[26, 34, 53]","[26, 34, 53]","[28, 50]",6.623243808746338,3.042971611022949
rp1m_reset_only,84,2.450390295735928,"[26, 34, 53]","[26, 34, 53]",[],6.705081939697266,3.0821778774261475
rp1m_reset_only,85,2.4270459904941974,"[26, 34, 53]","[26, 34, 53]",[],6.564391136169434,2.9883172512054443
rp1m_reset_only,86,1.9525981077409305,"[26, 34, 53]","[26, 34, 53]","[21, 29, 50, 51]",6.598036766052246,3.0992696285247803
rp1m_reset_only,87,1.7706032506947726,"[26, 34, 53]","[26, 34, 53]","[21, 29]",6.9047980308532715,3.1076643466949463
rp1m_reset_only,88,1.8971957234978665,"[26, 34, 53]","[26, 34, 53]","[21, 29]",6.913014888763428,3.081958532333374
rp1m_reset_only,89,1.8533582893332086,"[26, 34, 53]","[26, 34, 53]","[21, 29]",6.672297477722168,3.076859474182129
rp1m_reset_only,90,1.828324087668948,"[26, 34, 53]","[26, 34, 53]",[21],6.640063285827637,3.059319257736206
rp1m_reset_only,91,1.8298588337850736,"[26, 34, 53]","[26, 34, 53]","[21, 29]",6.702212810516357,2.979490280151367
rp1m_reset_only,92,2.1283196570054788,"[26, 34, 53]","[26, 34, 53]",[],6.560758590698242,3.077103614807129
rp1m_reset_only,93,1.904185443843577,"[26, 34, 53]","[26, 34, 53]","[27, 29]",6.743498802185059,3.0776779651641846
rp1m_reset_only,94,2.3794218130994294,"[26, 34, 53]","[26, 34, 53]",[],7.181492805480957,2.9937567710876465
rp1m_reset_only,95,1.9814114796292466,"[26, 34, 53]","[26, 34, 53]","[22, 27, 29]",6.585668563842773,3.1079750061035156
rp1m_reset_only,96,1.9717846785048292,"[26, 34, 53]","[26, 34, 53]","[22, 29, 50]",6.800487518310547,3.1290221214294434
rp1m_reset_only,97,2.3670460376222593,"[26, 34, 53]","[26, 34, 53]",[],6.091978549957275,2.5792794227600098
rp1m_reset_only,98,2.4070490556339474,"[26, 34, 53]","[26, 34, 53]",[],6.524655818939209,2.9234161376953125
rp1m_reset_only,99,2.3776276016812394,"[26, 34, 53]","[26, 34, 53]",[],6.483126640319824,2.830045461654663
rp1m_reset_only,100,2.099486905158687,"[26, 27, 34]","[26, 34, 53]","[23, 29, 31]",5.6983418464660645,2.9908347129821777
rp1m_reset_only,101,2.022020292252966,"[27, 34, 53]","[26, 34, 53]",[51],6.7898101806640625,3.0265307426452637
rp1m_reset_only,102,2.3706380044437987,"[27, 34, 53]","[34, 53]",[],6.124796390533447,2.7303221225738525
rp1m_reset_only,103,2.484524354869632,"[27, 34, 53]","[34, 53]",[],6.665530681610107,2.9288721084594727
rp1m_reset_only,104,2.423679209028726,"[27, 34, 53]","[27, 34, 53]",[],6.890538215637207,3.0605640411376953
rp1m_reset_only,105,2.2068572016012493,"[27, 34, 53]","[27, 34, 53]",[],7.121195316314697,2.986502170562744
rp1m_reset_only,106,1.9719078452845622,"[27, 34, 53]","[27, 34, 53]",[23],6.939341068267822,2.90437912940979
rp1m_reset_only,107,2.174233531057003,"[27, 34, 53]","[27, 34, 53]",[23],6.7930755615234375,2.87520694732666
rp1m_reset_only,108,2.3845460212840583,"[27, 34, 53]","[27, 34, 53]",[],6.704234600067139,2.9379944801330566
rp1m_reset_only,109,2.0593601905702426,"[27, 34, 53]","[27, 34, 53]",[23],6.69993782043457,3.034571647644043
rp1m_reset_only,110,2.5425305015359236,"[27, 34, 53]","[27, 34, 53]",[],7.237823486328125,2.9821953773498535
rp1m_reset_only,111,2.1031339570069734,"[27, 34, 53]","[27, 34, 53]","[25, 50, 51]",6.700221538543701,2.9465298652648926
rp1m_reset_only,112,2.2009215397113335,"[27, 34, 53]","[27, 34, 53]","[25, 51]",6.96389627456665,3.058330535888672
rp1m_reset_only,113,2.1272477275199595,"[27, 53]","[27, 34, 53]","[25, 51]",6.849857330322266,3.0210065841674805
rp1m_reset_only,114,2.2038316370808895,"[27, 34, 53]","[27, 53]","[25, 31, 51]",6.9527363777160645,2.9880106449127197
rp1m_reset_only,115,2.2900692147591375,"[27, 34, 53]","[27, 34, 53]",[],6.7714056968688965,2.873784065246582
rp1m_reset_only,116,2.543016687823635,"[27, 34, 53]","[27, 34, 53]",[],7.175209999084473,3.0774571895599365
rp1m_reset_only,117,2.525658158029981,"[27, 34, 53]","[27, 34, 53]",[],6.927412986755371,3.0932817459106445
rp1m_reset_only,118,2.1508416381332345,"[27, 34, 53]","[27, 34, 53]","[25, 31, 50, 51]",6.849759101867676,2.8264386653900146
rp1m_reset_only,119,2.180563604450387,"[27, 34, 53]","[27, 34, 53]",[],6.899339199066162,3.07694149017334
rp1m_reset_only,0,0.6388681524841271,"[22, 50]",[],[],2.738010883331299,1.2783206701278687
rp1m_reset_only,1,0.7264173816118826,"[22, 50]",[],[],3.750699520111084,2.0420403480529785
rp1m_reset_only,2,0.9701346401962364,"[22, 50]",[],[],4.581932067871094,1.6350353956222534
rp1m_reset_only,3,0.8388857733495859,"[22, 48, 50]",[],[],5.6900553703308105,2.5738701820373535
rp1m_reset_only,4,1.420161417849422,"[22, 48]",[48],[],6.2392988204956055,3.0660898685455322
rp1m_reset_only,5,1.2662534531680696,"[22, 48]",[48],[44],6.568543910980225,3.126506805419922
rp1m_reset_only,6,1.5055237769044862,"[22, 48]","[23, 48]",[44],6.8242878913879395,3.0970723628997803
rp1m_reset_only,7,1.9291021718714616,"[22, 50]","[22, 24, 48]",[],6.879662990570068,3.123786687850952
rp1m_reset_only,8,1.6476124805670644,"[22, 50]",[22],[],7.065008640289307,3.1126904487609863
rp1m_reset_only,9,1.4246245438571685,"[22, 50]",[22],[],7.023361682891846,3.05721116065979
rp1m_reset_only,10,1.54331490716006,"[22, 50]","[22, 48, 50]",[],7.295759201049805,3.003262519836426
rp1m_reset_only,11,1.5469150328577166,"[22, 50]","[22, 50]",[],7.136491298675537,2.9922614097595215
rp1m_reset_only,12,1.6133236109992106,"[22, 50]","[22, 50]",[],7.558681964874268,3.0482733249664307
rp1m_reset_only,13,1.1964660925041979,"[22, 50]","[22, 50]",[30],7.268760681152344,3.0464060306549072
rp1m_reset_only,14,1.8727118788403372,"[22, 50]","[22, 50]",[],7.302225589752197,3.004523515701294
rp1m_reset_only,15,1.3702015106105419,"[22, 50]","[22, 50]","[43, 44]",7.51543664932251,3.128988265991211
rp1m_reset_only,16,1.5936374024239928,"[22, 50]","[22, 50]",[],7.547603130340576,3.1029584407806396
rp1m_reset_only,17,1.79803206753426,"[22, 50]","[22, 50]",[],7.348790168762207,3.108198404312134
rp1m_reset_only,18,1.7507999692292264,"[22, 50]","[22, 50]",[],7.366385459899902,3.1337742805480957
rp1m_reset_only,19,1.2983172919904051,"[22, 50]","[22, 50]",[44],7.4587249755859375,3.060220241546631
rp1m_reset_only,20,1.1447337544668486,"[22, 50]","[22, 50]",[44],7.57201623916626,3.079604387283325
rp1m_reset_only,21,1.5461804885449433,"[22, 50]","[22, 50]",[],7.423892974853516,2.9933667182922363
rp1m_reset_only,22,1.2580866162120143,"[22, 50]","[22, 50]",[31],7.309244632720947,2.982585906982422
rp1m_reset_only,23,1.2832025138771959,"[22, 50]","[22, 50]","[31, 42]",7.051370143890381,3.1034741401672363
rp1m_reset_only,24,1.096086196072727,"[22, 50]","[22, 50]","[31, 42]",7.118016242980957,3.0374233722686768
rp1m_reset_only,25,1.1742030687422724,"[22, 34, 50]","[22, 50]",[42],7.058956146240234,3.098130941390991
rp1m_reset_only,26,1.7645405415206923,"[22, 34, 50]","[22, 50]",[],7.341564655303955,3.0860049724578857
rp1m_reset_only,27,1.1914156710944575,"[22, 34, 50]","[22, 50]",[42],7.355739116668701,3.1136393547058105
rp1m_reset_only,28,1.3270978157408475,"[22, 34, 50]","[20, 22, 50]",[44],7.5719685554504395,3.0575811862945557
rp1m_reset_only,29,1.1812203129295524,"[22, 34, 50]","[20, 22, 50]",[44],7.938532829284668,3.0412347316741943
rp1m_reset_only,30,1.330513848174545,"[22, 34, 50]","[22, 50]",[44],7.8263654708862305,3.1119601726531982
rp1m_reset_only,31,1.3254183379072937,"[22, 34, 50]","[22, 50]",[44],8.327579498291016,3.095654249191284
rp1m_reset_only,32,1.4110774690640995,"[22, 34, 50]","[22, 50]","[31, 44]",7.8873138427734375,3.087696075439453
rp1m_reset_only,33,1.4021262191166608,"[22, 34, 50]","[22, 50]",[44],8.177510261535645,3.109581232070923
rp1m_reset_only,34,1.7293809336307275,"[22, 34, 50]","[22, 50]",[],8.02664566040039,3.1223647594451904
rp1m_reset_only,35,1.2239094488246787,"[22, 34, 50]","[22, 50]",[32],7.6982879638671875,3.0962345600128174
rp1m_reset_only,36,1.565777147202482,"[22, 34, 50]","[22, 50]","[32, 34]",7.857161045074463,3.0588741302490234
rp1m_reset_only,37,1.4162351375180153,"[22, 34, 50, 51]","[22, 50]","[34, 35]",7.122504711151123,3.0457510948181152
rp1m_reset_only,38,2.1875835862500446,"[22, 34, 51]","[22, 50]","[34, 51]",7.224579334259033,3.057481050491333
rp1m_reset_only,39,2.44951090551277,"[22, 34, 51]","[22, 51]","[34, 51]",7.339931964874268,2.910423994064331
rp1m_reset_only,40,2.1976865953685376,"[22, 34, 51]","[22, 51]",[34],7.582585334777832,3.0766677856445312
rp1m_reset_only,41,2.4596253753854613,"[22, 34, 51]","[22, 51]","[34, 51]",7.404083728790283,2.909541368484497
rp1m_reset_only,42,1.960526724833974,"[22, 34, 51]","[22, 51]",[34],7.607419967651367,3.088259696960449
rp1m_reset_only,43,1.9626063917419143,"[22, 34, 51]","[22, 51]",[34],7.500082969665527,3.0038774013519287
rp1m_reset_only,44,1.810847737468225,"[22, 34, 51]","[22, 51]",[],7.605032444000244,3.0272953510284424
rp1m_reset_only,45,1.856035375788542,"[22, 34, 51]","[22, 51]",[],7.122439861297607,3.067197799682617
rp1m_reset_only,46,1.426299330133806,"[22, 34, 51]","[22, 51]",[37],7.899733066558838,3.1139609813690186
rp1m_reset_only,47,2.033494092683535,"[22, 34, 51]","[22, 51]",[],7.723423480987549,3.0278310775756836
rp1m_reset_only,48,1.5075942640285354,"[22, 34, 51]","[22, 51]",[37],7.617432594299316,3.0264596939086914
rp1m_reset_only,49,1.6171548351310652,"[22, 34, 51]","[22, 51]",[37],7.966663360595703,3.006915807723999
rp1m_reset_only,50,1.1993418166052123,"[22, 31, 34, 50]","[22, 51]",[37],7.53648042678833,3.0609583854675293
rp1m_reset_only,51,1.6197280232300486,"[31, 34, 50]",[],[],7.056753158569336,2.8809006214141846
rp1m_reset_only,52,1.6216739812898084,"[31, 34, 50]",[50],[],7.13033390045166,3.0507664680480957
rp1m_reset_only,53,1.6711933964685732,"[31, 34, 48, 50]","[34, 48, 50]",[],6.522511959075928,2.9235947132110596
rp1m_reset_only,54,1.5342386615529424,"[31, 34, 48]","[31, 34, 48, 50]","[36, 38]",6.701390266418457,2.6008083820343018
rp1m_reset_only,55,1.7414654616176513,"[31, 34, 48]","[31, 34, 36]","[36, 45, 49]",6.5182881355285645,2.9696223735809326
rp1m_reset_only,56,1.7858463769804296,"[31, 34, 48, 50]","[31, 34, 48]","[36, 45, 49]",6.937769889831543,2.9989728927612305
rp1m_reset_only,57,2.118129907645207,"[31, 34, 50]","[31, 34, 48]",[],6.9682087898254395,2.871089220046997
rp1m_reset_only,58,1.773778079505402,"[31, 34, 50]","[31, 34, 48]","[34, 36]",6.448976516723633,2.766000270843506
rp1m_reset_only,59,1.6051278412530496,"[31, 34, 48, 50]","[31, 34, 48]","[34, 36]",6.351630210876465,2.945133686065674
rp1m_reset_only,60,1.669271941609312,"[31, 34, 48]","[31, 34, 48]","[32, 34, 36]",6.485159397125244,3.032139778137207
rp1m_reset_only,61,1.7571639715874685,"[31, 34, 48]","[31, 34, 48]","[34, 36]",5.997111797332764,2.836822509765625
rp1m_reset_only,62,1.4888295426695553,"[31, 34, 48]","[31, 34, 48]","[44, 47]",7.175586700439453,3.000276803970337
rp1m_reset_only,63,1.6068920524020642,"[31, 34, 48]","[31, 34, 48]",[47],7.108176231384277,3.083087921142578
rp1m_reset_only,64,1.7498138361866826,"[31, 34, 48]","[31, 34, 48]",[47],6.97681999206543,2.978496551513672
rp1m_reset_only,65,1.9074139984650773,"[31, 34, 48]","[31, 34, 48]","[34, 36, 47]",7.175107955932617,3.069657802581787
rp1m_reset_only,66,1.7068817134052114,"[31, 34, 48]","[31, 34, 48]",[47],7.029385566711426,2.9784951210021973
rp1m_reset_only,67,1.7584623239597155,"[31, 34, 48]","[31, 34, 48]",[47],6.63576602935791,2.977207899093628
rp1m_reset_only,68,2.0930597720575865,"[31, 34, 46, 48]","[31, 34, 48]",[],6.523026943206787,2.960986852645874
rp1m_reset_only,69,2.0190514258980277,"[31, 34, 46]","[31, 34, 48]",[],7.202756404876709,2.839066505432129
rp1m_reset_only,70,2.064523880375505,"[31, 34, 46]","[31, 34, 50]",[],7.079855442047119,2.820056200027466
rp1m_reset_only,71,1.5535423117262877,"[31, 34, 46]","[31, 34, 46]",[32],7.196559906005859,2.9867913722991943
rp1m_reset_only,72,1.4817309582558233,"[31, 34, 46]","[31, 34, 46]","[26, 27, 28, 32]",6.645525932312012,2.7869129180908203
rp1m_reset_only,73,1.5738783510302596,"[31, 34, 46]","[31, 34, 46]",[32],6.493757724761963,2.72088623046875
rp1m_reset_only,74,2.0693903570023138,"[31, 34, 46]","[31, 34, 46]",[],7.013535499572754,2.956972122192383
rp1m_reset_only,75,2.1405711696947374,"[26, 31, 34, 53]","[31, 34, 46]",[26],6.458559989929199,3.1169795989990234
rp1m_reset_only,76,2.0466283992621923,"[26, 34, 53]","[31, 34, 53]",[26],7.45065450668335,2.915083885192871
rp1m_reset_only,77,2.152561955976181,"[26, 34, 53]","[34, 53]",[26],6.690089702606201,2.997030019760132
rp1m_reset_only,78,2.1087218042677836,"[26, 34, 53]","[34, 53]",[26],6.749589920043945,3.031752347946167
rp1m_reset_only,79,1.8572772204469912,"[26, 34, 53]","[26, 27, 34, 53]",[],6.944590091705322,3.0307810306549072
rp1m_reset_only,80,1.9782521596477878,"[26, 34, 53]","[26, 34, 53]",[],6.63532018661499,2.976879119873047
rp1m_reset_only,81,1.5115368500648465,"[26, 34, 53]","[26, 34, 53]","[26, 27]",6.975393295288086,3.070748805999756
rp1m_reset_only,82,1.567350452412366,"[26, 34, 53]","[26, 34, 53]",[27],6.478960037231445,2.88006591796875
rp1m_reset_only,83,1.294265753245938,"[26, 34, 53]","[26, 34, 53]",[27],6.637714385986328,3.042971611022949
rp1m_reset_only,84,1.9543501864351382,"[26, 34, 53]","[26, 34, 53]",[],6.713410377502441,3.0821778774261475
rp1m_reset_only,85,1.8611584423846204,"[26, 34, 53]","[26, 34, 53]",[],6.579500198364258,2.9883172512054443
rp1m_reset_only,86,1.376257601212917,"[26, 34, 53]","[26, 34, 53]",[27],6.612467288970947,3.0992696285247803
rp1m_reset_only,87,1.128702657604415,"[26, 34, 53]","[26, 34, 53]","[39, 46, 48]",6.914979934692383,3.1076643466949463
rp1m_reset_only,88,1.3386340157085632,"[26, 34, 53]","[26, 34, 53]","[39, 46, 48]",6.925348281860352,3.081958532333374
rp1m_reset_only,89,1.2709503696631756,"[26, 34, 53]","[26, 34, 53]","[46, 48]",6.683933734893799,3.076859474182129
rp1m_reset_only,90,1.704802348693351,"[26, 34, 53]","[26, 34, 53]",[],6.652747631072998,3.059319257736206
rp1m_reset_only,91,1.1971722617940497,"[26, 34, 53]","[26, 34, 53]","[39, 46]",6.715052127838135,2.979490280151367
rp1m_reset_only,92,1.5417517808697927,"[26, 34, 53]","[26, 34, 53]",[],6.575716972351074,3.077103614807129
rp1m_reset_only,93,1.2071228569394834,"[26, 34, 53]","[26, 34, 53]",[41],6.754552841186523,3.0776779651641846
rp1m_reset_only,94,1.7866524139838778,"[26, 34, 53]","[26, 34, 53]",[],7.192379951477051,2.9937567710876465
rp1m_reset_only,95,1.330889823189245,"[26, 34, 53]","[26, 34, 53]","[28, 41]",6.5950236320495605,3.1079750061035156
rp1m_reset_only,96,1.3736052210679293,"[26, 34, 53]","[26, 34, 53]",[28],6.8126068115234375,3.1290221214294434
rp1m_reset_only,97,1.6818270556069672,"[26, 34, 53]","[26, 34, 53]",[],6.1065287590026855,2.5792794227600098
rp1m_reset_only,98,1.6480318175987005,"[26, 34, 53]","[26, 34, 53]",[],6.537550449371338,2.9234161376953125
rp1m_reset_only,99,1.5114279139254732,"[26, 34, 53]","[26, 34, 53]",[],6.495193958282471,2.830045461654663
rp1m_reset_only,100,1.1376079440255769,"[26, 27, 34]","[26, 34, 53]",[47],5.710339069366455,2.9908347129821777
rp1m_reset_only,101,1.168013492555826,"[27, 34, 53]","[26, 34, 53]",[30],6.802955150604248,3.0265307426452637
rp1m_reset_only,102,1.733528247397638,"[27, 34, 53]","[34, 53]",[],6.135770320892334,2.7303221225738525
rp1m_reset_only,103,1.820473857001096,"[27, 34, 53]","[34, 53]",[],6.675671100616455,2.9288721084594727
rp1m_reset_only,104,1.6766798691900042,"[27, 34, 53]","[27, 34, 53]",[],6.901762962341309,3.0605640411376953
rp1m_reset_only,105,1.5570778081922967,"[27, 34, 53]","[27, 34, 53]",[],7.1296491622924805,2.986502170562744
rp1m_reset_only,106,1.7464506955979064,"[27, 34, 53]","[27, 34, 53]",[],6.954270839691162,2.90437912940979
rp1m_reset_only,107,1.4653088878081375,"[27, 34, 53]","[27, 34, 53]","[41, 50]",6.805073261260986,2.87520694732666
rp1m_reset_only,108,1.7541688037858942,"[27, 34, 53]","[27, 34, 53]",[],6.718593120574951,2.9379944801330566
rp1m_reset_only,109,1.844024588542597,"[27, 34, 53]","[27, 34, 53]",[],6.712766647338867,3.034571647644043
rp1m_reset_only,110,1.2759050904134255,"[27, 34, 53]","[27, 34, 53]",[30],7.2477850914001465,2.9821953773498535
rp1m_reset_only,111,1.301198209065978,"[27, 34, 53]","[27, 34, 53]","[30, 39, 47]",6.7133402824401855,2.9465298652648926
rp1m_reset_only,112,1.3502916573104788,"[27, 34, 53]","[27, 34, 53]","[30, 47]",6.978643417358398,3.058330535888672
rp1m_reset_only,113,1.305340187706784,"[27, 53]","[27, 34, 53]",[30],6.861413478851318,3.0210065841674805
rp1m_reset_only,114,1.4247010393407495,"[27, 34, 53]","[27, 53]","[30, 49]",6.965653419494629,2.9880106449127197
rp1m_reset_only,115,1.600085346333932,"[27, 34, 53]","[27, 34, 53]",[],6.783768653869629,2.873784065246582
rp1m_reset_only,116,1.7187672080009384,"[27, 34, 53]","[27, 34, 53]",[],7.189295291900635,3.0774571895599365
rp1m_reset_only,117,1.7900304905994164,"[27, 34, 53]","[27, 34, 53]",[],6.941466331481934,3.0932817459106445
rp1m_reset_only,118,1.360026052584073,"[27, 34, 53]","[27, 34, 53]","[31, 32, 47]",6.861264228820801,2.8264386653900146
rp1m_reset_only,119,1.561657141721941,"[27, 34, 53]","[27, 34, 53]",[],6.912214756011963,3.07694149017334
rp1m_reset_only,0,0.9001362001318853,"[22, 50]",[],[],2.7353179454803467,1.2783206701278687
rp1m_reset_only,1,0.7221783973070155,"[22, 50]",[],[],3.7444820404052734,2.0420403480529785
rp1m_reset_only,2,0.7954822687256711,"[22, 50]",[],[],4.589338302612305,1.6350353956222534
rp1m_reset_only,3,0.9983182510181041,"[22, 48, 50]",[],[],5.6913743019104,2.5738701820373535
rp1m_reset_only,4,1.3917953509170269,"[22, 48]",[48],[],6.233458518981934,3.0660898685455322
rp1m_reset_only,5,1.6481551289003344,"[22, 48]",[48],[],6.564451694488525,3.126506805419922
rp1m_reset_only,6,1.2757954815878436,"[22, 48]","[23, 48]","[14, 15]",6.823442459106445,3.0970723628997803
rp1m_reset_only,7,1.681894684018412,"[22, 50]","[22, 24, 48]",[],6.874814510345459,3.123786687850952
rp1m_reset_only,8,1.574678375297169,"[22, 50]",[22],[],7.066503524780273,3.1126904487609863
rp1m_reset_only,9,1.7403154802507514,"[22, 50]",[22],[],7.023282527923584,3.05721116065979
rp1m_reset_only,10,1.544702473105401,"[22, 50]","[22, 48, 50]",[],7.295766353607178,3.003262519836426
rp1m_reset_only,11,1.4415303482898074,"[22, 50]","[22, 50]",[],7.136732578277588,2.9922614097595215
rp1m_reset_only,12,1.421213118939768,"[22, 50]","[22, 50]",[],7.554388523101807,3.0482733249664307
rp1m_reset_only,13,0.8834949064442451,"[22, 50]","[22, 50]",[49],7.266840934753418,3.0464060306549072
rp1m_reset_only,14,1.6272927345460921,"[22, 50]","[22, 50]",[],7.3023247718811035,3.004523515701294
rp1m_reset_only,15,1.1707211126732313,"[22, 50]","[22, 50]",[13],7.517370700836182,3.128988265991211
rp1m_reset_only,16,1.4196087810170508,"[22, 50]","[22, 50]",[],7.54389762878418,3.1029584407806396
rp1m_reset_only,17,1.4542647504169757,"[22, 50]","[22, 50]",[],7.350644588470459,3.108198404312134
rp1m_reset_only,18,1.0171527368172766,"[22, 50]","[22, 50]",[13],7.365442752838135,3.1337742805480957
rp1m_reset_only,19,1.030441372778019,"[22, 50]","[22, 50]","[13, 46]",7.458173751831055,3.060220241546631
rp1m_reset_only,20,1.1688502193960129,"[22, 50]","[22, 50]",[13],7.571284770965576,3.079604387283325
rp1m_reset_only,21,1.0230667048370232,"[22, 50]","[22, 50]",[46],7.425603866577148,2.9933667182922363
rp1m_reset_only,22,1.137590380552819,"[22, 50]","[22, 50]",[46],7.3123908042907715,2.982585906982422
rp1m_reset_only,23,1.2256448326788179,"[22, 50]","[22, 50]","[15, 46]",7.0549421310424805,3.1034741401672363
rp1m_reset_only,24,1.2190857244095272,"[22, 50]","[22, 50]","[15, 46]",7.1239094734191895,3.0374233722686768
rp1m_reset_only,25,0.8512432981106186,"[22, 34, 50]","[22, 50]",[17],7.0511298179626465,3.098130941390991
rp1m_reset_only,26,1.3721432608583648,"[22, 34, 50]","[22, 50]",[],7.333806991577148,3.0860049724578857
rp1m_reset_only,27,0.9418158782835651,"[22, 34, 50]","[22, 50]",[21],7.343761920928955,3.1136393547058105
rp1m_reset_only,28,1.0326394429919983,"[22, 34, 50]","[20, 22, 50]",[20],7.562856197357178,3.0575811862945557
rp1m_reset_only,29,1.133136174917783,"[22, 34, 50]","[20, 22, 50]",[20],7.923681735992432,3.0412347316741943
rp1m_reset_only,30,1.2035751955535343,"[22, 34, 50]","[22, 50]",[20],7.813467025756836,3.1119601726531982
rp1m_reset_only,31,1.2470716253397631,"[22, 34, 50]","[22, 50]",[20],8.319947242736816,3.095654249191284
rp1m_reset_only,32,1.4142948582128163,"[22, 34, 50]","[22, 50]","[20, 50]",7.878589153289795,3.087696075439453
rp1m_reset_only,33,1.4987671860376,"[22, 34, 50]","[22, 50]","[20, 50]",8.16781997680664,3.109581232070923
rp1m_reset_only,34,1.4107604428640372,"[22, 34, 50]","[22, 50]",[],8.016839981079102,3.1223647594451904
rp1m_reset_only,35,1.4185234201248205,"[22, 34, 50]","[22, 50]",[50],7.689371109008789,3.0962345600128174
rp1m_reset_only,36,1.6356081582561304,"[22, 34, 50]","[22, 50]",[50],7.846296310424805,3.0588741302490234
rp1m_reset_only,37,1.1763457684486431,"[22, 34, 50, 51]","[22, 50]","[49, 50]",7.109409809112549,3.0457510948181152
rp1m_reset_only,38,1.006133961600805,"[22, 34, 51]","[22, 50]","[19, 50]",7.210314750671387,3.057481050491333
rp1m_reset_only,39,1.1271526890595247,"[22, 34, 51]","[22, 51]","[19, 50]",7.329835891723633,2.910423994064331
rp1m_reset_only,40,1.0937591726770157,"[22, 34, 51]","[22, 51]",[50],7.574419975280762,3.0766677856445312
rp1m_reset_only,41,1.1311756746130517,"[22, 34, 51]","[22, 51]","[19, 50]",7.395262718200684,2.909541368484497
rp1m_reset_only,42,0.9139114118333425,"[22, 34, 51]","[22, 51]",[50],7.599116325378418,3.088259696960449
rp1m_reset_only,43,1.4163678237012605,"[22, 34, 51]","[22, 51]",[],7.491038799285889,3.0038774013519287
rp1m_reset_only,44,1.413554490239418,"[22, 34, 51]","[22, 51]",[],7.597573280334473,3.0272953510284424
rp1m_reset_only,45,1.4137217398462973,"[22, 34, 51]","[22, 51]",[],7.1118879318237305,3.067197799682617
rp1m_reset_only,46,1.5223121810850206,"[22, 34, 51]","[22, 51]",[],7.891623497009277,3.1139609813690186
rp1m_reset_only,47,1.5194791474368043,"[22, 34, 51]","[22, 51]",[],7.715973854064941,3.0278310775756836
rp1m_reset_only,48,1.5133385578184224,"[22, 34, 51]","[22, 51]",[],7.6075358390808105,3.0264596939086914
rp1m_reset_only,49,1.13039069083825,"[22, 34, 51]","[22, 51]","[48, 50]",7.959796905517578,3.006915807723999
rp1m_reset_only,50,0.7475536497700297,"[22, 31, 34, 50]","[22, 51]","[48, 50]",7.532817363739014,3.0609583854675293
rp1m_reset_only,51,0.9550922594690615,"[31, 34, 50]",[],[],7.056490898132324,2.8809006214141846
rp1m_reset_only,52,1.250802649354232,"[31, 34, 50]",[50],[],7.1264190673828125,3.0507664680480957
rp1m_reset_only,53,1.1242642312788975,"[31, 34, 48, 50]","[34, 48, 50]",[],6.51548433303833,2.9235947132110596
rp1m_reset_only,54,0.9527469578785978,"[31, 34, 48]","[31, 34, 48, 50]",[44],6.691247940063477,2.6008083820343018
rp1m_reset_only,55,1.0830137915262363,"[31, 34, 48]","[31, 34, 36]","[28, 44, 46]",6.504404067993164,2.9696223735809326
rp1m_reset_only,56,1.1281097734470191,"[31, 34, 48, 50]","[31, 34, 48]","[28, 44, 46]",6.934656143188477,2.9989728927612305
rp1m_reset_only,57,1.4822905052540931,"[31, 34, 50]","[31, 34, 48]",[],6.973350524902344,2.871089220046997
rp1m_reset_only,58,1.4045834452685706,"[31, 34, 50]","[31, 34, 48]",[],6.444472789764404,2.766000270843506
rp1m_reset_only,59,1.1675607753753343,"[31, 34, 48, 50]","[31, 34, 48]","[46, 48]",6.349554061889648,2.945133686065674
rp1m_reset_only,60,1.0490211091633639,"[31, 34, 48]","[31, 34, 48]","[46, 48]",6.4760918617248535,3.032139778137207
rp1m_reset_only,61,0.9665568786934622,"[31, 34, 48]","[31, 34, 48]",[46],5.9871015548706055,2.836822509765625
rp1m_reset_only,62,0.9478249026495311,"[31, 34, 48]","[31, 34, 48]","[25, 28]",7.16813325881958,3.000276803970337
rp1m_reset_only,63,1.0950091669670416,"[31, 34, 48]","[31, 34, 48]",[28],7.0984883308410645,3.083087921142578
rp1m_reset_only,64,1.0243240989199083,"[31, 34, 48]","[31, 34, 48]","[25, 28]",6.967072486877441,2.978496551513672
rp1m_reset_only,65,1.0286806405637894,"[31, 34, 48]","[31, 34, 48]","[25, 28, 43, 44]",7.168719291687012,3.069657802581787
rp1m_reset_only,66,1.049618364852587,"[31, 34, 48]","[31, 34, 48]","[25, 28]",7.0252604484558105,2.9784951210021973
rp1m_reset_only,67,1.0418750297248707,"[31, 34, 48]","[31, 34, 48]",[28],6.628789901733398,2.977207899093628
rp1m_reset_only,68,1.5093500735876355,"[31, 34, 46, 48]","[31, 34, 48]",[],6.511661052703857,2.960986852645874
rp1m_reset_only,69,1.3075193957266182,"[31, 34, 46]","[31, 34, 48]",[],7.194652557373047,2.839066505432129
rp1m_reset_only,70,1.4143554686497046,"[31, 34, 46]","[31, 34, 50]",[],7.071363925933838,2.820056200027466
rp1m_reset_only,71,0.9155908940895479,"[31, 34, 46]","[31, 34, 46]","[43, 50]",7.1871137619018555,2.9867913722991943
rp1m_reset_only,72,0.9094990641236081,"[31, 34, 46]","[31, 34, 46]","[43, 47, 50]",6.62913703918457,2.7869129180908203
rp1m_reset_only,73,0.7855434038388894,"[31, 34, 46]","[31, 34, 46]",[43],6.48360538482666,2.72088623046875
rp1m_reset_only,74,1.2750995427016718,"[31, 34, 46]","[31, 34, 46]",[],7.00197696685791,2.956972122192383
rp1m_reset_only,75,0.8155062109206531,"[26, 31, 34, 53]","[31, 34, 46]","[50, 51]",6.443366527557373,3.1169795989990234
rp1m_reset_only,76,0.8704636865234908,"[26, 34, 53]","[31, 34, 53]",[50],7.442008018493652,2.915083885192871
rp1m_reset_only,77,1.0068547566030697,"[26, 34, 53]","[34, 53]",[50],6.675881862640381,2.997030019760132
rp1m_reset_only,78,0.9107724013024598,"[26, 34, 53]","[34, 53]",[50],6.745741844177246,3.031752347946167
rp1m_reset_only,79,1.4233665986070587,"[26, 34, 53]","[26, 27, 34, 53]",[],6.938812255859375,3.0307810306549072
rp1m_reset_only,80,1.4757593472176163,"[26, 34, 53]","[26, 34, 53]",[],6.630115509033203,2.976879119873047
rp1m_reset_only,81,0.8896875975404177,"[26, 34, 53]","[26, 34, 53]",[50],6.973180294036865,3.070748805999756
rp1m_reset_only,82,0.9065158188151143,"[26, 34, 53]","[26, 34, 53]",[50],6.471712112426758,2.88006591796875
rp1m_reset_only,83,0.8200062377999888,"[26, 34, 53]","[26, 34, 53]","[28, 50]",6.631209850311279,3.042971611022949
rp1m_reset_only,84,1.450490295735928,"[26, 34, 53]","[26, 34, 53]",[],6.713411808013916,3.0821778774261475
rp1m_reset_only,85,1.4271459904941974,"[26, 34, 53]","[26, 34, 53]",[],6.57326602935791,2.9883172512054443
rp1m_reset_only,86,0.9526981077409306,"[26, 34, 53]","[26, 34, 53]","[21, 29, 50, 51]",6.603724956512451,3.0992696285247803
rp1m_reset_only,87,0.7707032506947726,"[26, 34, 53]","[26, 34, 53]","[21, 29]",6.913384914398193,3.1076643466949463
rp1m_reset_only,88,0.8972957234978666,"[26, 34, 53]","[26, 34, 53]","[21, 29]",6.918612957000732,3.081958532333374
rp1m_reset_only,89,0.8534582893332086,"[26, 34, 53]","[26, 34, 53]","[21, 29]",6.680771827697754,3.076859474182129
rp1m_reset_only,90,0.8284240876689482,"[26, 34, 53]","[26, 34, 53]",[21],6.646053791046143,3.059319257736206
rp1m_reset_only,91,0.8299588337850736,"[26, 34, 53]","[26, 34, 53]","[21, 29]",6.710470676422119,2.979490280151367
rp1m_reset_only,92,1.128419657005479,"[26, 34, 53]","[26, 34, 53]",[],6.567972660064697,3.077103614807129
rp1m_reset_only,93,0.904285443843577,"[26, 34, 53]","[26, 34, 53]","[27, 29]",6.750139236450195,3.0776779651641846
rp1m_reset_only,94,1.3795218130994296,"[26, 34, 53]","[26, 34, 53]",[],7.188694953918457,2.9937567710876465
rp1m_reset_only,95,0.9815114796292467,"[26, 34, 53]","[26, 34, 53]","[22, 27, 29]",6.591736793518066,3.1079750061035156
rp1m_reset_only,96,0.9718846785048291,"[26, 34, 53]","[26, 34, 53]","[22, 29, 50]",6.80701208114624,3.1290221214294434
rp1m_reset_only,97,1.3671460376222595,"[26, 34, 53]","[26, 34, 53]",[],6.098903656005859,2.5792794227600098
rp1m_reset_only,98,1.4071490556339477,"[26, 34, 53]","[26, 34, 53]",[],6.529130458831787,2.9234161376953125
rp1m_reset_only,99,1.3777276016812396,"[26, 34, 53]","[26, 34, 53]",[],6.490259170532227,2.830045461654663
rp1m_reset_only,100,1.099586905158687,"[26, 27, 34]","[26, 34, 53]","[23, 29, 31]",5.699263095855713,2.9908347129821777
rp1m_reset_only,101,1.0221202922529664,"[27, 34, 53]","[26, 34, 53]",[51],6.797300338745117,3.0265307426452637
rp1m_reset_only,102,1.370738004443799,"[27, 34, 53]","[34, 53]",[],6.133917808532715,2.7303221225738525
rp1m_reset_only,103,1.4846243548696318,"[27, 34, 53]","[34, 53]",[],6.672734260559082,2.9288721084594727
rp1m_reset_only,104,1.4237792090287256,"[27, 34, 53]","[27, 34, 53]",[],6.900238990783691,3.0605640411376953
rp1m_reset_only,105,1.2069572016012493,"[27, 34, 53]","[27, 34, 53]",[],7.127973556518555,2.986502170562744
rp1m_reset_only,106,0.9720078452845623,"[27, 34, 53]","[27, 34, 53]",[23],6.946166038513184,2.90437912940979
rp1m_reset_only,107,1.174333531057003,"[27, 34, 53]","[27, 34, 53]",[23],6.800095558166504,2.87520694732666
rp1m_reset_only,108,1.3846460212840583,"[27, 34, 53]","[27, 34, 53]",[],6.710821628570557,2.9379944801330566
rp1m_reset_only,109,1.0594601905702425,"[27, 34, 53]","[27, 34, 53]",[23],6.710470199584961,3.034571647644043
rp1m_reset_only,110,1.5426305015359236,"[27, 34, 53]","[27, 34, 53]",[],7.243224143981934,2.9821953773498535
rp1m_reset_only,111,1.1032339570069731,"[27, 34, 53]","[27, 34, 53]","[25, 50, 51]",6.711091995239258,2.9465298652648926
rp1m_reset_only,112,1.2010215397113335,"[27, 34, 53]","[27, 34, 53]","[25, 51]",6.972202301025391,3.058330535888672
rp1m_reset_only,113,1.1273477275199595,"[27, 53]","[27, 34, 53]","[25, 51]",6.853559970855713,3.0210065841674805
rp1m_reset_only,114,1.2039316370808895,"[27, 34, 53]","[27, 53]","[25, 31, 51]",6.9629411697387695,2.9880106449127197
rp1m_reset_only,115,1.2901692147591373,"[27, 34, 53]","[27, 34, 53]",[],6.7790608406066895,2.873784065246582
rp1m_reset_only,116,1.5431166878236349,"[27, 34, 53]","[27, 34, 53]",[],7.181847095489502,3.0774571895599365
rp1m_reset_only,117,1.525758158029981,"[27, 34, 53]","[27, 34, 53]",[],6.932264804840088,3.0932817459106445
rp1m_reset_only,118,1.1509416381332345,"[27, 34, 53]","[27, 34, 53]","[25, 31, 50, 51]",6.8554301261901855,2.8264386653900146
rp1m_reset_only,119,1.1806636044503869,"[27, 34, 53]","[27, 34, 53]",[],6.904922962188721,3.07694149017334
rp1m_reset_only,0,0.9001362001318853,"[22, 50]",[],[],2.848031520843506,1.2783206701278687
rp1m_reset_only,1,0.7221783973070155,"[22, 50]",[],[],3.8431336879730225,2.0420403480529785
rp1m_reset_only,2,0.7954822687256711,"[22, 50]",[],[],4.670243263244629,1.6350353956222534
rp1m_reset_only,3,0.9983182510181041,"[22, 48, 50]",[],[],5.756839752197266,2.5738701820373535
rp1m_reset_only,4,1.3917953509170269,"[22, 48]",[48],[],6.293116092681885,3.0660898685455322
rp1m_reset_only,5,1.6481551289003344,"[22, 48]",[48],[],6.6212358474731445,3.126506805419922
rp1m_reset_only,6,1.2757954815878436,"[22, 48]","[23, 48]","[14, 15]",6.878148555755615,3.0970723628997803
rp1m_reset_only,7,1.681894684018412,"[22, 50]","[22, 24, 48]",[],6.929146766662598,3.123786687850952
rp1m_reset_only,8,1.574678375297169,"[22, 50]",[22],[],7.119372844696045,3.1126904487609863
rp1m_reset_only,9,1.7403154802507514,"[22, 50]",[22],[],7.07647180557251,3.05721116065979
rp1m_reset_only,10,1.544702473105401,"[22, 50]","[22, 48, 50]",[],7.346965789794922,3.003262519836426
rp1m_reset_only,11,1.4415303482898074,"[22, 50]","[22, 50]",[],7.187854766845703,2.9922614097595215
rp1m_reset_only,12,1.421213118939768,"[22, 50]","[22, 50]",[],7.59900426864624,3.0482733249664307
rp1m_reset_only,13,0.8834949064442451,"[22, 50]","[22, 50]",[49],7.316020488739014,3.0464060306549072
rp1m_reset_only,14,1.6272927345460921,"[22, 50]","[22, 50]",[],7.351767539978027,3.004523515701294
rp1m_reset_only,15,1.1707211126732313,"[22, 50]","[22, 50]",[13],7.561819076538086,3.128988265991211
rp1m_reset_only,16,1.4196087810170508,"[22, 50]","[22, 50]",[],7.590927600860596,3.1029584407806396
rp1m_reset_only,17,1.4542647504169757,"[22, 50]","[22, 50]",[],7.395500183105469,3.108198404312134
rp1m_reset_only,18,1.0171527368172766,"[22, 50]","[22, 50]",[13],7.413127899169922,3.1337742805480957
rp1m_reset_only,19,1.030441372778019,"[22, 50]","[22, 50]","[13, 46]",7.506961345672607,3.060220241546631
rp1m_reset_only,20,1.1688502193960129,"[22, 50]","[22, 50]",[13],7.617839813232422,3.079604387283325
rp1m_reset_only,21,1.0230667048370232,"[22, 50]","[22, 50]",[46],7.472783088684082,2.9933667182922363
rp1m_reset_only,22,1.137590380552819,"[22, 50]","[22, 50]",[46],7.3613481521606445,2.982585906982422
rp1m_reset_only,23,1.2256448326788179,"[22, 50]","[22, 50]","[15, 46]",7.102080345153809,3.1034741401672363
rp1m_reset_only,24,1.2190857244095272,"[22, 50]","[22, 50]","[15, 46]",7.172825336456299,3.0374233722686768
rp1m_reset_only,25,0.8512432981106186,"[22, 34, 50]","[22, 50]",[17],7.055538654327393,3.098130941390991
rp1m_reset_only,26,1.3721432608583648,"[22, 34, 50]","[22, 50]",[],7.336529731750488,3.0860049724578857
rp1m_reset_only,27,0.9418158782835651,"[22, 34, 50]","[22, 50]",[21],7.346179962158203,3.1136393547058105
rp1m_reset_only,28,1.0326394429919983,"[22, 34, 50]","[20, 22, 50]",[20],7.564708232879639,3.0575811862945557
rp1m_reset_only,29,1.133136174917783,"[22, 34, 50]","[20, 22, 50]",[20],7.925084590911865,3.0412347316741943
rp1m_reset_only,30,1.2035751955535343,"[22, 34, 50]","[22, 50]",[20],7.816251754760742,3.1119601726531982
rp1m_reset_only,31,1.2470716253397631,"[22, 34, 50]","[22, 50]",[20],8.324789047241211,3.095654249191284
rp1m_reset_only,32,1.4142948582128163,"[22, 34, 50]","[22, 50]","[20, 50]",7.882107734680176,3.087696075439453
rp1m_reset_only,33,1.4987671860376,"[22, 34, 50]","[22, 50]","[20, 50]",8.171667098999023,3.109581232070923
rp1m_reset_only,34,1.4107604428640372,"[22, 34, 50]","[22, 50]",[],8.020987510681152,3.1223647594451904
rp1m_reset_only,35,1.4185234201248205,"[22, 34, 50]","[22, 50]",[50],7.693100929260254,3.0962345600128174
rp1m_reset_only,36,1.6356081582561304,"[22, 34, 50]","[22, 50]",[50],7.849360466003418,3.0588741302490234
rp1m_reset_only,37,1.1763457684486431,"[22, 34, 50, 51]","[22, 50]","[49, 50]",7.1117167472839355,3.0457510948181152
rp1m_reset_only,38,1.006133961600805,"[22, 34, 51]","[22, 50]","[19, 50]",7.2125983238220215,3.057481050491333
rp1m_reset_only,39,1.1271526890595247,"[22, 34, 51]","[22, 51]","[19, 50]",7.333518028259277,2.910423994064331
rp1m_reset_only,40,1.0937591726770157,"[22, 34, 51]","[22, 51]",[50],7.580615520477295,3.0766677856445312
rp1m_reset_only,41,1.1311756746130517,"[22, 34, 51]","[22, 51]","[19, 50]",7.405220985412598,2.909541368484497
rp1m_reset_only,42,0.9139114118333425,"[22, 34, 51]","[22, 51]",[50],7.606728553771973,3.088259696960449
rp1m_reset_only,43,1.4163678237012605,"[22, 34, 51]","[22, 51]",[],7.496081352233887,3.0038774013519287
rp1m_reset_only,44,1.413554490239418,"[22, 34, 51]","[22, 51]",[],7.603379249572754,3.0272953510284424
rp1m_reset_only,45,1.4137217398462973,"[22, 34, 51]","[22, 51]",[],7.117935657501221,3.067197799682617
rp1m_reset_only,46,1.5223121810850206,"[22, 34, 51]","[22, 51]",[],7.899170398712158,3.1139609813690186
rp1m_reset_only,47,1.5194791474368043,"[22, 34, 51]","[22, 51]",[],7.7217583656311035,3.0278310775756836
rp1m_reset_only,48,1.5133385578184224,"[22, 34, 51]","[22, 51]",[],7.609743118286133,3.0264596939086914
rp1m_reset_only,49,1.13039069083825,"[22, 34, 51]","[22, 51]","[48, 50]",7.963977813720703,3.006915807723999
rp1m_reset_only,50,0.7475536497700297,"[22, 31, 34, 50]","[22, 51]","[48, 50]",7.535893440246582,3.0609583854675293
rp1m_reset_only,51,0.9550922594690615,"[31, 34, 50]",[],[],7.06043815612793,2.8809006214141846
rp1m_reset_only,52,1.250802649354232,"[31, 34, 50]",[50],[],7.129217624664307,3.0507664680480957
rp1m_reset_only,53,1.1242642312788975,"[31, 34, 48, 50]","[34, 48, 50]",[],6.518204689025879,2.9235947132110596
rp1m_reset_only,54,0.9527469578785978,"[31, 34, 48]","[31, 34, 48, 50]",[44],6.694230079650879,2.6008083820343018
rp1m_reset_only,55,1.0830137915262363,"[31, 34, 48]","[31, 34, 36]","[28, 44, 46]",6.50676155090332,2.9696223735809326
rp1m_reset_only,56,1.1281097734470191,"[31, 34, 48, 50]","[31, 34, 48]","[28, 44, 46]",6.949410438537598,2.9989728927612305
rp1m_reset_only,57,1.4822905052540931,"[31, 34, 50]","[31, 34, 48]",[],7.026426792144775,2.871089220046997
rp1m_reset_only,58,1.4045834452685706,"[31, 34, 50]","[31, 34, 48]",[],6.452298164367676,2.766000270843506
rp1m_reset_only,59,1.1675607753753343,"[31, 34, 48, 50]","[31, 34, 48]","[46, 48]",6.354930400848389,2.945133686065674
rp1m_reset_only,60,1.0490211091633639,"[31, 34, 48]","[31, 34, 48]","[46, 48]",6.480806827545166,3.032139778137207
rp1m_reset_only,61,0.9665568786934622,"[31, 34, 48]","[31, 34, 48]",[46],5.993340969085693,2.836822509765625
rp1m_reset_only,62,0.9478249026495311,"[31, 34, 48]","[31, 34, 48]","[25, 28]",7.170790672302246,3.000276803970337
rp1m_reset_only,63,1.0950091669670416,"[31, 34, 48]","[31, 34, 48]",[28],7.102893829345703,3.083087921142578
rp1m_reset_only,64,1.0243240989199083,"[31, 34, 48]","[31, 34, 48]","[25, 28]",6.971563816070557,2.978496551513672
rp1m_reset_only,65,1.0286806405637894,"[31, 34, 48]","[31, 34, 48]","[25, 28, 43, 44]",7.173853874206543,3.069657802581787
rp1m_reset_only,66,1.049618364852587,"[31, 34, 48]","[31, 34, 48]","[25, 28]",7.033730983734131,2.9784951210021973
rp1m_reset_only,67,1.0418750297248707,"[31, 34, 48]","[31, 34, 48]",[28],6.633391380310059,2.977207899093628
rp1m_reset_only,68,1.5093500735876355,"[31, 34, 46, 48]","[31, 34, 48]",[],6.5163373947143555,2.960986852645874
rp1m_reset_only,69,1.3075193957266182,"[31, 34, 46]","[31, 34, 48]",[],7.198484897613525,2.839066505432129
rp1m_reset_only,70,1.4143554686497046,"[31, 34, 46]","[31, 34, 50]",[],7.07388162612915,2.820056200027466
rp1m_reset_only,71,0.9155908940895479,"[31, 34, 46]","[31, 34, 46]","[43, 50]",7.19235897064209,2.9867913722991943
rp1m_reset_only,72,0.9094990641236081,"[31, 34, 46]","[31, 34, 46]","[43, 47, 50]",6.632202625274658,2.7869129180908203
rp1m_reset_only,73,0.7855434038388894,"[31, 34, 46]","[31, 34, 46]",[43],6.486501693725586,2.72088623046875
rp1m_reset_only,74,1.2750995427016718,"[31, 34, 46]","[31, 34, 46]",[],7.006358623504639,2.956972122192383
rp1m_reset_only,75,0.8155062109206531,"[26, 31, 34, 53]","[31, 34, 46]","[50, 51]",6.446952819824219,3.1169795989990234
rp1m_reset_only,76,0.8704636865234908,"[26, 34, 53]","[31, 34, 53]",[50],7.44547700881958,2.915083885192871
rp1m_reset_only,77,1.0068547566030697,"[26, 34, 53]","[34, 53]",[50],6.6818528175354,2.997030019760132
rp1m_reset_only,78,0.9107724013024598,"[26, 34, 53]","[34, 53]",[50],6.758071422576904,3.031752347946167
rp1m_reset_only,79,1.4233665986070587,"[26, 34, 53]","[26, 27, 34, 53]",[],6.94500207901001,3.0307810306549072
rp1m_reset_only,80,1.4757593472176163,"[26, 34, 53]","[26, 34, 53]",[],6.63812255859375,2.976879119873047
rp1m_reset_only,81,0.8896875975404177,"[26, 34, 53]","[26, 34, 53]",[50],6.9817214012146,3.070748805999756
rp1m_reset_only,82,0.9065158188151143,"[26, 34, 53]","[26, 34, 53]",[50],6.479633808135986,2.88006591796875
rp1m_reset_only,83,0.8200062377999888,"[26, 34, 53]","[26, 34, 53]","[28, 50]",6.641334533691406,3.042971611022949
rp1m_reset_only,84,1.450490295735928,"[26, 34, 53]","[26, 34, 53]",[],6.724175930023193,3.0821778774261475
rp1m_reset_only,85,1.4271459904941974,"[26, 34, 53]","[26, 34, 53]",[],6.584887504577637,2.9883172512054443
rp1m_reset_only,86,0.9526981077409306,"[26, 34, 53]","[26, 34, 53]","[21, 29, 50, 51]",6.610419273376465,3.0992696285247803
rp1m_reset_only,87,0.7707032506947726,"[26, 34, 53]","[26, 34, 53]","[21, 29]",6.9246954917907715,3.1076643466949463
rp1m_reset_only,88,0.8972957234978666,"[26, 34, 53]","[26, 34, 53]","[21, 29]",6.925239562988281,3.081958532333374
rp1m_reset_only,89,0.8534582893332086,"[26, 34, 53]","[26, 34, 53]","[21, 29]",6.6917643547058105,3.076859474182129
rp1m_reset_only,90,0.8284240876689482,"[26, 34, 53]","[26, 34, 53]",[21],6.653181552886963,3.059319257736206
rp1m_reset_only,91,0.8299588337850736,"[26, 34, 53]","[26, 34, 53]","[21, 29]",6.721113681793213,2.979490280151367
rp1m_reset_only,92,1.128419657005479,"[26, 34, 53]","[26, 34, 53]",[],6.576885223388672,3.077103614807129
rp1m_reset_only,93,0.904285443843577,"[26, 34, 53]","[26, 34, 53]","[27, 29]",6.758237838745117,3.0776779651641846
rp1m_reset_only,94,1.3795218130994296,"[26, 34, 53]","[26, 34, 53]",[],7.1977996826171875,2.9937567710876465
rp1m_reset_only,95,0.9815114796292467,"[26, 34, 53]","[26, 34, 53]","[22, 27, 29]",6.598964214324951,3.1079750061035156
rp1m_reset_only,96,0.9718846785048291,"[26, 34, 53]","[26, 34, 53]","[22, 29, 50]",6.814953804016113,3.1290221214294434
rp1m_reset_only,97,1.3671460376222595,"[26, 34, 53]","[26, 34, 53]",[],6.107240200042725,2.5792794227600098
rp1m_reset_only,98,1.4071490556339477,"[26, 34, 53]","[26, 34, 53]",[],6.5341949462890625,2.9234161376953125
rp1m_reset_only,99,1.3777276016812396,"[26, 34, 53]","[26, 34, 53]",[],6.499022006988525,2.830045461654663
rp1m_reset_only,100,1.099586905158687,"[26, 27, 34]","[26, 34, 53]","[23, 29, 31]",5.700203895568848,2.9908347129821777
rp1m_reset_only,101,1.0221202922529664,"[27, 34, 53]","[26, 34, 53]",[51],6.806725025177002,3.0265307426452637
rp1m_reset_only,102,1.370738004443799,"[27, 34, 53]","[34, 53]",[],6.1457037925720215,2.7303221225738525
rp1m_reset_only,103,1.4846243548696318,"[27, 34, 53]","[34, 53]",[],6.681665420532227,2.9288721084594727
rp1m_reset_only,104,1.4237792090287256,"[27, 34, 53]","[27, 34, 53]",[],6.913589000701904,3.0605640411376953
rp1m_reset_only,105,1.2069572016012493,"[27, 34, 53]","[27, 34, 53]",[],7.136390686035156,2.986502170562744
rp1m_reset_only,106,0.9720078452845623,"[27, 34, 53]","[27, 34, 53]",[23],6.954600811004639,2.90437912940979
rp1m_reset_only,107,1.174333531057003,"[27, 34, 53]","[27, 34, 53]",[23],6.808785438537598,2.87520694732666
rp1m_reset_only,108,1.3846460212840583,"[27, 34, 53]","[27, 34, 53]",[],6.7188310623168945,2.9379944801330566
rp1m_reset_only,109,1.0594601905702425,"[27, 34, 53]","[27, 34, 53]",[23],6.7252960205078125,3.034571647644043
rp1m_reset_only,110,1.5426305015359236,"[27, 34, 53]","[27, 34, 53]",[],7.249629974365234,2.9821953773498535
rp1m_reset_only,111,1.1032339570069731,"[27, 34, 53]","[27, 34, 53]","[25, 50, 51]",6.726612567901611,2.9465298652648926
rp1m_reset_only,112,1.2010215397113335,"[27, 34, 53]","[27, 34, 53]","[25, 51]",6.983055114746094,3.058330535888672
rp1m_reset_only,113,1.1273477275199595,"[27, 53]","[27, 34, 53]","[25, 51]",6.85767936706543,3.0210065841674805
rp1m_reset_only,114,1.2039316370808895,"[27, 34, 53]","[27, 53]","[25, 31, 51]",6.977340221405029,2.9880106449127197
rp1m_reset_only,115,1.2901692147591373,"[27, 34, 53]","[27, 34, 53]",[],6.788743019104004,2.873784065246582
rp1m_reset_only,116,1.5431166878236349,"[27, 34, 53]","[27, 34, 53]",[],7.190061092376709,3.0774571895599365
rp1m_reset_only,117,1.525758158029981,"[27, 34, 53]","[27, 34, 53]",[],6.937870502471924,3.0932817459106445
rp1m_reset_only,118,1.1509416381332345,"[27, 34, 53]","[27, 34, 53]","[25, 31, 50, 51]",6.862146854400635,2.8264386653900146
rp1m_reset_only,119,1.1806636044503869,"[27, 34, 53]","[27, 34, 53]",[],6.911526679992676,3.07694149017334
rp1m_reset_only,0,-0.3610318475158729,"[22, 50]",[],[],2.782593250274658,1.2783206701278687
rp1m_reset_only,1,-0.2734826183881174,"[22, 50]",[],[],3.7838799953460693,2.0420403480529785
rp1m_reset_only,2,-0.029765359803763596,"[22, 50]",[],[],4.609132289886475,1.6350353956222534
rp1m_reset_only,3,-0.1610142266504141,"[22, 48, 50]",[],[],5.711981296539307,2.5738701820373535
rp1m_reset_only,4,0.4202614178494221,"[22, 48]",[48],[],6.25930118560791,3.0660898685455322
rp1m_reset_only,5,0.26635345316806947,"[22, 48]",[48],[44],6.587546348571777,3.126506805419922
rp1m_reset_only,6,0.5056237769044862,"[22, 48]","[23, 48]",[44],6.842580318450928,3.0970723628997803
rp1m_reset_only,7,0.9292021718714616,"[22, 50]","[22, 24, 48]",[],6.89780855178833,3.123786687850952
rp1m_reset_only,8,0.6477124805670642,"[22, 50]",[22],[],7.082679271697998,3.1126904487609863
rp1m_reset_only,9,0.42472454385716846,"[22, 50]",[22],[],7.041136741638184,3.05721116065979
rp1m_reset_only,10,0.54341490716006,"[22, 50]","[22, 48, 50]",[],7.312872409820557,3.003262519836426
rp1m_reset_only,11,0.5470150328577166,"[22, 50]","[22, 50]",[],7.153979778289795,2.9922614097595215
rp1m_reset_only,12,0.6134236109992107,"[22, 50]","[22, 50]",[],7.575107574462891,3.0482733249664307
rp1m_reset_only,13,0.196566092504198,"[22, 50]","[22, 50]",[30],7.285918712615967,3.0464060306549072
rp1m_reset_only,14,0.8728118788403371,"[22, 50]","[22, 50]",[],7.319312572479248,3.004523515701294
rp1m_reset_only,15,0.37030151061054195,"[22, 50]","[22, 50]","[43, 44]",7.531940460205078,3.128988265991211
rp1m_reset_only,16,0.593737402423993,"[22, 50]","[22, 50]",[],7.564122200012207,3.1029584407806396
rp1m_reset_only,17,0.79813206753426,"[22, 50]","[22, 50]",[],7.365640640258789,3.108198404312134
rp1m_reset_only,18,0.7508999692292265,"[22, 50]","[22, 50]",[],7.383299827575684,3.1337742805480957
rp1m_reset_only,19,0.29841729199040523,"[22, 50]","[22, 50]",[44],7.475458145141602,3.060220241546631
rp1m_reset_only,20,0.14483375446684854,"[22, 50]","[22, 50]",[44],7.588475227355957,3.079604387283325
rp1m_reset_only,21,0.5462804885449433,"[22, 50]","[22, 50]",[],7.440673351287842,2.9933667182922363
rp1m_reset_only,22,0.2581866162120142,"[22, 50]","[22, 50]",[31],7.326308727264404,2.982585906982422
rp1m_reset_only,23,0.28330251387719596,"[22, 50]","[22, 50]","[31, 42]",7.068948745727539,3.1034741401672363
rp1m_reset_only,24,0.09618619607272705,"[22, 50]","[22, 50]","[31, 42]",7.135509490966797,3.0374233722686768
rp1m_reset_only,25,0.17430306874227247,"[22, 34, 50]","[22, 50]",[42],7.06287145614624,3.098130941390991
rp1m_reset_only,26,0.7646405415206923,"[22, 34, 50]","[22, 50]",[],7.344083309173584,3.0860049724578857
rp1m_reset_only,27,0.19151567109445752,"[22, 34, 50]","[22, 50]",[42],7.357993125915527,3.1136393547058105
rp1m_reset_only,28,0.32719781574084755,"[22, 34, 50]","[20, 22, 50]",[44],7.5737199783325195,3.0575811862945557
rp1m_reset_only,29,0.1813203129295525,"[22, 34, 50]","[20, 22, 50]",[44],7.939874172210693,3.0412347316741943
rp1m_reset_only,30,0.3306138481745452,"[22, 34, 50]","[22, 50]",[44],7.828922271728516,3.1119601726531982
rp1m_reset_only,31,0.3255183379072937,"[22, 34, 50]","[22, 50]",[44],8.331743240356445,3.095654249191284
rp1m_reset_only,32,0.41117746906409947,"[22, 34, 50]","[22, 50]","[31, 44]",7.890476703643799,3.087696075439453
rp1m_reset_only,33,0.4022262191166608,"[22, 34, 50]","[22, 50]",[44],8.180922508239746,3.109581232070923
rp1m_reset_only,34,0.7294809336307275,"[22, 34, 50]","[22, 50]",[],8.03030014038086,3.1223647594451904
rp1m_reset_only,35,0.22400944882467883,"[22, 34, 50]","[22, 50]",[32],7.701629161834717,3.0962345600128174
rp1m_reset_only,36,0.5658771472024822,"[22, 34, 50]","[22, 50]","[32, 34]",7.859951496124268,3.0588741302490234
rp1m_reset_only,37,0.4163351375180154,"[22, 34, 50, 51]","[22, 50]","[34, 35]",7.1246657371521,3.0457510948181152
rp1m_reset_only,38,1.1876835862500443,"[22, 34, 51]","[22, 50]","[34, 51]",7.226717472076416,3.057481050491333
rp1m_reset_only,39,1.44961090551277,"[22, 34, 51]","[22, 51]","[34, 51]",7.343249797821045,2.910423994064331
rp1m_reset_only,40,1.1977865953685378,"[22, 34, 51]","[22, 51]",[34],7.587790012359619,3.0766677856445312
rp1m_reset_only,41,1.4597253753854615,"[22, 34, 51]","[22, 51]","[34, 51]",7.411736965179443,2.909541368484497
rp1m_reset_only,42,0.9606267248339742,"[22, 34, 51]","[22, 51]",[34],7.613582611083984,3.088259696960449
rp1m_reset_only,43,0.9627063917419141,"[22, 34, 51]","[22, 51]",[34],7.50445556640625,3.0038774013519287
rp1m_reset_only,44,0.8109477374682252,"[22, 34, 51]","[22, 51]",[],7.609958171844482,3.0272953510284424
rp1m_reset_only,45,0.8561353757885422,"[22, 34, 51]","[22, 51]",[],7.12758731842041,3.067197799682617
rp1m_reset_only,46,0.42639933013380604,"[22, 34, 51]","[22, 51]",[37],7.905808448791504,3.1139609813690186
rp1m_reset_only,47,1.033594092683535,"[22, 34, 51]","[22, 51]",[],7.7283220291137695,3.0278310775756836
rp1m_reset_only,48,0.5076942640285353,"[22, 34, 51]","[22, 51]",[37],7.6194987297058105,3.0264596939086914
rp1m_reset_only,49,0.6172548351310652,"[22, 34, 51]","[22, 51]",[37],7.970348358154297,3.006915807723999
rp1m_reset_only,50,0.19944181660521226,"[22, 31, 34, 50]","[22, 51]",[37],7.53929328918457,3.0609583854675293
rp1m_reset_only,51,0.6198280232300486,"[31, 34, 50]",[],[],7.060303688049316,2.8809006214141846
rp1m_reset_only,52,0.6217739812898084,"[31, 34, 50]",[50],[],7.132923603057861,3.0507664680480957
rp1m_reset_only,53,0.6712933964685732,"[31, 34, 48, 50]","[34, 48, 50]",[],6.525048732757568,2.9235947132110596
rp1m_reset_only,54,0.5343386615529424,"[31, 34, 48]","[31, 34, 48, 50]","[36, 38]",6.7041473388671875,2.6008083820343018
rp1m_reset_only,55,0.7415654616176512,"[31, 34, 48]","[31, 34, 36]","[36, 45, 49]",6.520504951477051,2.9696223735809326
rp1m_reset_only,56,0.7859463769804296,"[31, 34, 48, 50]","[31, 34, 48]","[36, 45, 49]",6.9481401443481445,2.9989728927612305
rp1m_reset_only,57,1.1182299076452074,"[31, 34, 50]","[31, 34, 48]",[],6.986123561859131,2.871089220046997
rp1m_reset_only,58,0.7738780795054018,"[31, 34, 50]","[31, 34, 48]","[34, 36]",6.455473899841309,2.766000270843506
rp1m_reset_only,59,0.6052278412530498,"[31, 34, 48, 50]","[31, 34, 48]","[34, 36]",6.356357097625732,2.945133686065674
rp1m_reset_only,60,0.669371941609312,"[31, 34, 48]","[31, 34, 48]","[32, 34, 36]",6.489354133605957,3.032139778137207
rp1m_reset_only,61,0.7572639715874684,"[31, 34, 48]","[31, 34, 48]","[34, 36]",6.002527236938477,2.836822509765625
rp1m_reset_only,62,0.4889295426695552,"[31, 34, 48]","[31, 34, 48]","[44, 47]",7.17805290222168,3.000276803970337
rp1m_reset_only,63,0.606992052402064,"[31, 34, 48]","[31, 34, 48]",[47],7.112085819244385,3.083087921142578
rp1m_reset_only,64,0.7499138361866825,"[31, 34, 48]","[31, 34, 48]",[47],6.980804443359375,2.978496551513672
rp1m_reset_only,65,0.9075139984650775,"[31, 34, 48]","[31, 34, 48]","[34, 36, 47]",7.179576873779297,3.069657802581787
rp1m_reset_only,66,0.7069817134052112,"[31, 34, 48]","[31, 34, 48]",[47],7.036208152770996,2.9784951210021973
rp1m_reset_only,67,0.7585623239597155,"[31, 34, 48]","[31, 34, 48]",[47],6.639861583709717,2.977207899093628
rp1m_reset_only,68,1.0931597720575865,"[31, 34, 46, 48]","[31, 34, 48]",[],6.527186393737793,2.960986852645874
rp1m_reset_only,69,1.0191514258980279,"[31, 34, 46]","[31, 34, 48]",[],7.206203460693359,2.839066505432129
rp1m_reset_only,70,1.0646238803755048,"[31, 34, 46]","[31, 34, 50]",[],7.082202911376953,2.820056200027466
rp1m_reset_only,71,0.5536423117262875,"[31, 34, 46]","[31, 34, 46]",[32],7.201108932495117,2.9867913722991943
rp1m_reset_only,72,0.48183095825582345,"[31, 34, 46]","[31, 34, 46]","[26, 27, 28, 32]",6.648353576660156,2.7869129180908203
rp1m_reset_only,73,0.5739783510302596,"[31, 34, 46]","[31, 34, 46]",[32],6.4964470863342285,2.72088623046875
rp1m_reset_only,74,1.0694903570023135,"[31, 34, 46]","[31, 34, 46]",[],7.017430305480957,2.956972122192383
rp1m_reset_only,75,1.1406711696947374,"[26, 31, 34, 53]","[31, 34, 46]",[26],6.461834907531738,3.1169795989990234
rp1m_reset_only,76,1.0467283992621925,"[26, 34, 53]","[31, 34, 53]",[26],7.453794479370117,2.915083885192871
rp1m_reset_only,77,1.1526619559761806,"[26, 34, 53]","[34, 53]",[26],6.695224285125732,2.997030019760132
rp1m_reset_only,78,1.1088218042677833,"[26, 34, 53]","[34, 53]",[26],6.758786678314209,3.031752347946167
rp1m_reset_only,79,0.8573772204469912,"[26, 34, 53]","[26, 27, 34, 53]",[],6.949862957000732,3.0307810306549072
rp1m_reset_only,80,0.9783521596477877,"[26, 34, 53]","[26, 34, 53]",[],6.641908645629883,2.976879119873047
rp1m_reset_only,81,0.5116368500648466,"[26, 34, 53]","[26, 34, 53]","[26, 27]",6.982273578643799,3.070748805999756
rp1m_reset_only,82,0.5674504524123659,"[26, 34, 53]","[26, 34, 53]",[27],6.485516548156738,2.88006591796875
rp1m_reset_only,83,0.29436575324593806,"[26, 34, 53]","[26, 34, 53]",[27],6.645663261413574,3.042971611022949
rp1m_reset_only,84,0.954450186435138,"[26, 34, 53]","[26, 34, 53]",[],6.721729755401611,3.0821778774261475
rp1m_reset_only,85,0.8612584423846205,"[26, 34, 53]","[26, 34, 53]",[],6.58835506439209,2.9883172512054443
rp1m_reset_only,86,0.37635760121291695,"[26, 34, 53]","[26, 34, 53]",[27],6.618143081665039,3.0992696285247803
rp1m_reset_only,87,0.12880265760441495,"[26, 34, 53]","[26, 34, 53]","[39, 46, 48]",6.923554420471191,3.1076643466949463
rp1m_reset_only,88,0.3387340157085633,"[26, 34, 53]","[26, 34, 53]","[39, 46, 48]",6.930936336517334,3.081958532333374
rp1m_reset_only,89,0.27105036966317564,"[26, 34, 53]","[26, 34, 53]","[46, 48]",6.692393779754639,3.076859474182129
rp1m_reset_only,90,0.7049023486933512,"[26, 34, 53]","[26, 34, 53]",[],6.658726692199707,3.059319257736206
rp1m_reset_only,91,0.19727226179404958,"[26, 34, 53]","[26, 34, 53]","[39, 46]",6.723294258117676,2.979490280151367
rp1m_reset_only,92,0.5418517808697927,"[26, 34, 53]","[26, 34, 53]",[],6.58291482925415,3.077103614807129
rp1m_reset_only,93,0.2072228569394834,"[26, 34, 53]","[26, 34, 53]",[41],6.761181831359863,3.0776779651641846
rp1m_reset_only,94,0.7867524139838775,"[26, 34, 53]","[26, 34, 53]",[],7.19957160949707,2.9937567710876465
rp1m_reset_only,95,0.33098982318924497,"[26, 34, 53]","[26, 34, 53]","[28, 41]",6.601083278656006,3.1079750061035156
rp1m_reset_only,96,0.37370522106792914,"[26, 34, 53]","[26, 34, 53]",[28],6.819119930267334,3.1290221214294434
rp1m_reset_only,97,0.6819270556069674,"[26, 34, 53]","[26, 34, 53]",[],6.113437652587891,2.5792794227600098
rp1m_reset_only,98,0.6481318175987005,"[26, 34, 53]","[26, 34, 53]",[],6.542015552520752,2.9234161376953125
rp1m_reset_only,99,0.5115279139254731,"[26, 34, 53]","[26, 34, 53]",[],6.502313137054443,2.830045461654663
rp1m_reset_only,100,0.1377079440255769,"[26, 27, 34]","[26, 34, 53]",[47],5.7112579345703125,2.9908347129821777
rp1m_reset_only,101,0.16811349255582594,"[27, 34, 53]","[26, 34, 53]",[30],6.810430526733398,3.0265307426452637
rp1m_reset_only,102,0.7336282473976379,"[27, 34, 53]","[34, 53]",[],6.144875526428223,2.7303221225738525
rp1m_reset_only,103,0.8205738570010962,"[27, 34, 53]","[34, 53]",[],6.682863235473633,2.9288721084594727
rp1m_reset_only,104,0.6767798691900042,"[27, 34, 53]","[27, 34, 53]",[],6.9114484786987305,3.0605640411376953
rp1m_reset_only,105,0.5571778081922968,"[27, 34, 53]","[27, 34, 53]",[],7.136419773101807,2.986502170562744
rp1m_reset_only,106,0.7465506955979064,"[27, 34, 53]","[27, 34, 53]",[],6.961081504821777,2.90437912940979
rp1m_reset_only,107,0.46540888780813755,"[27, 34, 53]","[27, 34, 53]","[41, 50]",6.812081336975098,2.87520694732666
rp1m_reset_only,108,0.7542688037858943,"[27, 34, 53]","[27, 34, 53]",[],6.725166320800781,2.9379944801330566
rp1m_reset_only,109,0.844124588542597,"[27, 34, 53]","[27, 34, 53]",[],6.723278999328613,3.034571647644043
rp1m_reset_only,110,0.27600509041342547,"[27, 34, 53]","[27, 34, 53]",[30],7.253178596496582,2.9821953773498535
rp1m_reset_only,111,0.30129820906597793,"[27, 34, 53]","[27, 34, 53]","[30, 39, 47]",6.724188804626465,2.9465298652648926
rp1m_reset_only,112,0.3503916573104789,"[27, 34, 53]","[27, 34, 53]","[30, 47]",6.986931800842285,3.058330535888672
rp1m_reset_only,113,0.30544018770678405,"[27, 53]","[27, 34, 53]",[30],6.865109443664551,3.0210065841674805
rp1m_reset_only,114,0.42480103934074953,"[27, 34, 53]","[27, 53]","[30, 49]",6.975838661193848,2.9880106449127197
rp1m_reset_only,115,0.600185346333932,"[27, 34, 53]","[27, 34, 53]",[],6.791409492492676,2.873784065246582
rp1m_reset_only,116,0.7188672080009385,"[27, 34, 53]","[27, 34, 53]",[],7.195919513702393,3.0774571895599365
rp1m_reset_only,117,0.7901304905994165,"[27, 34, 53]","[27, 34, 53]",[],6.946308135986328,3.0932817459106445
rp1m_reset_only,118,0.3601260525840732,"[27, 34, 53]","[27, 34, 53]","[31, 32, 47]",6.866925239562988,2.8264386653900146
rp1m_reset_only,119,0.5617571417219409,"[27, 34, 53]","[27, 34, 53]",[],6.917788028717041,3.07694149017334
rp1m_restore_hands,0,1.9000362001318853,"[22, 50]",[],[],2.6899521350860596,1.2783206701278687
rp1m_restore_hands,1,1.7220783973070155,"[22, 50]",[],[],3.710949420928955,2.0420403480529785
rp1m_restore_hands,2,1.7953822687256713,"[22, 50]",[],[],4.5620198249816895,1.6350353956222534
rp1m_restore_hands,3,1.9982182510181041,"[22, 48, 50]",[],[],5.669368743896484,2.5738701820373535
rp1m_restore_hands,4,2.391695350917027,"[22, 48]",[48],[],6.21337366104126,3.0660898685455322
rp1m_restore_hands,5,2.6480551289003342,"[22, 48]",[48],[],6.545382022857666,3.126506805419922
rp1m_restore_hands,6,2.2756954815878436,"[22, 48]","[23, 48]","[14, 15]",6.805098533630371,3.0970723628997803
rp1m_restore_hands,7,2.6817946840184117,"[22, 50]","[22, 24, 48]",[],6.856607913970947,3.123786687850952
rp1m_restore_hands,8,2.574578375297169,"[22, 50]",[22],[],7.048792362213135,3.1126904487609863
rp1m_restore_hands,9,2.7402154802507512,"[22, 50]",[22],[],7.005462169647217,3.05721116065979
rp1m_restore_hands,10,2.5446024731054013,"[22, 50]","[22, 48, 50]",[],7.278613090515137,3.003262519836426
rp1m_restore_hands,11,2.441430348289807,"[22, 50]","[22, 50]",[],7.11920166015625,2.9922614097595215
rp1m_restore_hands,12,2.4211131189397683,"[22, 50]","[22, 50]",[],7.537917613983154,3.0482733249664307
rp1m_restore_hands,13,1.883394906444245,"[22, 50]","[22, 50]",[49],7.249638080596924,3.0464060306549072
rp1m_restore_hands,14,2.627192734546092,"[22, 50]","[22, 50]",[],7.285197734832764,3.004523515701294
rp1m_restore_hands,15,2.1706211126732313,"[22, 50]","[22, 50]",[13],7.5008344650268555,3.128988265991211
rp1m_restore_hands,16,2.4195087810170506,"[22, 50]","[22, 50]",[],7.527334213256836,3.1029584407806396
rp1m_restore_hands,17,2.4541647504169757,"[22, 50]","[22, 50]",[],7.333759307861328,3.108198404312134
rp1m_restore_hands,18,2.0170527368172766,"[22, 50]","[22, 50]",[13],7.348487854003906,3.1337742805480957
rp1m_restore_hands,19,2.030341372778019,"[22, 50]","[22, 50]","[13, 46]",7.441401481628418,3.060220241546631
rp1m_restore_hands,20,2.1687502193960126,"[22, 50]","[22, 50]",[13],7.554788112640381,3.079604387283325
rp1m_restore_hands,21,2.0229667048370232,"[22, 50]","[22, 50]",[46],7.40878963470459,2.9933667182922363
rp1m_restore_hands,22,2.137490380552819,"[22, 50]","[22, 50]",[46],7.295293807983398,2.982585906982422
rp1m_restore_hands,23,2.2255448326788176,"[22, 50]","[22, 50]","[15, 46]",7.037328243255615,3.1034741401672363
rp1m_restore_hands,24,2.218985724409527,"[22, 50]","[22, 50]","[15, 46]",7.106387615203857,3.0374233722686768
rp1m_restore_hands,25,1.8511432981106186,"[22, 34, 50]","[22, 50]",[17],7.047208309173584,3.098130941390991
rp1m_restore_hands,26,2.372043260858365,"[22, 34, 50]","[22, 50]",[],7.331284999847412,3.0860049724578857
rp1m_restore_hands,27,1.9417158782835648,"[22, 34, 50]","[22, 50]",[21],7.341503143310547,3.1136393547058105
rp1m_restore_hands,28,2.0325394429919985,"[22, 34, 50]","[20, 22, 50]",[20],7.561102390289307,3.0575811862945557
rp1m_restore_hands,29,2.133036174917783,"[22, 34, 50]","[20, 22, 50]",[20],7.922338008880615,3.0412347316741943
rp1m_restore_hands,30,2.2034751955535343,"[22, 34, 50]","[22, 50]",[20],7.8109049797058105,3.1119601726531982
rp1m_restore_hands,31,2.2469716253397634,"[22, 34, 50]","[22, 50]",[20],8.315778732299805,3.095654249191284
rp1m_restore_hands,32,2.4141948582128165,"[22, 34, 50]","[22, 50]","[20, 50]",7.875421524047852,3.087696075439453
rp1m_restore_hands,33,2.4986671860376,"[22, 34, 50]","[22, 50]","[20, 50]",8.16440200805664,3.109581232070923
rp1m_restore_hands,34,2.410660442864037,"[22, 34, 50]","[22, 50]",[],8.01318073272705,3.1223647594451904
rp1m_restore_hands,35,2.4184234201248205,"[22, 34, 50]","[22, 50]",[50],7.6860246658325195,3.0962345600128174
rp1m_restore_hands,36,2.6355081582561306,"[22, 34, 50]","[22, 50]",[50],7.843501091003418,3.0588741302490234
rp1m_restore_hands,37,2.176245768448643,"[22, 34, 50, 51]","[22, 50]","[49, 50]",7.10724401473999,3.0457510948181152
rp1m_restore_hands,38,2.006033961600805,"[22, 34, 51]","[22, 50]","[19, 50]",7.208171844482422,3.057481050491333
rp1m_restore_hands,39,2.1270526890595245,"[22, 34, 51]","[22, 51]","[19, 50]",7.326512336730957,2.910423994064331
rp1m_restore_hands,40,2.0936591726770155,"[22, 34, 51]","[22, 51]",[50],7.569206714630127,3.0766677856445312
rp1m_restore_hands,41,2.1310756746130517,"[22, 34, 51]","[22, 51]","[19, 50]",7.387592315673828,2.909541368484497
rp1m_restore_hands,42,1.9138114118333425,"[22, 34, 51]","[22, 51]",[50],7.592942237854004,3.088259696960449
rp1m_restore_hands,43,2.4162678237012605,"[22, 34, 51]","[22, 51]",[],7.486659049987793,3.0038774013519287
rp1m_restore_hands,44,2.4134544902394177,"[22, 34, 51]","[22, 51]",[],7.592639923095703,3.0272953510284424
rp1m_restore_hands,45,2.413621739846297,"[22, 34, 51]","[22, 51]",[],7.106729030609131,3.067197799682617
rp1m_restore_hands,46,2.522212181085021,"[22, 34, 51]","[22, 51]",[],7.885537624359131,3.1139609813690186
rp1m_restore_hands,47,2.5193791474368044,"[22, 34, 51]","[22, 51]",[],7.7110676765441895,3.0278310775756836
rp1m_restore_hands,48,2.5132385578184224,"[22, 34, 51]","[22, 51]",[],7.605466842651367,3.0264596939086914
rp1m_restore_hands,49,2.1302906908382497,"[22, 34, 51]","[22, 51]","[48, 50]",7.956106662750244,3.006915807723999
rp1m_restore_hands,50,1.7474536497700295,"[22, 31, 34, 50]","[22, 51]","[48, 50]",7.530002117156982,3.0609583854675293
rp1m_restore_hands,51,1.9549922594690616,"[31, 34, 50]",[],[],7.052938461303711,2.8809006214141846
rp1m_restore_hands,52,2.250702649354232,"[31, 34, 50]",[50],[],7.123826503753662,3.0507664680480957
rp1m_restore_hands,53,2.1241642312788978,"[31, 34, 48, 50]","[34, 48, 50]",[],6.512943267822266,2.9235947132110596
rp1m_restore_hands,54,1.9526469578785979,"[31, 34, 48]","[31, 34, 48, 50]",[44],6.688486099243164,2.6008083820343018
rp1m_restore_hands,55,2.082913791526236,"[31, 34, 48]","[31, 34, 36]","[28, 44, 46]",6.5021820068359375,2.9696223735809326
rp1m_restore_hands,56,2.128009773447019,"[31, 34, 48, 50]","[31, 34, 48]","[28, 44, 46]",6.924265384674072,2.9989728927612305
rp1m_restore_hands,57,2.482190505254093,"[31, 34, 50]","[31, 34, 48]",[],6.9554033279418945,2.871089220046997
rp1m_restore_hands,58,2.404483445268571,"[31, 34, 50]","[31, 34, 48]",[],6.43796443939209,2.766000270843506
rp1m_restore_hands,59,2.1674607753753343,"[31, 34, 48, 50]","[31, 34, 48]","[46, 48]",6.344822406768799,2.945133686065674
rp1m_restore_hands,60,2.0489211091633637,"[31, 34, 48]","[31, 34, 48]","[46, 48]",6.471888542175293,3.032139778137207
rp1m_restore_hands,61,1.966456878693462,"[31, 34, 48]","[31, 34, 48]",[46],5.981672286987305,2.836822509765625
rp1m_restore_hands,62,1.9477249026495311,"[31, 34, 48]","[31, 34, 48]","[25, 28]",7.165663719177246,3.000276803970337
rp1m_restore_hands,63,2.094909166967042,"[31, 34, 48]","[31, 34, 48]",[28],7.094571590423584,3.083087921142578
rp1m_restore_hands,64,2.0242240989199085,"[31, 34, 48]","[31, 34, 48]","[25, 28]",6.963079452514648,2.978496551513672
rp1m_restore_hands,65,2.0285806405637894,"[31, 34, 48]","[31, 34, 48]","[25, 28, 43, 44]",7.164243698120117,3.069657802581787
rp1m_restore_hands,66,2.049518364852587,"[31, 34, 48]","[31, 34, 48]","[25, 28]",7.01842737197876,2.9784951210021973
rp1m_restore_hands,67,2.0417750297248705,"[31, 34, 48]","[31, 34, 48]",[28],6.624687194824219,2.977207899093628
rp1m_restore_hands,68,2.5092500735876353,"[31, 34, 46, 48]","[31, 34, 48]",[],6.507491588592529,2.960986852645874
rp1m_restore_hands,69,2.307419395726618,"[31, 34, 46]","[31, 34, 48]",[],7.191199779510498,2.839066505432129
rp1m_restore_hands,70,2.4142554686497046,"[31, 34, 46]","[31, 34, 50]",[],7.0690131187438965,2.820056200027466
rp1m_restore_hands,71,1.9154908940895479,"[31, 34, 46]","[31, 34, 46]","[43, 50]",7.18255615234375,2.9867913722991943
rp1m_restore_hands,72,1.909399064123608,"[31, 34, 46]","[31, 34, 46]","[43, 47, 50]",6.626301288604736,2.7869129180908203
rp1m_restore_hands,73,1.7854434038388893,"[31, 34, 46]","[31, 34, 46]",[43],6.480910301208496,2.72088623046875
rp1m_restore_hands,74,2.274999542701672,"[31, 34, 46]","[31, 34, 46]",[],6.998073101043701,2.956972122192383
rp1m_restore_hands,75,1.8154062109206532,"[26, 31, 34, 53]","[31, 34, 46]","[50, 51]",6.44008207321167,3.1169795989990234
rp1m_restore_hands,76,1.8703636865234907,"[26, 34, 53]","[31, 34, 53]",[50],7.438863277435303,2.915083885192871
rp1m_restore_hands,77,2.00675475660307,"[26, 34, 53]","[34, 53]",[50],6.670732021331787,2.997030019760132
rp1m_restore_hands,78,1.9106724013024596,"[26, 34, 53]","[34, 53]",[50],6.736526966094971,3.031752347946167
rp1m_restore_hands,79,2.4232665986070585,"[26, 34, 53]","[26, 27, 34, 53]",[],6.933531284332275,3.0307810306549072
rp1m_restore_hands,80,2.4756593472176163,"[26, 34, 53]","[26, 34, 53]",[],6.623515605926514,2.976879119873047
rp1m_restore_hands,81,1.8895875975404177,"[26, 34, 53]","[26, 34, 53]",[50],6.966291427612305,3.070748805999756
rp1m_restore_hands,82,1.9064158188151143,"[26, 34, 53]","[26, 34, 53]",[50],6.465141773223877,2.88006591796875
rp1m_restore_hands,83,1.8199062377999888,"[26, 34, 53]","[26, 34, 53]","[28, 50]",6.623243808746338,3.042971611022949
rp1m_restore_hands,84,2.450390295735928,"[26, 34, 53]","[26, 34, 53]",[],6.705081939697266,3.0821778774261475
rp1m_restore_hands,85,2.4270459904941974,"[26, 34, 53]","[26, 34, 53]",[],6.564391136169434,2.9883172512054443
rp1m_restore_hands,86,1.9525981077409305,"[26, 34, 53]","[26, 34, 53]","[21, 29, 50, 51]",6.598036766052246,3.0992696285247803
rp1m_restore_hands,87,1.7706032506947726,"[26, 34, 53]","[26, 34, 53]","[21, 29]",6.9047980308532715,3.1076643466949463
rp1m_restore_hands,88,1.8971957234978665,"[26, 34, 53]","[26, 34, 53]","[21, 29]",6.913014888763428,3.081958532333374
rp1m_restore_hands,89,1.8533582893332086,"[26, 34, 53]","[26, 34, 53]","[21, 29]",6.672297477722168,3.076859474182129
rp1m_restore_hands,90,1.828324087668948,"[26, 34, 53]","[26, 34, 53]",[21],6.640063285827637,3.059319257736206
rp1m_restore_hands,91,1.8298588337850736,"[26, 34, 53]","[26, 34, 53]","[21, 29]",6.702212810516357,2.979490280151367
rp1m_restore_hands,92,2.1283196570054788,"[26, 34, 53]","[26, 34, 53]",[],6.560758590698242,3.077103614807129
rp1m_restore_hands,93,1.904185443843577,"[26, 34, 53]","[26, 34, 53]","[27, 29]",6.743498802185059,3.0776779651641846
rp1m_restore_hands,94,2.3794218130994294,"[26, 34, 53]","[26, 34, 53]",[],7.181492805480957,2.9937567710876465
rp1m_restore_hands,95,1.9814114796292466,"[26, 34, 53]","[26, 34, 53]","[22, 27, 29]",6.585668563842773,3.1079750061035156
rp1m_restore_hands,96,1.9717846785048292,"[26, 34, 53]","[26, 34, 53]","[22, 29, 50]",6.800487518310547,3.1290221214294434
rp1m_restore_hands,97,2.3670460376222593,"[26, 34, 53]","[26, 34, 53]",[],6.091978549957275,2.5792794227600098
rp1m_restore_hands,98,2.4070490556339474,"[26, 34, 53]","[26, 34, 53]",[],6.524655818939209,2.9234161376953125
rp1m_restore_hands,99,2.3776276016812394,"[26, 34, 53]","[26, 34, 53]",[],6.483126640319824,2.830045461654663
rp1m_restore_hands,100,2.099486905158687,"[26, 27, 34]","[26, 34, 53]","[23, 29, 31]",5.6983418464660645,2.9908347129821777
rp1m_restore_hands,101,2.022020292252966,"[27, 34, 53]","[26, 34, 53]",[51],6.7898101806640625,3.0265307426452637
rp1m_restore_hands,102,2.3706380044437987,"[27, 34, 53]","[34, 53]",[],6.124796390533447,2.7303221225738525
rp1m_restore_hands,103,2.484524354869632,"[27, 34, 53]","[34, 53]",[],6.665530681610107,2.9288721084594727
rp1m_restore_hands,104,2.423679209028726,"[27, 34, 53]","[27, 34, 53]",[],6.890538215637207,3.0605640411376953
rp1m_restore_hands,105,2.2068572016012493,"[27, 34, 53]","[27, 34, 53]",[],7.121195316314697,2.986502170562744
rp1m_restore_hands,106,1.9719078452845622,"[27, 34, 53]","[27, 34, 53]",[23],6.939341068267822,2.90437912940979
rp1m_restore_hands,107,2.174233531057003,"[27, 34, 53]","[27, 34, 53]",[23],6.7930755615234375,2.87520694732666
rp1m_restore_hands,108,2.3845460212840583,"[27, 34, 53]","[27, 34, 53]",[],6.704234600067139,2.9379944801330566
rp1m_restore_hands,109,2.0593601905702426,"[27, 34, 53]","[27, 34, 53]",[23],6.69993782043457,3.034571647644043
rp1m_restore_hands,110,2.5425305015359236,"[27, 34, 53]","[27, 34, 53]",[],7.237823486328125,2.9821953773498535
rp1m_restore_hands,111,2.1031339570069734,"[27, 34, 53]","[27, 34, 53]","[25, 50, 51]",6.700221538543701,2.9465298652648926
rp1m_restore_hands,112,2.2009215397113335,"[27, 34, 53]","[27, 34, 53]","[25, 51]",6.96389627456665,3.058330535888672
rp1m_restore_hands,113,2.1272477275199595,"[27, 53]","[27, 34, 53]","[25, 51]",6.849857330322266,3.0210065841674805
rp1m_restore_hands,114,2.2038316370808895,"[27, 34, 53]","[27, 53]","[25, 31, 51]",6.9527363777160645,2.9880106449127197
rp1m_restore_hands,115,2.2900692147591375,"[27, 34, 53]","[27, 34, 53]",[],6.7714056968688965,2.873784065246582
rp1m_restore_hands,116,2.543016687823635,"[27, 34, 53]","[27, 34, 53]",[],7.175209999084473,3.0774571895599365
rp1m_restore_hands,117,2.525658158029981,"[27, 34, 53]","[27, 34, 53]",[],6.927412986755371,3.0932817459106445
rp1m_restore_hands,118,2.1508416381332345,"[27, 34, 53]","[27, 34, 53]","[25, 31, 50, 51]",6.849759101867676,2.8264386653900146
rp1m_restore_hands,119,2.180563604450387,"[27, 34, 53]","[27, 34, 53]",[],6.899339199066162,3.07694149017334
rp1m_restore_hands,0,0.6388681524841271,"[22, 50]",[],[],2.738010883331299,1.2783206701278687
rp1m_restore_hands,1,0.7264173816118826,"[22, 50]",[],[],3.750699520111084,2.0420403480529785
rp1m_restore_hands,2,0.9701346401962364,"[22, 50]",[],[],4.581932067871094,1.6350353956222534
rp1m_restore_hands,3,0.8388857733495859,"[22, 48, 50]",[],[],5.6900553703308105,2.5738701820373535
rp1m_restore_hands,4,1.420161417849422,"[22, 48]",[48],[],6.2392988204956055,3.0660898685455322
rp1m_restore_hands,5,1.2662534531680696,"[22, 48]",[48],[44],6.568543910980225,3.126506805419922
rp1m_restore_hands,6,1.5055237769044862,"[22, 48]","[23, 48]",[44],6.8242878913879395,3.0970723628997803
rp1m_restore_hands,7,1.9291021718714616,"[22, 50]","[22, 24, 48]",[],6.879662990570068,3.123786687850952
rp1m_restore_hands,8,1.6476124805670644,"[22, 50]",[22],[],7.065008640289307,3.1126904487609863
rp1m_restore_hands,9,1.4246245438571685,"[22, 50]",[22],[],7.023361682891846,3.05721116065979
rp1m_restore_hands,10,1.54331490716006,"[22, 50]","[22, 48, 50]",[],7.295759201049805,3.003262519836426
rp1m_restore_hands,11,1.5469150328577166,"[22, 50]","[22, 50]",[],7.136491298675537,2.9922614097595215
rp1m_restore_hands,12,1.6133236109992106,"[22, 50]","[22, 50]",[],7.558681964874268,3.0482733249664307
rp1m_restore_hands,13,1.1964660925041979,"[22, 50]","[22, 50]",[30],7.268760681152344,3.0464060306549072
rp1m_restore_hands,14,1.8727118788403372,"[22, 50]","[22, 50]",[],7.302225589752197,3.004523515701294
rp1m_restore_hands,15,1.3702015106105419,"[22, 50]","[22, 50]","[43, 44]",7.51543664932251,3.128988265991211
rp1m_restore_hands,16,1.5936374024239928,"[22, 50]","[22, 50]",[],7.547603130340576,3.1029584407806396
rp1m_restore_hands,17,1.79803206753426,"[22, 50]","[22, 50]",[],7.348790168762207,3.108198404312134
rp1m_restore_hands,18,1.7507999692292264,"[22, 50]","[22, 50]",[],7.366385459899902,3.1337742805480957
rp1m_restore_hands,19,1.2983172919904051,"[22, 50]","[22, 50]",[44],7.4587249755859375,3.060220241546631
rp1m_restore_hands,20,1.1447337544668486,"[22, 50]","[22, 50]",[44],7.57201623916626,3.079604387283325
rp1m_restore_hands,21,1.5461804885449433,"[22, 50]","[22, 50]",[],7.423892974853516,2.9933667182922363
rp1m_restore_hands,22,1.2580866162120143,"[22, 50]","[22, 50]",[31],7.309244632720947,2.982585906982422
rp1m_restore_hands,23,1.2832025138771959,"[22, 50]","[22, 50]","[31, 42]",7.051370143890381,3.1034741401672363
rp1m_restore_hands,24,1.096086196072727,"[22, 50]","[22, 50]","[31, 42]",7.118016242980957,3.0374233722686768
rp1m_restore_hands,25,1.1742030687422724,"[22, 34, 50]","[22, 50]",[42],7.058956146240234,3.098130941390991
rp1m_restore_hands,26,1.7645405415206923,"[22, 34, 50]","[22, 50]",[],7.341564655303955,3.0860049724578857
rp1m_restore_hands,27,1.1914156710944575,"[22, 34, 50]","[22, 50]",[42],7.355739116668701,3.1136393547058105
rp1m_restore_hands,28,1.3270978157408475,"[22, 34, 50]","[20, 22, 50]",[44],7.5719685554504395,3.0575811862945557
rp1m_restore_hands,29,1.1812203129295524,"[22, 34, 50]","[20, 22, 50]",[44],7.938532829284668,3.0412347316741943
rp1m_restore_hands,30,1.330513848174545,"[22, 34, 50]","[22, 50]",[44],7.8263654708862305,3.1119601726531982
rp1m_restore_hands,31,1.3254183379072937,"[22, 34, 50]","[22, 50]",[44],8.327579498291016,3.095654249191284
rp1m_restore_hands,32,1.4110774690640995,"[22, 34, 50]","[22, 50]","[31, 44]",7.8873138427734375,3.087696075439453
rp1m_restore_hands,33,1.4021262191166608,"[22, 34, 50]","[22, 50]",[44],8.177510261535645,3.109581232070923
rp1m_restore_hands,34,1.7293809336307275,"[22, 34, 50]","[22, 50]",[],8.02664566040039,3.1223647594451904
rp1m_restore_hands,35,1.2239094488246787,"[22, 34, 50]","[22, 50]",[32],7.6982879638671875,3.0962345600128174
rp1m_restore_hands,36,1.565777147202482,"[22, 34, 50]","[22, 50]","[32, 34]",7.857161045074463,3.0588741302490234
rp1m_restore_hands,37,1.4162351375180153,"[22, 34, 50, 51]","[22, 50]","[34, 35]",7.122504711151123,3.0457510948181152
rp1m_restore_hands,38,2.1875835862500446,"[22, 34, 51]","[22, 50]","[34, 51]",7.224579334259033,3.057481050491333
rp1m_restore_hands,39,2.44951090551277,"[22, 34, 51]","[22, 51]","[34, 51]",7.339931964874268,2.910423994064331
rp1m_restore_hands,40,2.1976865953685376,"[22, 34, 51]","[22, 51]",[34],7.582585334777832,3.0766677856445312
rp1m_restore_hands,41,2.4596253753854613,"[22, 34, 51]","[22, 51]","[34, 51]",7.404083728790283,2.909541368484497
rp1m_restore_hands,42,1.960526724833974,"[22, 34, 51]","[22, 51]",[34],7.607419967651367,3.088259696960449
rp1m_restore_hands,43,1.9626063917419143,"[22, 34, 51]","[22, 51]",[34],7.500082969665527,3.0038774013519287
rp1m_restore_hands,44,1.810847737468225,"[22, 34, 51]","[22, 51]",[],7.605032444000244,3.0272953510284424
rp1m_restore_hands,45,1.856035375788542,"[22, 34, 51]","[22, 51]",[],7.122439861297607,3.067197799682617
rp1m_restore_hands,46,1.426299330133806,"[22, 34, 51]","[22, 51]",[37],7.899733066558838,3.1139609813690186
rp1m_restore_hands,47,2.033494092683535,"[22, 34, 51]","[22, 51]",[],7.723423480987549,3.0278310775756836
rp1m_restore_hands,48,1.5075942640285354,"[22, 34, 51]","[22, 51]",[37],7.617432594299316,3.0264596939086914
rp1m_restore_hands,49,1.6171548351310652,"[22, 34, 51]","[22, 51]",[37],7.966663360595703,3.006915807723999
rp1m_restore_hands,50,1.1993418166052123,"[22, 31, 34, 50]","[22, 51]",[37],7.53648042678833,3.0609583854675293
rp1m_restore_hands,51,1.6197280232300486,"[31, 34, 50]",[],[],7.056753158569336,2.8809006214141846
rp1m_restore_hands,52,1.6216739812898084,"[31, 34, 50]",[50],[],7.13033390045166,3.0507664680480957
rp1m_restore_hands,53,1.6711933964685732,"[31, 34, 48, 50]","[34, 48, 50]",[],6.522511959075928,2.9235947132110596
rp1m_restore_hands,54,1.5342386615529424,"[31, 34, 48]","[31, 34, 48, 50]","[36, 38]",6.701390266418457,2.6008083820343018
rp1m_restore_hands,55,1.7414654616176513,"[31, 34, 48]","[31, 34, 36]","[36, 45, 49]",6.5182881355285645,2.9696223735809326
rp1m_restore_hands,56,1.7858463769804296,"[31, 34, 48, 50]","[31, 34, 48]","[36, 45, 49]",6.937769889831543,2.9989728927612305
rp1m_restore_hands,57,2.118129907645207,"[31, 34, 50]","[31, 34, 48]",[],6.9682087898254395,2.871089220046997
rp1m_restore_hands,58,1.773778079505402,"[31, 34, 50]","[31, 34, 48]","[34, 36]",6.448976516723633,2.766000270843506
rp1m_restore_hands,59,1.6051278412530496,"[31, 34, 48, 50]","[31, 34, 48]","[34, 36]",6.351630210876465,2.945133686065674
rp1m_restore_hands,60,1.669271941609312,"[31, 34, 48]","[31, 34, 48]","[32, 34, 36]",6.485159397125244,3.032139778137207
rp1m_restore_hands,61,1.7571639715874685,"[31, 34, 48]","[31, 34, 48]","[34, 36]",5.997111797332764,2.836822509765625
rp1m_restore_hands,62,1.4888295426695553,"[31, 34, 48]","[31, 34, 48]","[44, 47]",7.175586700439453,3.000276803970337
rp1m_restore_hands,63,1.6068920524020642,"[31, 34, 48]","[31, 34, 48]",[47],7.108176231384277,3.083087921142578
rp1m_restore_hands,64,1.7498138361866826,"[31, 34, 48]","[31, 34, 48]",[47],6.97681999206543,2.978496551513672
rp1m_restore_hands,65,1.9074139984650773,"[31, 34, 48]","[31, 34, 48]","[34, 36, 47]",7.175107955932617,3.069657802581787
rp1m_restore_hands,66,1.7068817134052114,"[31, 34, 48]","[31, 34, 48]",[47],7.029385566711426,2.9784951210021973
rp1m_restore_hands,67,1.7584623239597155,"[31, 34, 48]","[31, 34, 48]",[47],6.63576602935791,2.977207899093628
rp1m_restore_hands,68,2.0930597720575865,"[31, 34, 46, 48]","[31, 34, 48]",[],6.523026943206787,2.960986852645874
rp1m_restore_hands,69,2.0190514258980277,"[31, 34, 46]","[31, 34, 48]",[],7.202756404876709,2.839066505432129
rp1m_restore_hands,70,2.064523880375505,"[31, 34, 46]","[31, 34, 50]",[],7.079855442047119,2.820056200027466
rp1m_restore_hands,71,1.5535423117262877,"[31, 34, 46]","[31, 34, 46]",[32],7.196559906005859,2.9867913722991943
rp1m_restore_hands,72,1.4817309582558233,"[31, 34, 46]","[31, 34, 46]","[26, 27, 28, 32]",6.645525932312012,2.7869129180908203
rp1m_restore_hands,73,1.5738783510302596,"[31, 34, 46]","[31, 34, 46]",[32],6.493757724761963,2.72088623046875
rp1m_restore_hands,74,2.0693903570023138,"[31, 34, 46]","[31, 34, 46]",[],7.013535499572754,2.956972122192383
rp1m_restore_hands,75,2.1405711696947374,"[26, 31, 34, 53]","[31, 34, 46]",[26],6.458559989929199,3.1169795989990234
rp1m_restore_hands,76,2.0466283992621923,"[26, 34, 53]","[31, 34, 53]",[26],7.45065450668335,2.915083885192871
rp1m_restore_hands,77,2.152561955976181,"[26, 34, 53]","[34, 53]",[26],6.690089702606201,2.997030019760132
rp1m_restore_hands,78,2.1087218042677836,"[26, 34, 53]","[34, 53]",[26],6.749589920043945,3.031752347946167
rp1m_restore_hands,79,1.8572772204469912,"[26, 34, 53]","[26, 27, 34, 53]",[],6.944590091705322,3.0307810306549072
rp1m_restore_hands,80,1.9782521596477878,"[26, 34, 53]","[26, 34, 53]",[],6.63532018661499,2.976879119873047
rp1m_restore_hands,81,1.5115368500648465,"[26, 34, 53]","[26, 34, 53]","[26, 27]",6.975393295288086,3.070748805999756
rp1m_restore_hands,82,1.567350452412366,"[26, 34, 53]","[26, 34, 53]",[27],6.478960037231445,2.88006591796875
rp1m_restore_hands,83,1.294265753245938,"[26, 34, 53]","[26, 34, 53]",[27],6.637714385986328,3.042971611022949
rp1m_restore_hands,84,1.9543501864351382,"[26, 34, 53]","[26, 34, 53]",[],6.713410377502441,3.0821778774261475
rp1m_restore_hands,85,1.8611584423846204,"[26, 34, 53]","[26, 34, 53]",[],6.579500198364258,2.9883172512054443
rp1m_restore_hands,86,1.376257601212917,"[26, 34, 53]","[26, 34, 53]",[27],6.612467288970947,3.0992696285247803
rp1m_restore_hands,87,1.128702657604415,"[26, 34, 53]","[26, 34, 53]","[39, 46, 48]",6.914979934692383,3.1076643466949463
rp1m_restore_hands,88,1.3386340157085632,"[26, 34, 53]","[26, 34, 53]","[39, 46, 48]",6.925348281860352,3.081958532333374
rp1m_restore_hands,89,1.2709503696631756,"[26, 34, 53]","[26, 34, 53]","[46, 48]",6.683933734893799,3.076859474182129
rp1m_restore_hands,90,1.704802348693351,"[26, 34, 53]","[26, 34, 53]",[],6.652747631072998,3.059319257736206
rp1m_restore_hands,91,1.1971722617940497,"[26, 34, 53]","[26, 34, 53]","[39, 46]",6.715052127838135,2.979490280151367
rp1m_restore_hands,92,1.5417517808697927,"[26, 34, 53]","[26, 34, 53]",[],6.575716972351074,3.077103614807129
rp1m_restore_hands,93,1.2071228569394834,"[26, 34, 53]","[26, 34, 53]",[41],6.754552841186523,3.0776779651641846
rp1m_restore_hands,94,1.7866524139838778,"[26, 34, 53]","[26, 34, 53]",[],7.192379951477051,2.9937567710876465
rp1m_restore_hands,95,1.330889823189245,"[26, 34, 53]","[26, 34, 53]","[28, 41]",6.5950236320495605,3.1079750061035156
rp1m_restore_hands,96,1.3736052210679293,"[26, 34, 53]","[26, 34, 53]",[28],6.8126068115234375,3.1290221214294434
rp1m_restore_hands,97,1.6818270556069672,"[26, 34, 53]","[26, 34, 53]",[],6.1065287590026855,2.5792794227600098
rp1m_restore_hands,98,1.6480318175987005,"[26, 34, 53]","[26, 34, 53]",[],6.537550449371338,2.9234161376953125
rp1m_restore_hands,99,1.5114279139254732,"[26, 34, 53]","[26, 34, 53]",[],6.495193958282471,2.830045461654663
rp1m_restore_hands,100,1.1376079440255769,"[26, 27, 34]","[26, 34, 53]",[47],5.710339069366455,2.9908347129821777
rp1m_restore_hands,101,1.168013492555826,"[27, 34, 53]","[26, 34, 53]",[30],6.802955150604248,3.0265307426452637
rp1m_restore_hands,102,1.733528247397638,"[27, 34, 53]","[34, 53]",[],6.135770320892334,2.7303221225738525
rp1m_restore_hands,103,1.820473857001096,"[27, 34, 53]","[34, 53]",[],6.675671100616455,2.9288721084594727
rp1m_restore_hands,104,1.6766798691900042,"[27, 34, 53]","[27, 34, 53]",[],6.901762962341309,3.0605640411376953
rp1m_restore_hands,105,1.5570778081922967,"[27, 34, 53]","[27, 34, 53]",[],7.1296491622924805,2.986502170562744
rp1m_restore_hands,106,1.7464506955979064,"[27, 34, 53]","[27, 34, 53]",[],6.954270839691162,2.90437912940979
rp1m_restore_hands,107,1.4653088878081375,"[27, 34, 53]","[27, 34, 53]","[41, 50]",6.805073261260986,2.87520694732666
rp1m_restore_hands,108,1.7541688037858942,"[27, 34, 53]","[27, 34, 53]",[],6.718593120574951,2.9379944801330566
rp1m_restore_hands,109,1.844024588542597,"[27, 34, 53]","[27, 34, 53]",[],6.712766647338867,3.034571647644043
rp1m_restore_hands,110,1.2759050904134255,"[27, 34, 53]","[27, 34, 53]",[30],7.2477850914001465,2.9821953773498535
rp1m_restore_hands,111,1.301198209065978,"[27, 34, 53]","[27, 34, 53]","[30, 39, 47]",6.7133402824401855,2.9465298652648926
rp1m_restore_hands,112,1.3502916573104788,"[27, 34, 53]","[27, 34, 53]","[30, 47]",6.978643417358398,3.058330535888672
rp1m_restore_hands,113,1.305340187706784,"[27, 53]","[27, 34, 53]",[30],6.861413478851318,3.0210065841674805
rp1m_restore_hands,114,1.4247010393407495,"[27, 34, 53]","[27, 53]","[30, 49]",6.965653419494629,2.9880106449127197
rp1m_restore_hands,115,1.600085346333932,"[27, 34, 53]","[27, 34, 53]",[],6.783768653869629,2.873784065246582
rp1m_restore_hands,116,1.7187672080009384,"[27, 34, 53]","[27, 34, 53]",[],7.189295291900635,3.0774571895599365
rp1m_restore_hands,117,1.7900304905994164,"[27, 34, 53]","[27, 34, 53]",[],6.941466331481934,3.0932817459106445
rp1m_restore_hands,118,1.360026052584073,"[27, 34, 53]","[27, 34, 53]","[31, 32, 47]",6.861264228820801,2.8264386653900146
rp1m_restore_hands,119,1.561657141721941,"[27, 34, 53]","[27, 34, 53]",[],6.912214756011963,3.07694149017334
zero,0,2.0764053698159604,"[22, 50]",[],[],0.0,0.0
zero,1,2.0868863159657454,"[22, 50]",[],[],0.0,0.0
zero,2,2.091364489406669,"[22, 50]",[],[],0.0,0.0
zero,3,2.103429756223277,"[22, 48, 50]",[],[],0.0,0.0
zero,4,2.1159180493394496,"[22, 48]",[48],[],0.0,0.0
zero,5,2.116612810572585,"[22, 48]",[48],[],0.0,0.0
zero,6,2.11723131460783,"[22, 48]","[23, 48]",[],0.0,0.0
zero,7,2.105913078315504,"[22, 50]","[22, 24, 48]",[],0.0,0.0
zero,8,2.09550487246994,"[22, 50]",[22],[],0.0,0.0
zero,9,2.095871196762527,"[22, 50]",[22],[],0.0,0.0
zero,10,2.0961993787000397,"[22, 50]","[22, 48, 50]",[],0.0,0.0
zero,11,2.096493404836811,"[22, 50]","[22, 50]",[],0.0,0.0
zero,12,2.0967568498471927,"[22, 50]","[22, 50]",[],0.0,0.0
zero,13,2.0969929181994216,"[22, 50]","[22, 50]",[],0.0,0.0
zero,14,2.0972044813427715,"[22, 50]","[22, 50]",[],0.0,0.0
zero,15,2.0973941098222033,"[22, 50]","[22, 50]",[],0.0,0.0
zero,16,2.097564103197736,"[22, 50]","[22, 50]",[],0.0,0.0
zero,17,2.097716520616143,"[22, 50]","[22, 50]",[],0.0,0.0
zero,18,2.097853204421748,"[22, 50]","[22, 50]",[],0.0,0.0
zero,19,2.097975802150838,"[22, 50]","[22, 50]",[],0.0,0.0
zero,20,2.0980857870277867,"[22, 50]","[22, 50]",[],0.0,0.0
zero,21,2.0981844764489153,"[22, 50]","[22, 50]",[],0.0,0.0
zero,22,2.098273048521963,"[22, 50]","[22, 50]",[],0.0,0.0
zero,23,2.098352556867083,"[22, 50]","[22, 50]",[],0.0,0.0
zero,24,2.0984239438612535,"[22, 50]","[22, 50]",[],0.0,0.0
zero,25,2.100950465205415,"[22, 34, 50]","[22, 50]",[],0.0,0.0
zero,26,2.101006374303016,"[22, 34, 50]","[22, 50]",[],0.0,0.0
zero,27,2.1010565350146324,"[22, 34, 50]","[22, 50]",[],0.0,0.0
zero,28,2.101101551522314,"[22, 34, 50]","[20, 22, 50]",[],0.0,0.0
zero,29,2.101141963091931,"[22, 34, 50]","[20, 22, 50]",[],0.0,0.0
zero,30,2.101178251183976,"[22, 34, 50]","[22, 50]",[],0.0,0.0
zero,31,2.1012108457760634,"[22, 34, 50]","[22, 50]",[],0.0,0.0
zero,32,2.1012401309842073,"[22, 34, 50]","[22, 50]",[],0.0,0.0
zero,33,2.1012664500606837,"[22, 34, 50]","[22, 50]",[],0.0,0.0
zero,34,2.1012901098379073,"[22, 34, 50]","[22, 50]",[],0.0,0.0
zero,35,2.10131138468014,"[22, 34, 50]","[22, 50]",[],0.0,0.0
zero,36,2.1013305199980894,"[22, 34, 50]","[22, 50]",[],0.0,0.0
zero,37,2.1027026422251383,"[22, 34, 50, 51]","[22, 50]",[],0.0,0.0
zero,38,2.0786256050360095,"[22, 34, 51]","[22, 50]",[],0.0,0.0
zero,39,2.078636331678938,"[22, 34, 51]","[22, 51]",[],0.0,0.0
zero,40,2.078645986916314,"[22, 34, 51]","[22, 51]",[],0.0,0.0
zero,41,2.0786546800191363,"[22, 34, 51]","[22, 51]",[],0.0,0.0
zero,42,2.0786625088519717,"[22, 34, 51]","[22, 51]",[],0.0,0.0
zero,43,2.0786695610940145,"[22, 34, 51]","[22, 51]",[],0.0,0.0
zero,44,2.0786759153260674,"[22, 34, 51]","[22, 51]",[],0.0,0.0
zero,45,2.0786816419984993,"[22, 34, 51]","[22, 51]",[],0.0,0.0
zero,46,2.0786868042935414,"[22, 34, 51]","[22, 51]",[],0.0,0.0
zero,47,2.0786914588937293,"[22, 34, 51]","[22, 51]",[],0.0,0.0
zero,48,2.0786956566669685,"[22, 34, 51]","[22, 51]",[],0.0,0.0
zero,49,2.078699443277503,"[22, 34, 51]","[22, 51]",[],0.0,0.0
zero,50,2.102231258983368,"[22, 31, 34, 50]","[22, 51]",[],0.0,0.0
zero,51,2.102235168676906,"[31, 34, 50]",[],[],0.0,0.0
zero,52,2.1491674570609707,"[31, 34, 50]",[50],[],0.0,0.0
zero,53,2.144959235268764,"[31, 34, 48, 50]","[34, 48, 50]",[],0.0,0.0
zero,54,2.1648680076115814,"[31, 34, 48]","[31, 34, 48, 50]",[],0.0,0.0
zero,55,2.164872141560829,"[31, 34, 48]","[31, 34, 36]",[],0.0,0.0
zero,56,2.1449700536863823,"[31, 34, 48, 50]","[31, 34, 48]",[],0.0,0.0
zero,57,2.1491863060308742,"[31, 34, 50]","[31, 34, 48]",[],0.0,0.0
zero,58,2.1491890525280173,"[31, 34, 50]","[31, 34, 48]",[],0.0,0.0
zero,59,2.1449780252732396,"[31, 34, 48, 50]","[31, 34, 48]",[],0.0,0.0
zero,60,2.164887522838927,"[31, 34, 48]","[31, 34, 48]",[],0.0,0.0
zero,61,2.164889768550369,"[31, 34, 48]","[31, 34, 48]",[],0.0,0.0
zero,62,2.16489179857977,"[31, 34, 48]","[31, 34, 48]",[],0.0,0.0
zero,63,2.164893634021505,"[31, 34, 48]","[31, 34, 48]",[],0.0,0.0
zero,64,2.1648952938726786,"[31, 34, 48]","[31, 34, 48]",[],0.0,0.0
zero,65,2.1648967952458653,"[31, 34, 48]","[31, 34, 48]",[],0.0,0.0
zero,66,2.1648981535597374,"[31, 34, 48]","[31, 34, 48]",[],0.0,0.0
zero,67,2.164899382709952,"[31, 34, 48]","[31, 34, 48]",[],0.0,0.0
zero,68,2.138281915972594,"[31, 34, 46, 48]","[31, 34, 48]",[],0.0,0.0
zero,69,2.1647863454708607,"[31, 34, 46]","[31, 34, 48]",[],0.0,0.0
zero,70,2.1647872520392375,"[31, 34, 46]","[31, 34, 50]",[],0.0,0.0
zero,71,2.1647880731402864,"[31, 34, 46]","[31, 34, 46]",[],0.0,0.0
zero,72,2.1647888170128757,"[31, 34, 46]","[31, 34, 46]",[],0.0,0.0
zero,73,2.1647894910913017,"[31, 34, 46]","[31, 34, 46]",[],0.0,0.0
zero,74,2.164790102085107,"[31, 34, 46]","[31, 34, 46]",[],0.0,0.0
zero,75,2.095996175784755,"[26, 31, 34, 53]","[31, 34, 46]",[],0.0,0.0
zero,76,2.093138990190522,"[26, 34, 53]","[31, 34, 53]",[],0.0,0.0
zero,77,2.0931392439852394,"[26, 34, 53]","[34, 53]",[],0.0,0.0
zero,78,2.093139476011191,"[26, 34, 53]","[34, 53]",[],0.0,0.0
zero,79,2.09313968833944,"[26, 34, 53]","[26, 27, 34, 53]",[],0.0,0.0
zero,80,2.093139882841119,"[26, 34, 53]","[26, 34, 53]",[],0.0,0.0
zero,81,2.0931400612070084,"[26, 34, 53]","[26, 34, 53]",[],0.0,0.0
zero,82,2.093140224965154,"[26, 34, 53]","[26, 34, 53]",[],0.0,0.0
zero,83,2.0931403754967404,"[26, 34, 53]","[26, 34, 53]",[],0.0,0.0
zero,84,2.09314051405038,"[26, 34, 53]","[26, 34, 53]",[],0.0,0.0
zero,85,2.0931406417549985,"[26, 34, 53]","[26, 34, 53]",[],0.0,0.0
zero,86,2.0931407596314395,"[26, 34, 53]","[26, 34, 53]",[],0.0,0.0
zero,87,2.093140868602931,"[26, 34, 53]","[26, 34, 53]",[],0.0,0.0
zero,88,2.0931409695045198,"[26, 34, 53]","[26, 34, 53]",[],0.0,0.0
zero,89,2.0931410630915863,"[26, 34, 53]","[26, 34, 53]",[],0.0,0.0
zero,90,2.0931411500475194,"[26, 34, 53]","[26, 34, 53]",[],0.0,0.0
zero,91,2.093141230990644,"[26, 34, 53]","[26, 34, 53]",[],0.0,0.0
zero,92,2.0931413064804785,"[26, 34, 53]","[26, 34, 53]",[],0.0,0.0
zero,93,2.0931413770233727,"[26, 34, 53]","[26, 34, 53]",[],0.0,0.0
zero,94,2.0931414430776103,"[26, 34, 53]","[26, 34, 53]",[],0.0,0.0
zero,95,2.0931415050580084,"[26, 34, 53]","[26, 34, 53]",[],0.0,0.0
zero,96,2.093141563340073,"[26, 34, 53]","[26, 34, 53]",[],0.0,0.0
zero,97,2.0931416182637568,"[26, 34, 53]","[26, 34, 53]",[],0.0,0.0
zero,98,2.0931416701368506,"[26, 34, 53]","[26, 34, 53]",[],0.0,0.0
zero,99,2.09314171923804,"[26, 34, 53]","[26, 34, 53]",[],0.0,0.0
zero,100,2.0738894055722223,"[26, 27, 34]","[26, 34, 53]",[],0.0,0.0
zero,101,2.0820144882656133,"[27, 34, 53]","[26, 34, 53]",[],0.0,0.0
zero,102,2.1080454636113526,"[27, 34, 53]","[34, 53]",[],0.0,0.0
zero,103,2.1080455096516744,"[27, 34, 53]","[34, 53]",[],0.0,0.0
zero,104,2.108045553711384,"[27, 34, 53]","[27, 34, 53]",[],0.0,0.0
zero,105,2.108045595967186,"[27, 34, 53]","[27, 34, 53]",[],0.0,0.0
zero,106,2.108045636579147,"[27, 34, 53]","[27, 34, 53]",[],0.0,0.0
zero,107,2.108045675692274,"[27, 34, 53]","[27, 34, 53]",[],0.0,0.0
zero,108,2.108045713437941,"[27, 34, 53]","[27, 34, 53]",[],0.0,0.0
zero,109,2.1080457499351803,"[27, 34, 53]","[27, 34, 53]",[],0.0,0.0
zero,110,2.108045785291849,"[27, 34, 53]","[27, 34, 53]",[],0.0,0.0
zero,111,2.108045819605688,"[27, 34, 53]","[27, 34, 53]",[],0.0,0.0
zero,112,2.108045852965274,"[27, 34, 53]","[27, 34, 53]",[],0.0,0.0
zero,113,2.1088737713591197,"[27, 53]","[27, 34, 53]",[],0.0,0.0
zero,114,2.1080459171353043,"[27, 34, 53]","[27, 53]",[],0.0,0.0
zero,115,2.10804594808448,"[27, 34, 53]","[27, 34, 53]",[],0.0,0.0
zero,116,2.108045978358219,"[27, 34, 53]","[27, 34, 53]",[],0.0,0.0
zero,117,2.1080460080107404,"[27, 34, 53]","[27, 34, 53]",[],0.0,0.0
zero,118,2.108046037091206,"[27, 34, 53]","[27, 34, 53]",[],0.0,0.0
zero,119,2.1080460656442,"[27, 34, 53]","[27, 34, 53]",[],0.0,0.0
rp1m_reset_only,0,1.444145044429006,"[22, 50]",[],[],4.073739051818848,2.527052879333496
rp1m_reset_only,1,1.2453522306466018,"[22, 50]",[],[],4.424405097961426,3.0692975521087646
rp1m_reset_only,2,0.039276185579946096,"[22, 50]",[],[],4.579288959503174,2.428884983062744
rp1m_reset_only,3,0.21930542545978549,"[22, 48, 50]",[],[],4.936127185821533,2.003889799118042
rp1m_reset_only,4,1.7903565997908768,"[22, 48]",[48],[],5.388864040374756,2.176121711730957
rp1m_reset_only,5,0.893010058411039,"[22, 48]",[48],[],5.779340744018555,2.74908709526062
rp1m_reset_only,6,1.8450005619814704,"[22, 48]","[23, 48]",[],6.003278732299805,2.5091850757598877
rp1m_reset_only,7,2.145700411399729,"[22, 50]","[22, 24, 48]","[46, 48, 50, 51]",6.294278621673584,3.059953212738037
rp1m_reset_only,8,1.7910819962639248,"[22, 50]",[22],[],7.145064830780029,3.1032838821411133
rp1m_reset_only,9,2.0429774656284283,"[22, 50]",[22],[],7.0791335105896,3.1178832054138184
rp1m_reset_only,10,1.2183961162432166,"[22, 50]","[22, 48, 50]",[],6.446088790893555,3.1310253143310547
rp1m_reset_only,11,0.9784146094358904,"[22, 50]","[22, 50]",[],5.741702079772949,3.004923105239868
rp1m_reset_only,12,0.8544839450930112,"[22, 50]","[22, 50]",[],6.286056041717529,3.0741708278656006
rp1m_reset_only,13,0.9991405106631208,"[22, 50]","[22, 50]",[38],6.433452129364014,3.0470809936523438
rp1m_reset_only,14,1.6735424798075782,"[22, 50]","[22, 50]",[38],6.283373832702637,3.078171491622925
rp1m_reset_only,15,0.9913141727239775,"[22, 50]","[22, 50]",[],6.688444137573242,3.0910818576812744
rp1m_reset_only,16,1.6761152093315048,"[22, 50]","[22, 50]",[],5.808900356292725,2.875514507293701
rp1m_reset_only,17,2.0052361790025435,"[22, 50]","[22, 50]",[],6.1305742263793945,2.730719566345215
rp1m_reset_only,18,1.871984454227574,"[22, 50]","[22, 50]",[],5.822307109832764,2.8288493156433105
rp1m_reset_only,19,0.9056838398765477,"[22, 50]","[22, 50]","[44, 47]",5.67588996887207,3.0210440158843994
rp1m_reset_only,20,1.085075585638584,"[22, 50]","[22, 50]",[49],6.477537155151367,2.9637956619262695
rp1m_reset_only,21,1.5730776044863153,"[22, 50]","[22, 50]",[],6.939185619354248,2.9277119636535645
rp1m_reset_only,22,2.1818958953996828,"[22, 50]","[22, 50]",[],6.386830806732178,2.9559850692749023
rp1m_reset_only,23,1.7268583169658576,"[22, 50]","[22, 50]",[52],6.403535842895508,2.6353304386138916
rp1m_reset_only,24,1.7328046242833761,"[22, 50]","[22, 50]",[52],7.285067558288574,3.0714752674102783
rp1m_reset_only,25,2.028883828406201,"[22, 34, 50]","[22, 50]",[],7.61207914352417,3.1179349422454834
rp1m_reset_only,26,1.4656013262203946,"[22, 34, 50]","[22, 50]",[],7.62642765045166,3.0808515548706055
rp1m_reset_only,27,1.5862601413869921,"[22, 34, 50]","[22, 50]",[],7.238038063049316,3.1111316680908203
rp1m_reset_only,28,1.9892687989442182,"[22, 34, 50]","[20, 22, 50]",[],6.444832801818848,3.0582127571105957
rp1m_reset_only,29,0.7686289519628349,"[22, 34, 50]","[20, 22, 50]",[52],6.802675724029541,3.0921542644500732
rp1m_reset_only,30,1.219063888667304,"[22, 34, 50]","[22, 50]",[],6.285158157348633,2.972386598587036
rp1m_reset_only,31,1.9959179145307921,"[22, 34, 50]","[22, 50]",[],6.971067905426025,3.0189945697784424
rp1m_reset_only,32,1.557501123862866,"[22, 34, 50]","[22, 50]",[69],6.900534629821777,3.0899112224578857
rp1m_reset_only,33,1.937775368175089,"[22, 34, 50]","[22, 50]",[],6.944094657897949,3.1259403228759766
rp1m_reset_only,34,-0.04569930092160801,"[22, 34, 50]","[22, 50]",[],6.81732702255249,3.1276307106018066
rp1m_reset_only,35,-1.3620524310033206,"[22, 34, 50]","[22, 50]",[61],6.625476360321045,3.0320167541503906
rp1m_reset_only,36,1.4439260922406867,"[22, 34, 50]","[22, 50]",[54],6.7949652671813965,2.985661268234253
rp1m_reset_only,37,1.1075334302797528,"[22, 34, 50, 51]","[22, 50]","[49, 50]",6.483022212982178,2.8976454734802246
rp1m_reset_only,38,1.3626834819342453,"[22, 34, 51]","[22, 50]",[],6.49158239364624,3.015713930130005
rp1m_reset_only,39,1.6218043673643856,"[22, 34, 51]","[22, 51]",[48],6.3827056884765625,3.0493340492248535
rp1m_reset_only,40,1.9021313910792674,"[22, 34, 51]","[22, 51]","[51, 52]",6.758133888244629,2.9993581771850586
rp1m_reset_only,41,2.2216407255952193,"[22, 34, 51]","[22, 51]",[51],6.919722080230713,3.1013967990875244
rp1m_reset_only,42,1.2632893862644068,"[22, 34, 51]","[22, 51]",[51],7.512263774871826,3.111968517303467
rp1m_reset_only,43,0.9135326501261408,"[22, 34, 51]","[22, 51]",[],6.948280334472656,3.121408224105835
rp1m_reset_only,44,1.597999806911515,"[22, 34, 51]","[22, 51]",[],6.9991230964660645,3.1051456928253174
rp1m_reset_only,45,1.604974365780349,"[22, 34, 51]","[22, 51]",[],7.128118991851807,3.074857473373413
rp1m_reset_only,46,1.9473183117786517,"[22, 34, 51]","[22, 51]",[],7.052918910980225,3.07279896736145
rp1m_reset_only,47,2.0094411982494234,"[22, 34, 51]","[22, 51]",[],6.743175506591797,3.0898170471191406
rp1m_reset_only,48,2.0104068714507166,"[22, 34, 51]","[22, 51]",[],6.693942546844482,2.8216419219970703
rp1m_reset_only,49,1.4458708151338704,"[22, 34, 51]","[22, 51]","[43, 44]",6.645892143249512,3.0027945041656494
rp1m_reset_only,50,0.4759686948523158,"[22, 31, 34, 50]","[22, 51]","[44, 46]",6.073883056640625,3.0360097885131836
rp1m_reset_only,51,0.5388253232005789,"[31, 34, 50]",[],[],7.3024983406066895,3.119070291519165
rp1m_reset_only,52,0.6761922406774414,"[31, 34, 50]",[50],[],7.971019744873047,3.1133389472961426
rp1m_reset_only,53,0.7107734923298975,"[31, 34, 48, 50]","[34, 48, 50]",[],7.722471237182617,3.0880343914031982
rp1m_reset_only,54,1.7899940174102928,"[31, 34, 48]","[31, 34, 48, 50]",[33],6.909069061279297,2.8544318675994873
rp1m_reset_only,55,1.0533114724912036,"[31, 34, 48]","[31, 34, 36]","[22, 33]",6.867392063140869,3.1194896697998047
rp1m_reset_only,56,0.1531984268428861,"[31, 34, 48, 50]","[31, 34, 48]",[37],7.295763969421387,2.888327121734619
rp1m_reset_only,57,2.0175120638340047,"[31, 34, 50]","[31, 34, 48]",[],7.072745323181152,2.9811341762542725
rp1m_reset_only,58,1.7589556893767497,"[31, 34, 50]","[31, 34, 48]",[],6.471428394317627,2.9860548973083496
rp1m_reset_only,59,1.1110694048808305,"[31, 34, 48, 50]","[31, 34, 48]",[],7.097076892852783,2.8702549934387207
rp1m_reset_only,60,0.9753847257239596,"[31, 34, 48]","[31, 34, 48]","[41, 43]",6.53369665145874,3.0631048679351807
rp1m_reset_only,61,2.310483966936176,"[31, 34, 48]","[31, 34, 48]",[],5.9764814376831055,2.759889602661133
rp1m_reset_only,62,0.5222194187926457,"[31, 34, 48]","[31, 34, 48]",[],5.783876895904541,2.6393556594848633
rp1m_reset_only,63,1.9832169056180473,"[31, 34, 48]","[31, 34, 48]",[],7.084377288818359,2.886265277862549
rp1m_reset_only,64,1.0989486914038902,"[31, 34, 48]","[31, 34, 48]",[],7.103121280670166,2.9703879356384277
rp1m_reset_only,65,2.105934512695833,"[31, 34, 48]","[31, 34, 48]",[],6.493990421295166,2.838717460632324
rp1m_reset_only,66,1.8906544760188586,"[31, 34, 48]","[31, 34, 48]",[],7.702935218811035,3.0982518196105957
rp1m_reset_only,67,2.095764638745611,"[31, 34, 48]","[31, 34, 48]",[],7.792529582977295,3.134152889251709
rp1m_reset_only,68,0.9617656655656991,"[31, 34, 46, 48]","[31, 34, 48]",[],7.996274471282959,3.0989246368408203
rp1m_reset_only,69,1.2655451451266313,"[31, 34, 46]","[31, 34, 48]",[],7.491410255432129,2.947171211242676
rp1m_reset_only,70,1.0973211323264076,"[31, 34, 46]","[31, 34, 50]",[49],8.214097023010254,3.092890501022339
rp1m_reset_only,71,1.0056823864003024,"[31, 34, 46]","[31, 34, 46]",[42],8.290492057800293,3.0013415813446045
rp1m_reset_only,72,1.0634010797499684,"[31, 34, 46]","[31, 34, 46]","[38, 43]",7.642470359802246,3.0420610904693604
rp1m_reset_only,73,1.5463183463739878,"[31, 34, 46]","[31, 34, 46]",[],6.432484149932861,2.7239606380462646
rp1m_reset_only,74,1.9822527608568667,"[31, 34, 46]","[31, 34, 46]",[],7.111715793609619,3.112992286682129
rp1m_reset_only,75,1.2671041894952584,"[26, 31, 34, 53]","[31, 34, 46]",[39],6.837702751159668,3.092883348464966
rp1m_reset_only,76,0.8970320112725316,"[26, 34, 53]","[31, 34, 53]","[39, 41]",6.5710673332214355,2.9224326610565186
rp1m_reset_only,77,2.0143568164228074,"[26, 34, 53]","[34, 53]",[],6.414872169494629,3.064629077911377
rp1m_reset_only,78,1.3051841365296073,"[26, 34, 53]","[34, 53]",[],7.100994110107422,2.999403953552246
rp1m_reset_only,79,1.5537220951226416,"[26, 34, 53]","[26, 27, 34, 53]",[],7.0259599685668945,3.061913251876831
rp1m_reset_only,80,2.0824033435643634,"[26, 34, 53]","[26, 34, 53]",[],7.654726982116699,3.051398992538452
rp1m_reset_only,81,1.421173156206318,"[26, 34, 53]","[26, 34, 53]",[],7.193090438842773,3.0673680305480957
rp1m_reset_only,82,1.2977311323709781,"[26, 34, 53]","[26, 34, 53]",[38],6.997188568115234,3.041896343231201
rp1m_reset_only,83,1.9092205152613522,"[26, 34, 53]","[26, 34, 53]",[],7.582589149475098,3.0745065212249756
rp1m_reset_only,84,1.9368557524584336,"[26, 34, 53]","[26, 34, 53]",[],7.114199638366699,2.968526840209961
rp1m_reset_only,85,1.5615816026328813,"[26, 34, 53]","[26, 34, 53]",[],7.0291900634765625,3.129321813583374
rp1m_reset_only,86,0.867311087914288,"[26, 34, 53]","[26, 34, 53]","[38, 39]",6.706507682800293,3.104600429534912
rp1m_reset_only,87,-0.09967456650051987,"[26, 34, 53]","[26, 34, 53]",[],7.169608116149902,2.9532525539398193
rp1m_reset_only,88,1.1450722879257835,"[26, 34, 53]","[26, 34, 53]",[],7.027928829193115,3.097447633743286
rp1m_reset_only,89,1.9330261596858613,"[26, 34, 53]","[26, 34, 53]",[],6.876181125640869,3.0553972721099854
rp1m_reset_only,90,1.930512938885376,"[26, 34, 53]","[26, 34, 53]",[],7.199893474578857,3.1222147941589355
rp1m_reset_only,91,1.633947227755627,"[26, 34, 53]","[26, 34, 53]",[],7.2181196212768555,3.0319936275482178
rp1m_reset_only,92,0.9928133954899778,"[26, 34, 53]","[26, 34, 53]",[],6.896482467651367,3.092228412628174
rp1m_reset_only,93,2.057812053221464,"[26, 34, 53]","[26, 34, 53]",[],6.686176300048828,3.02121901512146
rp1m_reset_only,94,0.8787984187919183,"[26, 34, 53]","[26, 34, 53]",[],6.6166486740112305,3.0485424995422363
rp1m_reset_only,95,2.021933933602129,"[26, 34, 53]","[26, 34, 53]",[],6.657625198364258,3.0029356479644775
rp1m_reset_only,96,1.425586617010413,"[26, 34, 53]","[26, 34, 53]","[49, 52]",6.799590587615967,3.1165072917938232
rp1m_reset_only,97,0.766512307588826,"[26, 34, 53]","[26, 34, 53]",[],7.386986255645752,3.1197361946105957
rp1m_reset_only,98,1.9736826928999442,"[26, 34, 53]","[26, 34, 53]",[],6.891757011413574,3.0552167892456055
rp1m_reset_only,99,1.319894214127917,"[26, 34, 53]","[26, 34, 53]",[],7.044199466705322,3.1315412521362305
rp1m_reset_only,100,1.8430067257793332,"[26, 27, 34]","[26, 34, 53]",[],6.3014678955078125,3.0692927837371826
rp1m_reset_only,101,1.74915943943727,"[27, 34, 53]","[26, 34, 53]",[],7.015872478485107,3.1347737312316895
rp1m_reset_only,102,1.118833491957433,"[27, 34, 53]","[34, 53]",[],6.902149677276611,2.981499195098877
rp1m_reset_only,103,1.5315829557980392,"[27, 34, 53]","[34, 53]",[],6.928606986999512,3.002837896347046
rp1m_reset_only,104,1.636128765432671,"[27, 34, 53]","[27, 34, 53]",[],6.686774253845215,3.0041730403900146
rp1m_reset_only,105,1.2697681850683264,"[27, 34, 53]","[27, 34, 53]",[],6.6584696769714355,3.1046791076660156
rp1m_reset_only,106,1.303238177375154,"[27, 34, 53]","[27, 34, 53]",[],6.735018730163574,2.947908401489258
rp1m_reset_only,107,0.7467683901548894,"[27, 34, 53]","[27, 34, 53]",[40],7.178104877471924,3.040879249572754
rp1m_reset_only,108,1.8499286237099852,"[27, 34, 53]","[27, 34, 53]",[],7.062036037445068,3.097301959991455
rp1m_reset_only,109,2.076000550029354,"[27, 34, 53]","[27, 34, 53]",[],6.885330677032471,3.095736503601074
rp1m_reset_only,110,1.9748466025258269,"[27, 34, 53]","[27, 34, 53]",[],7.323398590087891,3.0303187370300293
rp1m_reset_only,111,1.424296937149186,"[27, 34, 53]","[27, 34, 53]",[42],7.469709873199463,3.01757550239563
rp1m_reset_only,112,1.3335884363344577,"[27, 34, 53]","[27, 34, 53]",[45],6.789231777191162,2.961064100265503
rp1m_reset_only,113,1.9645073567390825,"[27, 53]","[27, 34, 53]","[49, 50, 51]",6.455595970153809,2.8323261737823486
rp1m_reset_only,114,1.6440390393555562,"[27, 34, 53]","[27, 53]",[49],7.682113170623779,3.033936023712158
rp1m_reset_only,115,1.1131402740238279,"[27, 34, 53]","[27, 34, 53]",[],7.764873027801514,3.1309683322906494
rp1m_reset_only,116,2.21051454096002,"[27, 34, 53]","[27, 34, 53]",[],6.769832611083984,2.926302909851074
rp1m_reset_only,117,1.647330225712837,"[27, 34, 53]","[27, 34, 53]",[],7.144345760345459,3.0662896633148193
rp1m_reset_only,118,1.1940014627512041,"[27, 34, 53]","[27, 34, 53]",[42],7.491989612579346,3.0366604328155518
rp1m_reset_only,119,1.095172637668143,"[27, 34, 53]","[27, 34, 53]",[],7.011593818664551,3.0950655937194824
rp1m_reset_only,0,1.1046575065614532,"[22, 50]",[],[],4.1874918937683105,1.9144946336746216
rp1m_reset_only,1,0.6878539413988329,"[22, 50]",[],[],5.362028121948242,2.6591637134552
rp1m_reset_only,2,0.6436890488627975,"[22, 50]",[],[],5.873545169830322,3.1014585494995117
rp1m_reset_only,3,1.3558489734122665,"[22, 48, 50]",[],[],6.4970598220825195,3.1216681003570557
rp1m_reset_only,4,2.282486496960159,"[22, 48]",[48],[],6.536345958709717,3.0645101070404053
rp1m_reset_only,5,2.6293981964773923,"[22, 48]",[48],[],6.463200092315674,2.749483108520508
rp1m_reset_only,6,2.2231378268739355,"[22, 48]","[23, 48]",[46],6.801428318023682,3.1051626205444336
rp1m_reset_only,7,1.6432131948846038,"[22, 50]","[22, 24, 48]","[26, 27, 48]",6.166823387145996,3.005903959274292
rp1m_reset_only,8,2.378676177388586,"[22, 50]",[22],[],6.502008438110352,3.1032838821411133
rp1m_reset_only,9,0.7451833873485871,"[22, 50]",[22],[47],7.22221565246582,3.1178832054138184
rp1m_reset_only,10,1.9832896932412496,"[22, 50]","[22, 48, 50]",[],6.699024200439453,3.106229543685913
rp1m_reset_only,11,1.124803707503281,"[22, 50]","[22, 50]",[],6.539691925048828,3.004923105239868
rp1m_reset_only,12,2.167162150048353,"[22, 50]","[22, 50]",[],6.4021806716918945,3.0393686294555664
rp1m_reset_only,13,1.8151223315861538,"[22, 50]","[22, 50]",[],6.642247200012207,3.0470809936523438
rp1m_reset_only,14,2.4416208545787277,"[22, 50]","[22, 50]",[],6.73236083984375,3.078171491622925
rp1m_reset_only,15,2.7379486270452738,"[22, 50]","[22, 50]",[50],7.265827655792236,3.083540678024292
rp1m_reset_only,16,2.0734138834129343,"[22, 50]","[22, 50]",[],6.546656131744385,2.9132678508758545
rp1m_reset_only,17,2.300156330914157,"[22, 50]","[22, 50]",[],6.935360908508301,3.0757665634155273
rp1m_reset_only,18,1.3196465057729765,"[22, 50]","[22, 50]",[31],6.640272617340088,3.1091105937957764
rp1m_reset_only,19,1.4795678252358002,"[22, 50]","[22, 50]",[47],6.325384616851807,2.906810760498047
rp1m_reset_only,20,1.5613778272114867,"[22, 50]","[22, 50]","[46, 47]",6.581197261810303,2.981119155883789
rp1m_reset_only,21,1.8566632279245143,"[22, 50]","[22, 50]",[],7.430640697479248,3.050692558288574
rp1m_reset_only,22,2.15610140443623,"[22, 50]","[22, 50]",[],6.751891136169434,3.0907809734344482
rp1m_reset_only,23,1.4659112709366307,"[22, 50]","[22, 50]",[],6.784371852874756,3.1237716674804688
rp1m_reset_only,24,1.7240762937548746,"[22, 50]","[22, 50]",[51],6.8439040184021,3.0887975692749023
rp1m_reset_only,25,1.415202899513052,"[22, 34, 50]","[22, 50]",[33],7.0930657386779785,3.1179349422454834
rp1m_reset_only,26,1.800904403809812,"[22, 34, 50]","[22, 50]",[33],6.922634124755859,3.0557162761688232
rp1m_reset_only,27,0.9351711352146654,"[22, 34, 50]","[22, 50]",[33],6.321909427642822,2.7245421409606934
rp1m_reset_only,28,1.858641780682342,"[22, 34, 50]","[20, 22, 50]","[33, 43]",5.880053997039795,2.8196728229522705
rp1m_reset_only,29,0.9354791089606203,"[22, 34, 50]","[20, 22, 50]",[43],5.869408130645752,2.921795129776001
rp1m_reset_only,30,0.795276329933639,"[22, 34, 50]","[22, 50]","[42, 43, 46]",4.824124336242676,2.3248953819274902
rp1m_reset_only,31,1.6595216503393357,"[22, 34, 50]","[22, 50]","[43, 46]",5.648016929626465,2.52266788482666
rp1m_reset_only,32,1.0192061175495144,"[22, 34, 50]","[22, 50]",[43],5.967806816101074,2.5730247497558594
rp1m_reset_only,33,1.950331002227402,"[22, 34, 50]","[22, 50]",[43],6.0326948165893555,2.8997702598571777
rp1m_reset_only,34,1.9476980368825139,"[22, 34, 50]","[22, 50]",[],5.77133321762085,2.459092378616333
rp1m_reset_only,35,2.035471801081228,"[22, 34, 50]","[22, 50]",[],6.351499080657959,3.072795867919922
rp1m_reset_only,36,1.4767860561920902,"[22, 34, 50]","[22, 50]",[],6.947193145751953,2.985661268234253
rp1m_reset_only,37,0.7161068548494027,"[22, 34, 50, 51]","[22, 50]",[],6.566626071929932,3.1090943813323975
rp1m_reset_only,38,2.079078057294337,"[22, 34, 51]","[22, 50]","[34, 36, 56]",6.333004951477051,3.103752374649048
rp1m_reset_only,39,1.82185157536122,"[22, 34, 51]","[22, 51]",[56],6.187175750732422,3.0493340492248535
rp1m_reset_only,40,2.148064021087009,"[22, 34, 51]","[22, 51]",[],6.515633583068848,3.050344705581665
rp1m_reset_only,41,2.2384641560169567,"[22, 34, 51]","[22, 51]",[],6.428632736206055,3.0512824058532715
rp1m_reset_only,42,2.045414960612723,"[22, 34, 51]","[22, 51]",[],6.685437202453613,3.131103992462158
rp1m_reset_only,43,1.5099088505564993,"[22, 34, 51]","[22, 51]",[],6.591246604919434,3.0092809200286865
rp1m_reset_only,44,0.5120549782744187,"[22, 34, 51]","[22, 51]",[],7.059749603271484,3.0740907192230225
rp1m_reset_only,45,1.2313237628333769,"[22, 34, 51]","[22, 51]",[],7.020003795623779,3.0051238536834717
rp1m_reset_only,46,1.722710152383162,"[22, 34, 51]","[22, 51]",[],6.795110702514648,2.8602654933929443
rp1m_reset_only,47,1.6357632174130603,"[22, 34, 51]","[22, 51]",[],6.991787910461426,3.064493179321289
rp1m_reset_only,48,1.8284832375513773,"[22, 34, 51]","[22, 51]","[31, 32]",7.038074970245361,3.1304075717926025
rp1m_reset_only,49,1.5306568399845792,"[22, 34, 51]","[22, 51]",[31],6.632347583770752,3.0027945041656494
rp1m_reset_only,50,1.5260061458821057,"[22, 31, 34, 50]","[22, 51]","[29, 31]",5.602960586547852,3.078994035720825
rp1m_reset_only,51,1.064560670036857,"[31, 34, 50]",[],[],6.836488246917725,3.1060688495635986
rp1m_reset_only,52,1.0714159949305653,"[31, 34, 50]",[50],[],7.626058101654053,3.0721137523651123
rp1m_reset_only,53,1.2531272257398807,"[31, 34, 48, 50]","[34, 48, 50]",[],7.941427707672119,3.0462872982025146
rp1m_reset_only,54,1.7792774201531842,"[31, 34, 48]","[31, 34, 48, 50]","[29, 31]",6.170502185821533,2.7577216625213623
rp1m_reset_only,55,1.5436310661088903,"[31, 34, 48]","[31, 34, 36]",[50],6.518585205078125,3.1194896697998047
rp1m_reset_only,56,2.1952847715156274,"[31, 34, 48, 50]","[31, 34, 48]","[50, 51]",7.424030780792236,3.0782124996185303
rp1m_reset_only,57,1.8480039765629113,"[31, 34, 50]","[31, 34, 48]",[],6.961498260498047,2.7993156909942627
rp1m_reset_only,58,1.84254301400555,"[31, 34, 50]","[31, 34, 48]",[32],6.631970405578613,2.9253108501434326
rp1m_reset_only,59,1.8767637015803063,"[31, 34, 48, 50]","[31, 34, 48]",[],6.299686431884766,2.976512908935547
rp1m_reset_only,60,1.7386158480043425,"[31, 34, 48]","[31, 34, 48]",[],6.409908294677734,2.941655397415161
rp1m_reset_only,61,2.1185348553321446,"[31, 34, 48]","[31, 34, 48]",[],6.17336368560791,3.1178746223449707
rp1m_reset_only,62,-0.03346414185434643,"[31, 34, 48]","[31, 34, 48]",[63],6.544992446899414,3.025651454925537
rp1m_reset_only,63,0.3138079967323948,"[31, 34, 48]","[31, 34, 48]",[63],7.5018134117126465,3.110811471939087
rp1m_reset_only,64,2.4062692706760993,"[31, 34, 48]","[31, 34, 48]",[],7.520875453948975,3.0622472763061523
rp1m_reset_only,65,1.3759397326610163,"[31, 34, 48]","[31, 34, 48]","[48, 49, 50]",6.768738269805908,2.9752931594848633
rp1m_reset_only,66,1.8770784137783352,"[31, 34, 48]","[31, 34, 48]",[],7.392825126647949,3.047924041748047
rp1m_reset_only,67,2.1029666223243124,"[31, 34, 48]","[31, 34, 48]",[],8.017522811889648,3.134152889251709
rp1m_reset_only,68,2.3040160533096334,"[31, 34, 46, 48]","[31, 34, 48]",[],7.893943786621094,3.0989246368408203
rp1m_reset_only,69,2.0654588380868035,"[31, 34, 46]","[31, 34, 48]",[32],7.2122321128845215,3.0721588134765625
rp1m_reset_only,70,2.031115038638848,"[31, 34, 46]","[31, 34, 50]",[],8.098892211914062,3.098041296005249
rp1m_reset_only,71,1.150076882179704,"[31, 34, 46]","[31, 34, 46]",[],8.032772064208984,3.118147850036621
rp1m_reset_only,72,1.337207456029462,"[31, 34, 46]","[31, 34, 46]",[],7.621572494506836,3.0055992603302
rp1m_reset_only,73,2.013789518078051,"[31, 34, 46]","[31, 34, 46]",[],7.198462963104248,2.863346815109253
rp1m_reset_only,74,2.084268439063785,"[31, 34, 46]","[31, 34, 46]",[],7.039668083190918,3.0357131958007812
rp1m_reset_only,75,1.9369025829611204,"[26, 31, 34, 53]","[31, 34, 46]",[],7.104735374450684,3.0528175830841064
rp1m_reset_only,76,2.1618131930475806,"[26, 34, 53]","[31, 34, 53]",[],7.019330978393555,2.9432077407836914
rp1m_reset_only,77,2.4185063217566385,"[26, 34, 53]","[34, 53]",[],6.893612384796143,2.9913454055786133
rp1m_reset_only,78,2.251534660701203,"[26, 34, 53]","[34, 53]",[],7.0644707679748535,3.0703959465026855
rp1m_reset_only,79,1.5085715311197119,"[26, 34, 53]","[26, 27, 34, 53]",[],7.293242454528809,3.0279507637023926
rp1m_reset_only,80,2.2960636506720067,"[26, 34, 53]","[26, 34, 53]",[],7.353274345397949,2.9643959999084473
rp1m_reset_only,81,2.3663566866894836,"[26, 34, 53]","[26, 34, 53]",[],7.79345703125,3.0235977172851562
rp1m_reset_only,82,2.402915719598711,"[26, 34, 53]","[26, 34, 53]",[],7.6320576667785645,3.041896343231201
rp1m_reset_only,83,2.362071284176748,"[26, 34, 53]","[26, 34, 53]",[],7.529292106628418,3.0101664066314697
rp1m_reset_only,84,2.092616735426088,"[26, 34, 53]","[26, 34, 53]",[],6.67240571975708,2.968526840209961
rp1m_reset_only,85,2.353470185794579,"[26, 34, 53]","[26, 34, 53]",[],6.937347888946533,3.076643943786621
rp1m_reset_only,86,2.153241914840577,"[26, 34, 53]","[26, 34, 53]",[],6.907736778259277,2.9890027046203613
rp1m_reset_only,87,0.7600413739976547,"[26, 34, 53]","[26, 34, 53]",[],7.0671844482421875,2.769960880279541
rp1m_reset_only,88,2.4424070562075815,"[26, 34, 53]","[26, 34, 53]",[],7.404341697692871,3.039018154144287
rp1m_reset_only,89,2.1891955516346373,"[26, 34, 53]","[26, 34, 53]",[],6.6748809814453125,2.8545165061950684
rp1m_reset_only,90,1.3250069561113722,"[26, 34, 53]","[26, 34, 53]",[],7.584272861480713,3.0368120670318604
rp1m_reset_only,91,1.2039857561549008,"[26, 34, 53]","[26, 34, 53]",[],7.240078926086426,3.0319936275482178
rp1m_reset_only,92,0.8644978893346899,"[26, 34, 53]","[26, 34, 53]",[24],7.2386627197265625,3.035645008087158
rp1m_reset_only,93,2.1548253307356924,"[26, 34, 53]","[26, 34, 53]",[],6.880153179168701,3.02121901512146
rp1m_reset_only,94,1.4424828000625711,"[26, 34, 53]","[26, 34, 53]",[24],6.643461227416992,3.026224136352539
rp1m_reset_only,95,1.8900719992492594,"[26, 34, 53]","[26, 34, 53]",[],6.903325080871582,2.9965879917144775
rp1m_reset_only,96,1.9012322955454455,"[26, 34, 53]","[26, 34, 53]",[],7.680163860321045,2.9643373489379883
rp1m_reset_only,97,2.177122924745344,"[26, 34, 53]","[26, 34, 53]",[],7.754796028137207,3.046614408493042
rp1m_reset_only,98,1.9766085544061585,"[26, 34, 53]","[26, 34, 53]",[],7.278674602508545,2.9770851135253906
rp1m_reset_only,99,1.5865460648771166,"[26, 34, 53]","[26, 34, 53]",[],7.1303534507751465,3.1315412521362305
rp1m_reset_only,100,1.9483251241043251,"[26, 27, 34]","[26, 34, 53]",[],6.525470733642578,3.0371713638305664
rp1m_reset_only,101,1.5074912601738937,"[27, 34, 53]","[26, 34, 53]",[],6.779374599456787,2.748201370239258
rp1m_reset_only,102,2.1028386230390512,"[27, 34, 53]","[34, 53]",[],7.105072498321533,2.9478867053985596
rp1m_reset_only,103,2.267722896335683,"[27, 34, 53]","[34, 53]",[],7.1032209396362305,2.9991631507873535
rp1m_reset_only,104,1.4863786055505195,"[27, 34, 53]","[27, 34, 53]","[29, 31]",7.250336647033691,3.0323684215545654
rp1m_reset_only,105,1.4002459370612692,"[27, 34, 53]","[27, 34, 53]",[],7.1995530128479,2.968379020690918
rp1m_reset_only,106,1.6591181363826255,"[27, 34, 53]","[27, 34, 53]",[25],7.132600784301758,2.8931195735931396
rp1m_reset_only,107,1.601951189516191,"[27, 34, 53]","[27, 34, 53]","[41, 43]",7.266624450683594,2.9565181732177734
rp1m_reset_only,108,1.2844444904426418,"[27, 34, 53]","[27, 34, 53]",[],7.373713970184326,3.1181790828704834
rp1m_reset_only,109,1.7721833673012461,"[27, 34, 53]","[27, 34, 53]",[],6.704170227050781,3.083399534225464
rp1m_reset_only,110,1.5972564837352954,"[27, 34, 53]","[27, 34, 53]",[],7.8341779708862305,3.035015344619751
rp1m_reset_only,111,1.0753244880043837,"[27, 34, 53]","[27, 34, 53]",[],6.977077484130859,2.9652199745178223
rp1m_reset_only,112,1.536687842952102,"[27, 34, 53]","[27, 34, 53]","[46, 48, 50]",6.868686676025391,2.9830360412597656
rp1m_reset_only,113,2.07529752190535,"[27, 53]","[27, 34, 53]",[],6.738091945648193,3.0900440216064453
rp1m_reset_only,114,1.5870007116604068,"[27, 34, 53]","[27, 53]",[56],7.620286464691162,3.127467632293701
rp1m_reset_only,115,0.9669518553166451,"[27, 34, 53]","[27, 34, 53]",[31],7.4904584884643555,3.0950019359588623
rp1m_reset_only,116,2.0616637242098115,"[27, 34, 53]","[27, 34, 53]",[],6.950978755950928,2.7519304752349854
rp1m_reset_only,117,2.390003544665154,"[27, 34, 53]","[27, 34, 53]",[],7.2722554206848145,3.013038158416748
rp1m_reset_only,118,1.9298175297287532,"[27, 34, 53]","[27, 34, 53]",[],6.792761325836182,2.9568488597869873
rp1m_reset_only,119,1.4063638216957832,"[27, 34, 53]","[27, 34, 53]",[],6.381219863891602,2.9996752738952637
rp1m_reset_only,0,1.4481960956805877,"[22, 50]",[],[],4.092330455780029,2.527052879333496
rp1m_reset_only,1,1.2465253312228504,"[22, 50]",[],[],4.441798210144043,3.0692975521087646
rp1m_reset_only,2,0.044583787873859526,"[22, 50]",[],[],4.596096515655518,2.428884983062744
rp1m_reset_only,3,0.25935860428313656,"[22, 48, 50]",[],[],4.951723098754883,2.003889799118042
rp1m_reset_only,4,1.7900482330790886,"[22, 48]",[48],[],5.403153419494629,2.176121711730957
rp1m_reset_only,5,0.8927701444869185,"[22, 48]",[48],[],5.792666912078857,2.74908709526062
rp1m_reset_only,6,1.8452857747047409,"[22, 48]","[23, 48]",[],6.016108989715576,2.5091850757598877
rp1m_reset_only,7,2.1471595742595544,"[22, 50]","[22, 24, 48]","[46, 48, 50, 51]",6.306517124176025,3.059953212738037
rp1m_reset_only,8,1.7909942257451248,"[22, 50]",[22],[],7.155848503112793,3.1032838821411133
rp1m_reset_only,9,2.04301454180404,"[22, 50]",[22],[],7.090017318725586,3.1178832054138184
rp1m_reset_only,10,1.2184413057767867,"[22, 50]","[22, 48, 50]",[],6.4580397605896,3.1310253143310547
rp1m_reset_only,11,0.9785705553698312,"[22, 50]","[22, 50]",[],5.755111217498779,3.004923105239868
rp1m_reset_only,12,0.8541194571852055,"[22, 50]","[22, 50]",[],6.298241138458252,3.0741708278656006
rp1m_reset_only,13,0.9986402494478025,"[22, 50]","[22, 50]",[38],6.445413589477539,3.0470809936523438
rp1m_reset_only,14,1.6734461283831021,"[22, 50]","[22, 50]",[38],6.29562520980835,3.078171491622925
rp1m_reset_only,15,0.9913106737963128,"[22, 50]","[22, 50]",[],6.699886322021484,3.0910818576812744
rp1m_reset_only,16,1.6758788247507237,"[22, 50]","[22, 50]",[],5.822139263153076,2.875514507293701
rp1m_reset_only,17,2.0054122844627393,"[22, 50]","[22, 50]",[],6.143035888671875,2.730719566345215
rp1m_reset_only,18,1.8719626375396745,"[22, 50]","[22, 50]",[],5.835507869720459,2.8288493156433105
rp1m_reset_only,19,0.9052920515317342,"[22, 50]","[22, 50]","[44, 47]",5.689453601837158,3.0210440158843994
rp1m_reset_only,20,1.0848087209002135,"[22, 50]","[22, 50]",[49],6.489407539367676,2.9637956619262695
rp1m_reset_only,21,1.573217252888415,"[22, 50]","[22, 50]",[],6.950263023376465,2.9277119636535645
rp1m_reset_only,22,2.181850410634659,"[22, 50]","[22, 50]",[],6.3988800048828125,2.9559850692749023
rp1m_reset_only,23,1.7264693849695325,"[22, 50]","[22, 50]",[52],6.415480136871338,2.6353304386138916
rp1m_reset_only,24,1.7312287935414117,"[22, 50]","[22, 50]",[52],7.295616149902344,3.0714752674102783
rp1m_reset_only,25,2.0291981991505654,"[22, 34, 50]","[22, 50]",[],7.61431884765625,3.1179349422454834
rp1m_reset_only,26,1.4645095238889498,"[22, 34, 50]","[22, 50]",[],7.627923011779785,3.0808515548706055
rp1m_reset_only,27,1.5858111384880824,"[22, 34, 50]","[22, 50]",[],7.239450931549072,3.1111316680908203
rp1m_reset_only,28,1.9886238115131853,"[22, 34, 50]","[20, 22, 50]",[],6.446102142333984,3.0582127571105957
rp1m_reset_only,29,0.7689584586250402,"[22, 34, 50]","[20, 22, 50]",[52],6.803640365600586,3.0921542644500732
rp1m_reset_only,30,1.218978775352716,"[22, 34, 50]","[22, 50]",[],6.2871222496032715,2.972386598587036
rp1m_reset_only,31,1.9956364728304463,"[22, 34, 50]","[22, 50]",[],6.974135398864746,3.0189945697784424
rp1m_reset_only,32,1.5585830548451944,"[22, 34, 50]","[22, 50]",[69],6.902764797210693,3.0899112224578857
rp1m_reset_only,33,1.9373452236447573,"[22, 34, 50]","[22, 50]",[],6.946573257446289,3.1259403228759766
rp1m_reset_only,34,-0.045732869913099106,"[22, 34, 50]","[22, 50]",[],6.819980621337891,3.1276307106018066
rp1m_reset_only,35,-1.3620470301371352,"[22, 34, 50]","[22, 50]",[61],6.627871036529541,3.0320167541503906
rp1m_reset_only,36,1.4438095357628593,"[22, 34, 50]","[22, 50]",[54],6.796955585479736,2.985661268234253
rp1m_reset_only,37,1.1074635540328963,"[22, 34, 50, 51]","[22, 50]","[49, 50]",6.4844865798950195,2.8976454734802246
rp1m_reset_only,38,1.3616658939192874,"[22, 34, 51]","[22, 50]",[],6.4930500984191895,3.015713930130005
rp1m_reset_only,39,1.6216649612102774,"[22, 34, 51]","[22, 51]",[48],6.385059356689453,3.0493340492248535
rp1m_reset_only,40,1.9022321695113282,"[22, 34, 51]","[22, 51]","[51, 52]",6.7617363929748535,2.9993581771850586
rp1m_reset_only,41,2.221495550294251,"[22, 34, 51]","[22, 51]",[51],6.924774169921875,3.1013967990875244
rp1m_reset_only,42,1.2630826256551373,"[22, 34, 51]","[22, 51]",[51],7.516113758087158,3.111968517303467
rp1m_reset_only,43,0.9134874534297857,"[22, 34, 51]","[22, 51]",[],6.951192378997803,3.121408224105835
rp1m_reset_only,44,1.597864868631235,"[22, 34, 51]","[22, 51]",[],7.002424716949463,3.1051456928253174
rp1m_reset_only,45,1.6048842855113776,"[22, 34, 51]","[22, 51]",[],7.131292343139648,3.074857473373413
rp1m_reset_only,46,1.9470861005490454,"[22, 34, 51]","[22, 51]",[],7.057116985321045,3.07279896736145
rp1m_reset_only,47,2.009303105175639,"[22, 34, 51]","[22, 51]",[],6.746636390686035,3.0898170471191406
rp1m_reset_only,48,2.0102619731282685,"[22, 34, 51]","[22, 51]",[],6.695392608642578,2.8216419219970703
rp1m_reset_only,49,1.4452525806380168,"[22, 34, 51]","[22, 51]","[43, 44]",6.648617267608643,3.0027945041656494
rp1m_reset_only,50,0.4751865050578218,"[22, 31, 34, 50]","[22, 51]","[44, 46]",6.076035976409912,3.0360097885131836
rp1m_reset_only,51,0.5389905908884565,"[31, 34, 50]",[],[],7.304615020751953,3.119070291519165
rp1m_reset_only,52,0.6753499399724769,"[31, 34, 50]",[50],[],7.97244930267334,3.1133389472961426
rp1m_reset_only,53,0.7199141777733971,"[31, 34, 48, 50]","[34, 48, 50]",[],7.723793029785156,3.0880343914031982
rp1m_reset_only,54,1.789848811291947,"[31, 34, 48]","[31, 34, 48, 50]","[32, 33]",6.9107184410095215,2.8544318675994873
rp1m_reset_only,55,0.9819858020157297,"[31, 34, 48]","[31, 34, 36]","[22, 33]",6.868690013885498,3.1194896697998047
rp1m_reset_only,56,0.9696692475402657,"[31, 34, 48, 50]","[31, 34, 48]",[],7.301849365234375,2.888327121734619
rp1m_reset_only,57,1.985006451841124,"[31, 34, 50]","[31, 34, 48]",[],7.0836381912231445,2.9811341762542725
rp1m_reset_only,58,1.6922823074933329,"[31, 34, 50]","[31, 34, 48]",[],6.4754228591918945,2.9860548973083496
rp1m_reset_only,59,1.4442927471501026,"[31, 34, 48, 50]","[31, 34, 48]",[],7.099686622619629,2.8702549934387207
rp1m_reset_only,60,0.9875789365394663,"[31, 34, 48]","[31, 34, 48]",[41],6.536264896392822,3.0631048679351807
rp1m_reset_only,61,2.2555154535891235,"[31, 34, 48]","[31, 34, 48]",[],5.979834079742432,2.759889602661133
rp1m_reset_only,62,0.45480683422243284,"[31, 34, 48]","[31, 34, 48]",[],5.785764694213867,2.6393556594848633
rp1m_reset_only,63,2.0007441402584205,"[31, 34, 48]","[31, 34, 48]",[],7.086796760559082,2.886265277862549
rp1m_reset_only,64,1.0927708470374815,"[31, 34, 48]","[31, 34, 48]",[],7.105535507202148,2.9703879356384277
rp1m_reset_only,65,2.1040770972466225,"[31, 34, 48]","[31, 34, 48]",[],6.497035980224609,2.838717460632324
rp1m_reset_only,66,1.8759741306412008,"[31, 34, 48]","[31, 34, 48]",[],7.7067766189575195,3.0982518196105957
rp1m_reset_only,67,2.109085827822965,"[31, 34, 48]","[31, 34, 48]",[],7.794681072235107,3.134152889251709
rp1m_reset_only,68,0.967493314587571,"[31, 34, 46, 48]","[31, 34, 48]",[],7.998367786407471,3.0989246368408203
rp1m_reset_only,69,1.2648271540512492,"[31, 34, 46]","[31, 34, 48]",[],7.493454933166504,2.947171211242676
rp1m_reset_only,70,1.0745430971086647,"[31, 34, 46]","[31, 34, 50]","[47, 49]",8.21534538269043,3.092890501022339
rp1m_reset_only,71,1.0531252366521473,"[31, 34, 46]","[31, 34, 46]",[42],8.292928695678711,3.0013415813446045
rp1m_reset_only,72,1.1400348226005081,"[31, 34, 46]","[31, 34, 46]",[42],7.64398717880249,3.0420610904693604
rp1m_reset_only,73,1.4385479295130557,"[31, 34, 46]","[31, 34, 46]",[],6.434159278869629,2.7239606380462646
rp1m_reset_only,74,1.9411670659052478,"[31, 34, 46]","[31, 34, 46]",[],7.114085674285889,3.112992286682129
rp1m_reset_only,75,1.2004878651664728,"[26, 31, 34, 53]","[31, 34, 46]","[40, 41, 42]",6.839611053466797,3.092883348464966
rp1m_reset_only,76,0.8365559349813726,"[26, 34, 53]","[31, 34, 53]","[42, 43]",6.573263168334961,2.9224326610565186
rp1m_reset_only,77,1.9759291394695158,"[26, 34, 53]","[34, 53]",[],6.41817569732666,3.064629077911377
rp1m_reset_only,78,0.7319924677837271,"[26, 34, 53]","[34, 53]",[42],7.106387615203857,2.999403953552246
rp1m_reset_only,79,1.521170176512026,"[26, 34, 53]","[26, 27, 34, 53]",[],7.029175281524658,3.061913251876831
rp1m_reset_only,80,2.035393412674586,"[26, 34, 53]","[26, 34, 53]",[],7.65825080871582,3.051398992538452
rp1m_reset_only,81,1.388362826836532,"[26, 34, 53]","[26, 34, 53]",[],7.197206497192383,3.0673680305480957
rp1m_reset_only,82,0.785859909817072,"[26, 34, 53]","[26, 34, 53]",[38],7.00093412399292,3.041896343231201
rp1m_reset_only,83,1.9106704043751597,"[26, 34, 53]","[26, 34, 53]",[],7.5868821144104,3.0745065212249756
rp1m_reset_only,84,1.924282429252605,"[26, 34, 53]","[26, 34, 53]",[],7.119043350219727,2.968526840209961
rp1m_reset_only,85,1.5862757257745563,"[26, 34, 53]","[26, 34, 53]",[],7.034304141998291,3.129321813583374
rp1m_reset_only,86,0.8626662678346881,"[26, 34, 53]","[26, 34, 53]","[38, 39]",6.709959983825684,3.104600429534912
rp1m_reset_only,87,-0.04273390947890887,"[26, 34, 53]","[26, 34, 53]",[],7.174710750579834,2.9532525539398193
rp1m_reset_only,88,1.1216193972755022,"[26, 34, 53]","[26, 34, 53]",[],7.0313262939453125,3.097447633743286
rp1m_reset_only,89,1.9185860664881558,"[26, 34, 53]","[26, 34, 53]",[],6.881255149841309,3.0553972721099854
rp1m_reset_only,90,1.924705646751787,"[26, 34, 53]","[26, 34, 53]",[],7.203302383422852,3.1222147941589355
rp1m_reset_only,91,1.622379556792936,"[26, 34, 53]","[26, 34, 53]",[],7.222850799560547,3.0319936275482178
rp1m_reset_only,92,1.0115102933294682,"[26, 34, 53]","[26, 34, 53]",[],6.900716781616211,3.092228412628174
rp1m_reset_only,93,2.046297337045689,"[26, 34, 53]","[26, 34, 53]",[],6.690308570861816,3.02121901512146
rp1m_reset_only,94,0.892322002059873,"[26, 34, 53]","[26, 34, 53]",[],6.621471405029297,3.0485424995422363
rp1m_reset_only,95,2.013899387091259,"[26, 34, 53]","[26, 34, 53]",[],6.6613287925720215,3.0029356479644775
rp1m_reset_only,96,1.420699410879143,"[26, 34, 53]","[26, 34, 53]","[49, 52]",6.803616523742676,3.1165072917938232
rp1m_reset_only,97,0.8186544713483725,"[26, 34, 53]","[26, 34, 53]",[],7.390510559082031,3.1197361946105957
rp1m_reset_only,98,1.966381118070766,"[26, 34, 53]","[26, 34, 53]",[],6.894370079040527,3.0552167892456055
rp1m_reset_only,99,1.310759247040357,"[26, 34, 53]","[26, 34, 53]",[],7.0482497215271,3.1315412521362305
rp1m_reset_only,100,1.8374873802524616,"[26, 27, 34]","[26, 34, 53]",[],6.3019819259643555,3.0692927837371826
rp1m_reset_only,101,1.7356882998624357,"[27, 34, 53]","[26, 34, 53]",[],7.020345211029053,3.1347737312316895
rp1m_reset_only,102,1.1159875872862026,"[27, 34, 53]","[34, 53]",[],6.907144069671631,2.981499195098877
rp1m_reset_only,103,1.5193432564548448,"[27, 34, 53]","[34, 53]",[],6.932882308959961,3.002837896347046
rp1m_reset_only,104,2.1251937538318253,"[27, 34, 53]","[27, 34, 53]",[],6.692942142486572,3.0041730403900146
rp1m_reset_only,105,1.2776381943923605,"[27, 34, 53]","[27, 34, 53]",[],6.662941932678223,3.1046791076660156
rp1m_reset_only,106,1.303609387857228,"[27, 34, 53]","[27, 34, 53]",[],6.7393574714660645,2.947908401489258
rp1m_reset_only,107,0.7490879233865385,"[27, 34, 53]","[27, 34, 53]",[40],7.182203769683838,3.040879249572754
rp1m_reset_only,108,1.849616111821049,"[27, 34, 53]","[27, 34, 53]",[],7.06589412689209,3.097301959991455
rp1m_reset_only,109,2.074969005497869,"[27, 34, 53]","[27, 34, 53]",[],6.891654968261719,3.095736503601074
rp1m_reset_only,110,1.976300152258867,"[27, 34, 53]","[27, 34, 53]",[],7.326691150665283,3.0303187370300293
rp1m_reset_only,111,1.4316677300632628,"[27, 34, 53]","[27, 34, 53]",[42],7.47572660446167,3.01757550239563
rp1m_reset_only,112,1.3474558826842233,"[27, 34, 53]","[27, 34, 53]",[45],6.794487953186035,2.961064100265503
rp1m_reset_only,113,1.97197369213709,"[27, 53]","[27, 34, 53]","[50, 51]",6.458019733428955,2.8323261737823486
rp1m_reset_only,114,2.1266262644962755,"[27, 34, 53]","[27, 53]",[],7.687812328338623,3.033936023712158
rp1m_reset_only,115,1.1477867527561094,"[27, 34, 53]","[27, 34, 53]",[],7.768991947174072,3.1309683322906494
rp1m_reset_only,116,2.208445820179179,"[27, 34, 53]","[27, 34, 53]",[],6.774172306060791,2.926302909851074
rp1m_reset_only,117,1.6510961417881467,"[27, 34, 53]","[27, 34, 53]",[],7.147248268127441,3.0662896633148193
rp1m_reset_only,118,1.2051262069459105,"[27, 34, 53]","[27, 34, 53]",[42],7.495188236236572,3.0366604328155518
rp1m_reset_only,119,1.0857551833413068,"[27, 34, 53]","[27, 34, 53]",[],7.014983177185059,3.0950655937194824
rp1m_reset_only,0,1.4480180555935407,"[22, 50]",[],[],4.139488220214844,2.527052879333496
rp1m_reset_only,1,1.2466573143965818,"[22, 50]",[],[],4.493473529815674,3.0692975521087646
rp1m_reset_only,2,0.048505828259512246,"[22, 50]",[],[],4.646096229553223,2.428884983062744
rp1m_reset_only,3,0.2854518605594627,"[22, 48, 50]",[],[],4.9981865882873535,2.003889799118042
rp1m_reset_only,4,1.822861219367846,"[22, 48]",[48],[],5.445643901824951,2.176121711730957
rp1m_reset_only,5,0.8926837082581828,"[22, 48]",[48],[],5.832396984100342,2.74908709526062
rp1m_reset_only,6,1.8490655089843293,"[22, 48]","[23, 48]",[],6.054414749145508,2.5091850757598877
rp1m_reset_only,7,2.1455026492354303,"[22, 50]","[22, 24, 48]","[46, 48, 50, 51]",6.343090057373047,3.059953212738037
rp1m_reset_only,8,1.790078652118653,"[22, 50]",[22],[],7.188101768493652,3.1032838821411133
rp1m_reset_only,9,2.046154582370692,"[22, 50]",[22],[],7.122566223144531,3.1178832054138184
rp1m_reset_only,10,1.2202464101801904,"[22, 50]","[22, 48, 50]",[],6.493745803833008,3.1310253143310547
rp1m_reset_only,11,0.9818603950506357,"[22, 50]","[22, 50]",[],5.794223785400391,3.004923105239868
rp1m_reset_only,12,0.8571690431498326,"[22, 50]","[22, 50]",[],6.331262588500977,3.0741708278656006
rp1m_reset_only,13,0.9959710859363043,"[22, 50]","[22, 50]",[38],6.479640960693359,3.0470809936523438
rp1m_reset_only,14,1.672225324999998,"[22, 50]","[22, 50]",[38],6.331021308898926,3.078171491622925
rp1m_reset_only,15,0.9909102174406326,"[22, 50]","[22, 50]",[],6.73067045211792,3.0910818576812744
rp1m_reset_only,16,1.674304896439282,"[22, 50]","[22, 50]",[],5.859724998474121,2.875514507293701
rp1m_reset_only,17,2.004962130272671,"[22, 50]","[22, 50]",[],6.176156044006348,2.730719566345215
rp1m_reset_only,18,1.8714101913856152,"[22, 50]","[22, 50]",[],5.872635841369629,2.8288493156433105
rp1m_reset_only,19,0.9051953587853457,"[22, 50]","[22, 50]","[44, 47]",5.728896141052246,3.0210440158843994
rp1m_reset_only,20,1.084598331824726,"[22, 50]","[22, 50]",[49],6.5229291915893555,2.9637956619262695
rp1m_reset_only,21,1.573514802756545,"[22, 50]","[22, 50]",[],6.981385231018066,2.9277119636535645
rp1m_reset_only,22,2.183783533469861,"[22, 50]","[22, 50]",[],6.433413028717041,2.9559850692749023
rp1m_reset_only,23,1.7295843331010663,"[22, 50]","[22, 50]",[52],6.447483062744141,2.6353304386138916
rp1m_reset_only,24,1.7346142944873961,"[22, 50]","[22, 50]",[52],7.32512092590332,3.0714752674102783
rp1m_reset_only,25,2.017970724431798,"[22, 34, 50]","[22, 50]",[],7.616837501525879,3.1179349422454834
rp1m_reset_only,26,1.4519478334025262,"[22, 34, 50]","[22, 50]",[],7.629538059234619,3.0808515548706055
rp1m_reset_only,27,1.5849510234451032,"[22, 34, 50]","[22, 50]",[],7.240964412689209,3.1111316680908203
rp1m_reset_only,28,1.9882764639873833,"[22, 34, 50]","[20, 22, 50]",[],6.447442531585693,3.0582127571105957
rp1m_reset_only,29,0.7693631862137781,"[22, 34, 50]","[20, 22, 50]",[52],6.804648399353027,3.0921542644500732
rp1m_reset_only,30,1.218896343114673,"[22, 34, 50]","[22, 50]",[],6.289256572723389,2.972386598587036
rp1m_reset_only,31,1.9948654161708155,"[22, 34, 50]","[22, 50]",[],6.97769832611084,3.0189945697784424
rp1m_reset_only,32,1.557017025789138,"[22, 34, 50]","[22, 50]",[69],6.905241966247559,3.0899112224578857
rp1m_reset_only,33,1.9368803747718033,"[22, 34, 50]","[22, 50]",[],6.949363708496094,3.1259403228759766
rp1m_reset_only,34,-0.045610251235299604,"[22, 34, 50]","[22, 50]",[],6.822987079620361,3.1276307106018066
rp1m_reset_only,35,-1.361946761632924,"[22, 34, 50]","[22, 50]",[61],6.63054084777832,3.0320167541503906
rp1m_reset_only,36,1.4439408985493258,"[22, 34, 50]","[22, 50]",[54],6.799137592315674,2.985661268234253
rp1m_reset_only,37,1.1075034848120686,"[22, 34, 50, 51]","[22, 50]","[49, 50]",6.48604679107666,2.8976454734802246
rp1m_reset_only,38,1.3618998289338444,"[22, 34, 51]","[22, 50]",[],6.494614124298096,3.015713930130005
rp1m_reset_only,39,1.6213848855574515,"[22, 34, 51]","[22, 51]",[48],6.387666702270508,3.0493340492248535
rp1m_reset_only,40,1.9024290890270579,"[22, 34, 51]","[22, 51]","[51, 52]",6.766017436981201,2.9993581771850586
rp1m_reset_only,41,2.2214835921102813,"[22, 34, 51]","[22, 51]",[51],6.93133544921875,3.1013967990875244
rp1m_reset_only,42,1.2629721051158367,"[22, 34, 51]","[22, 51]",[51],7.520862102508545,3.111968517303467
rp1m_reset_only,43,0.9135310138645019,"[22, 34, 51]","[22, 51]",[],6.954544544219971,3.121408224105835
rp1m_reset_only,44,1.5977575602833753,"[22, 34, 51]","[22, 51]",[],7.006310939788818,3.1051456928253174
rp1m_reset_only,45,1.605165276742549,"[22, 34, 51]","[22, 51]",[],7.135013103485107,3.074857473373413
rp1m_reset_only,46,1.947110625837267,"[22, 34, 51]","[22, 51]",[],7.062323093414307,3.07279896736145
rp1m_reset_only,47,2.009209962829409,"[22, 34, 51]","[22, 51]",[],6.750717639923096,3.0898170471191406
rp1m_reset_only,48,2.0101582817354298,"[22, 34, 51]","[22, 51]",[],6.696939945220947,2.8216419219970703
rp1m_reset_only,49,1.4455863200155008,"[22, 34, 51]","[22, 51]","[43, 44]",6.651704788208008,3.0027945041656494
rp1m_reset_only,50,0.47550342016703184,"[22, 31, 34, 50]","[22, 51]","[44, 46]",6.078388214111328,3.0360097885131836
rp1m_reset_only,51,0.5175695025109902,"[31, 34, 50]",[],[],7.306967258453369,3.119070291519165
rp1m_reset_only,52,0.6789806713766937,"[31, 34, 50]",[50],[],7.973992347717285,3.1133389472961426
rp1m_reset_only,53,0.7057258701074278,"[31, 34, 48, 50]","[34, 48, 50]",[],7.7252092361450195,3.0880343914031982
rp1m_reset_only,54,1.7850971969558747,"[31, 34, 48]","[31, 34, 48, 50]",[33],6.91249942779541,2.8544318675994873
rp1m_reset_only,55,0.8600219949514605,"[31, 34, 48]","[31, 34, 36]",[22],6.870067596435547,3.1194896697998047
rp1m_reset_only,56,0.19472159973025732,"[31, 34, 48, 50]","[31, 34, 48]","[35, 37]",7.310496807098389,2.888327121734619
rp1m_reset_only,57,2.068508525382028,"[31, 34, 50]","[31, 34, 48]",[],7.115917682647705,2.9811341762542725
rp1m_reset_only,58,1.7265663556078605,"[31, 34, 50]","[31, 34, 48]",[],6.480227947235107,2.9860548973083496
rp1m_reset_only,59,1.5725891566263641,"[31, 34, 48, 50]","[31, 34, 48]",[],7.102653503417969,2.8702549934387207
rp1m_reset_only,60,0.9601080358120719,"[31, 34, 48]","[31, 34, 48]","[43, 44]",6.539146900177002,3.0631048679351807
rp1m_reset_only,61,2.2642122606638613,"[31, 34, 48]","[31, 34, 48]",[],5.983687877655029,2.759889602661133
rp1m_reset_only,62,0.6021875013121993,"[31, 34, 48]","[31, 34, 48]",[],5.787795066833496,2.6393556594848633
rp1m_reset_only,63,2.0504049063945726,"[31, 34, 48]","[31, 34, 48]",[],7.089519500732422,2.886265277862549
rp1m_reset_only,64,1.1201908950592172,"[31, 34, 48]","[31, 34, 48]",[],7.10825252532959,2.9703879356384277
rp1m_reset_only,65,2.099900932965152,"[31, 34, 48]","[31, 34, 48]",[],6.500531196594238,2.838717460632324
rp1m_reset_only,66,1.9156213441630954,"[31, 34, 48]","[31, 34, 48]",[],7.711541175842285,3.0982518196105957
rp1m_reset_only,67,2.1177384941360193,"[31, 34, 48]","[31, 34, 48]",[],7.79709529876709,3.134152889251709
rp1m_reset_only,68,0.9502017274730916,"[31, 34, 46, 48]","[31, 34, 48]",[],8.000716209411621,3.0989246368408203
rp1m_reset_only,69,1.2402623786685916,"[31, 34, 46]","[31, 34, 48]",[],7.495725154876709,2.947171211242676
rp1m_reset_only,70,1.1098934119675117,"[31, 34, 46]","[31, 34, 50]",[49],8.216682434082031,3.092890501022339
rp1m_reset_only,71,1.0009582851416505,"[31, 34, 46]","[31, 34, 46]",[42],8.295732498168945,3.0013415813446045
rp1m_reset_only,72,1.060353446945841,"[31, 34, 46]","[31, 34, 46]","[38, 43]",7.645627498626709,3.0420610904693604
rp1m_reset_only,73,1.5558792623786077,"[31, 34, 46]","[31, 34, 46]",[],6.435959815979004,2.7239606380462646
rp1m_reset_only,74,1.9840634572715659,"[31, 34, 46]","[31, 34, 46]",[],7.116745948791504,3.112992286682129
rp1m_reset_only,75,1.2698417781369655,"[26, 31, 34, 53]","[31, 34, 46]",[39],6.841695308685303,3.092883348464966
rp1m_reset_only,76,0.8802174915026924,"[26, 34, 53]","[31, 34, 53]",[41],6.575685977935791,2.9224326610565186
rp1m_reset_only,77,2.041451091212048,"[26, 34, 53]","[34, 53]",[],6.4220075607299805,3.064629077911377
rp1m_reset_only,78,1.3043155143986478,"[26, 34, 53]","[34, 53]",[],7.11361026763916,2.999403953552246
rp1m_reset_only,79,1.541970816133372,"[26, 34, 53]","[26, 27, 34, 53]",[],7.032945156097412,3.061913251876831
rp1m_reset_only,80,2.086818905656715,"[26, 34, 53]","[26, 34, 53]",[],7.662528038024902,3.051398992538452
rp1m_reset_only,81,1.4131863884314793,"[26, 34, 53]","[26, 34, 53]",[],7.202312469482422,3.0673680305480957
rp1m_reset_only,82,0.7818946760463561,"[26, 34, 53]","[26, 34, 53]",[38],7.005452632904053,3.041896343231201
rp1m_reset_only,83,1.9135777281797963,"[26, 34, 53]","[26, 34, 53]",[],7.592343330383301,3.0745065212249756
rp1m_reset_only,84,1.9389791381954247,"[26, 34, 53]","[26, 34, 53]",[],7.125307083129883,2.968526840209961
rp1m_reset_only,85,1.5560493742968973,"[26, 34, 53]","[26, 34, 53]",[],7.041005611419678,3.129321813583374
rp1m_reset_only,86,0.9132252149325333,"[26, 34, 53]","[26, 34, 53]","[38, 39]",6.714025020599365,3.104600429534912
rp1m_reset_only,87,-0.0835984025468417,"[26, 34, 53]","[26, 34, 53]",[],7.181436061859131,2.9532525539398193
rp1m_reset_only,88,1.1167807868893282,"[26, 34, 53]","[26, 34, 53]",[],7.035349369049072,3.097447633743286
rp1m_reset_only,89,1.9314022372978557,"[26, 34, 53]","[26, 34, 53]",[],6.887840747833252,3.0553972721099854
rp1m_reset_only,90,1.928600297854889,"[26, 34, 53]","[26, 34, 53]",[],7.207359790802002,3.1222147941589355
rp1m_reset_only,91,1.628812654498518,"[26, 34, 53]","[26, 34, 53]",[],7.228952407836914,3.0319936275482178
rp1m_reset_only,92,1.0087798760219364,"[26, 34, 53]","[26, 34, 53]",[],6.905951023101807,3.092228412628174
rp1m_reset_only,93,2.061988067312534,"[26, 34, 53]","[26, 34, 53]",[],6.69534969329834,3.02121901512146
rp1m_reset_only,94,0.8858465312096518,"[26, 34, 53]","[26, 34, 53]",[],6.627570152282715,3.0485424995422363
rp1m_reset_only,95,2.017015741423921,"[26, 34, 53]","[26, 34, 53]",[],6.665741443634033,3.0029356479644775
rp1m_reset_only,96,1.4499213847876415,"[26, 34, 53]","[26, 34, 53]","[49, 52]",6.808518886566162,3.1165072917938232
rp1m_reset_only,97,0.7986865576838016,"[26, 34, 53]","[26, 34, 53]",[],7.3947553634643555,3.1197361946105957
rp1m_reset_only,98,1.9745225876502146,"[26, 34, 53]","[26, 34, 53]",[],6.897329330444336,3.0552167892456055
rp1m_reset_only,99,1.321418288663773,"[26, 34, 53]","[26, 34, 53]",[],7.053228855133057,3.1315412521362305
rp1m_reset_only,100,1.8380209525820668,"[26, 27, 34]","[26, 34, 53]",[],6.302506923675537,3.0692927837371826
rp1m_reset_only,101,1.7475843012459875,"[27, 34, 53]","[26, 34, 53]",[],7.025975704193115,3.1347737312316895
rp1m_reset_only,102,1.1231371453647676,"[27, 34, 53]","[34, 53]",[],6.913603782653809,2.981499195098877
rp1m_reset_only,103,1.5233177282159578,"[27, 34, 53]","[34, 53]",[],6.9381866455078125,3.002837896347046
rp1m_reset_only,104,1.6331746468478683,"[27, 34, 53]","[27, 34, 53]",[],6.701435089111328,3.0041730403900146
rp1m_reset_only,105,1.275673650582819,"[27, 34, 53]","[27, 34, 53]",[],6.668497562408447,3.1046791076660156
rp1m_reset_only,106,1.304971992741197,"[27, 34, 53]","[27, 34, 53]",[],6.744721412658691,2.947908401489258
rp1m_reset_only,107,0.7469258908846369,"[27, 34, 53]","[27, 34, 53]",[40],7.187280654907227,3.040879249572754
rp1m_reset_only,108,1.8493935513401003,"[27, 34, 53]","[27, 34, 53]",[],7.070587635040283,3.097301959991455
rp1m_reset_only,109,2.0765578594103262,"[27, 34, 53]","[27, 34, 53]",[],6.900563716888428,3.095736503601074
rp1m_reset_only,110,1.9747429731886679,"[27, 34, 53]","[27, 34, 53]",[],7.3305983543396,3.0303187370300293
rp1m_reset_only,111,1.4235415958929019,"[27, 34, 53]","[27, 34, 53]",[42],7.484326362609863,3.01757550239563
rp1m_reset_only,112,1.3325835035639277,"[27, 34, 53]","[27, 34, 53]",[45],6.8013596534729,2.961064100265503
rp1m_reset_only,113,1.9728944465588167,"[27, 53]","[27, 34, 53]",[50],6.460716247558594,2.8323261737823486
rp1m_reset_only,114,1.6427173455837933,"[27, 34, 53]","[27, 53]",[49],7.695861339569092,3.033936023712158
rp1m_reset_only,115,1.121565478185451,"[27, 34, 53]","[27, 34, 53]",[],7.774205684661865,3.1309683322906494
rp1m_reset_only,116,2.2072635756453156,"[27, 34, 53]","[27, 34, 53]",[],6.779544830322266,2.926302909851074
rp1m_reset_only,117,1.6490951392123487,"[27, 34, 53]","[27, 34, 53]",[],7.150602340698242,3.0662896633148193
rp1m_reset_only,118,1.2026779202844469,"[27, 34, 53]","[27, 34, 53]",[42],7.498979091644287,3.0366604328155518
rp1m_reset_only,119,1.1008164185705003,"[27, 34, 53]","[27, 34, 53]",[],7.018993854522705,3.0950655937194824
rp1m_reset_only,0,1.1028749618943055,"[22, 50]",[],[],4.205580711364746,1.9144946336746216
rp1m_reset_only,1,0.6875062659199234,"[22, 50]",[],[],5.376389026641846,2.6591637134552
rp1m_reset_only,2,0.6441055589366591,"[22, 50]",[],[],5.886658668518066,3.1014585494995117
rp1m_reset_only,3,1.3564776339235505,"[22, 48, 50]",[],[],6.508916854858398,3.1216681003570557
rp1m_reset_only,4,2.2827795466843472,"[22, 48]",[48],[],6.548131942749023,3.0645101070404053
rp1m_reset_only,5,2.631292349447352,"[22, 48]",[48],[],6.475119113922119,2.749483108520508
rp1m_reset_only,6,2.232447502072981,"[22, 48]","[23, 48]",[46],6.812756061553955,3.1051626205444336
rp1m_reset_only,7,1.7658923631923593,"[22, 50]","[22, 24, 48]","[26, 27, 48]",6.179314136505127,3.005903959274292
rp1m_reset_only,8,2.5221005587952807,"[22, 50]",[22],[],6.513856410980225,3.1032838821411133
rp1m_reset_only,9,0.7463663935900586,"[22, 50]",[22],[47],7.232883930206299,3.1178832054138184
rp1m_reset_only,10,2.0379944089937663,"[22, 50]","[22, 48, 50]",[],6.710524559020996,3.106229543685913
rp1m_reset_only,11,1.1513713860775445,"[22, 50]","[22, 50]",[],6.5514678955078125,3.004923105239868
rp1m_reset_only,12,2.1936181947267843,"[22, 50]","[22, 50]",[],6.414144992828369,3.0393686294555664
rp1m_reset_only,13,1.8106389761902761,"[22, 50]","[22, 50]",[],6.653832912445068,3.0470809936523438
rp1m_reset_only,14,2.4925035032066636,"[22, 50]","[22, 50]",[],6.7437968254089355,3.078171491622925
rp1m_reset_only,15,2.7882418498034514,"[22, 50]","[22, 50]",[50],7.27636194229126,3.083540678024292
rp1m_reset_only,16,2.084305721673233,"[22, 50]","[22, 50]",[],6.558406352996826,2.9132678508758545
rp1m_reset_only,17,2.310014046783391,"[22, 50]","[22, 50]",[],6.946378707885742,3.0757665634155273
rp1m_reset_only,18,1.88592052722595,"[22, 50]","[22, 50]",[],6.65185022354126,3.1091105937957764
rp1m_reset_only,19,1.568189725328966,"[22, 50]","[22, 50]",[47],6.337558269500732,2.906810760498047
rp1m_reset_only,20,1.557436084970467,"[22, 50]","[22, 50]","[46, 47]",6.592881202697754,2.981119155883789
rp1m_reset_only,21,1.852580999871331,"[22, 50]","[22, 50]",[],7.440986633300781,3.050692558288574
rp1m_reset_only,22,2.1604710833035354,"[22, 50]","[22, 50]",[],6.763289928436279,3.0907809734344482
rp1m_reset_only,23,1.4764255481965916,"[22, 50]","[22, 50]",[],6.795646667480469,3.1237716674804688
rp1m_reset_only,24,1.7284846881852536,"[22, 50]","[22, 50]",[51],6.855131149291992,3.0887975692749023
rp1m_reset_only,25,1.441823921253349,"[22, 34, 50]","[22, 50]",[33],7.095469951629639,3.1179349422454834
rp1m_reset_only,26,1.806800721316807,"[22, 34, 50]","[22, 50]",[33],6.924281597137451,3.0557162761688232
rp1m_reset_only,27,0.9346984405947891,"[22, 34, 50]","[22, 50]",[33],6.3235273361206055,2.7245421409606934
rp1m_reset_only,28,1.8639867072967515,"[22, 34, 50]","[20, 22, 50]","[33, 43]",5.881444931030273,2.8196728229522705
rp1m_reset_only,29,0.9517944024908924,"[22, 34, 50]","[20, 22, 50]",[43],5.8705267906188965,2.921795129776001
rp1m_reset_only,30,0.8020061851930381,"[22, 34, 50]","[22, 50]","[42, 43, 46]",4.826683044433594,2.3248953819274902
rp1m_reset_only,31,1.6718956999303054,"[22, 34, 50]","[22, 50]","[43, 46]",5.6518025398254395,2.52266788482666
rp1m_reset_only,32,1.0237183158651282,"[22, 34, 50]","[22, 50]",[43],5.970385551452637,2.5730247497558594
rp1m_reset_only,33,1.9477345223153453,"[22, 34, 50]","[22, 50]",[43],6.035548210144043,2.8997702598571777
rp1m_reset_only,34,1.9381153367065445,"[22, 34, 50]","[22, 50]",[],5.774467945098877,2.459092378616333
rp1m_reset_only,35,2.037632701347695,"[22, 34, 50]","[22, 50]",[],6.353997230529785,3.072795867919922
rp1m_reset_only,36,1.4753632374066852,"[22, 34, 50]","[22, 50]",[],6.9491400718688965,2.985661268234253
rp1m_reset_only,37,0.7106810248653559,"[22, 34, 50, 51]","[22, 50]",[],6.5680718421936035,3.1090943813323975
rp1m_reset_only,38,2.072989516356028,"[22, 34, 51]","[22, 50]","[34, 36]",6.33450984954834,3.103752374649048
rp1m_reset_only,39,1.8178605306477684,"[22, 34, 51]","[22, 51]",[56],6.189603328704834,3.0493340492248535
rp1m_reset_only,40,2.145471062454595,"[22, 34, 51]","[22, 51]",[],6.519369602203369,3.050344705581665
rp1m_reset_only,41,2.228730809855384,"[22, 34, 51]","[22, 51]",[],6.434070110321045,3.0512824058532715
rp1m_reset_only,42,2.043430694559146,"[22, 34, 51]","[22, 51]",[],6.689763069152832,3.131103992462158
rp1m_reset_only,43,1.5102053148179289,"[22, 34, 51]","[22, 51]",[],6.594315528869629,3.0092809200286865
rp1m_reset_only,44,0.5137073122133751,"[22, 34, 51]","[22, 51]",[],7.063022613525391,3.0740907192230225
rp1m_reset_only,45,1.2323138171969699,"[22, 34, 51]","[22, 51]",[],7.023225784301758,3.0051238536834717
rp1m_reset_only,46,2.2274076599937116,"[22, 34, 51]","[22, 51]",[],6.799467086791992,2.8602654933929443
rp1m_reset_only,47,1.6421150590251128,"[22, 34, 51]","[22, 51]",[],6.995126247406006,3.064493179321289
rp1m_reset_only,48,1.8305762176262883,"[22, 34, 51]","[22, 51]","[31, 32]",7.039454460144043,3.1304075717926025
rp1m_reset_only,49,1.5406319632065912,"[22, 34, 51]","[22, 51]",[31],6.635078430175781,3.0027945041656494
rp1m_reset_only,50,1.5218230193114581,"[22, 31, 34, 50]","[22, 51]","[29, 31]",5.605294704437256,3.078994035720825
rp1m_reset_only,51,1.0693952367156077,"[31, 34, 50]",[],[],6.838748931884766,3.1060688495635986
rp1m_reset_only,52,1.0831932001053026,"[31, 34, 50]",[50],[],7.627552032470703,3.0721137523651123
rp1m_reset_only,53,1.249972011045453,"[31, 34, 48, 50]","[34, 48, 50]",[],7.942713260650635,3.0462872982025146
rp1m_reset_only,54,1.779181679994052,"[31, 34, 48]","[31, 34, 48, 50]","[29, 31]",6.172348976135254,2.7577216625213623
rp1m_reset_only,55,1.5443368624094231,"[31, 34, 48]","[31, 34, 36]",[50],6.519952297210693,3.1194896697998047
rp1m_reset_only,56,2.20641301053352,"[31, 34, 48, 50]","[31, 34, 48]","[50, 51]",7.430010795593262,3.0782124996185303
rp1m_reset_only,57,1.8861219409316685,"[31, 34, 50]","[31, 34, 48]",[],6.972564697265625,2.7993156909942627
rp1m_reset_only,58,1.849778517892008,"[31, 34, 50]","[31, 34, 48]",[32],6.635868072509766,2.9253108501434326
rp1m_reset_only,59,1.8777306416352828,"[31, 34, 48, 50]","[31, 34, 48]",[],6.302626132965088,2.976512908935547
rp1m_reset_only,60,1.7368738955011935,"[31, 34, 48]","[31, 34, 48]",[],6.4125261306762695,2.941655397415161
rp1m_reset_only,61,2.11698661024018,"[31, 34, 48]","[31, 34, 48]",[],6.176609516143799,3.1178746223449707
rp1m_reset_only,62,-0.037004413155278026,"[31, 34, 48]","[31, 34, 48]",[63],6.546660423278809,3.025651454925537
rp1m_reset_only,63,0.31219980379033896,"[31, 34, 48]","[31, 34, 48]",[63],7.504098892211914,3.110811471939087
rp1m_reset_only,64,2.405178385590542,"[31, 34, 48]","[31, 34, 48]",[],7.52315616607666,3.0622472763061523
rp1m_reset_only,65,1.3744370491159854,"[31, 34, 48]","[31, 34, 48]","[48, 49, 50]",6.771660327911377,2.9752931594848633
rp1m_reset_only,66,1.8752650816798626,"[31, 34, 48]","[31, 34, 48]",[],7.396827697753906,3.047924041748047
rp1m_reset_only,67,2.103156186760721,"[31, 34, 48]","[31, 34, 48]",[],8.019614219665527,3.134152889251709
rp1m_reset_only,68,2.3043265714803076,"[31, 34, 46, 48]","[31, 34, 48]",[],7.896064281463623,3.0989246368408203
rp1m_reset_only,69,2.0584904044704855,"[31, 34, 46]","[31, 34, 48]",[32],7.214355945587158,3.0721588134765625
rp1m_reset_only,70,2.027372685384617,"[31, 34, 46]","[31, 34, 50]",[],8.10015869140625,3.098041296005249
rp1m_reset_only,71,1.1495982047486761,"[31, 34, 46]","[31, 34, 46]",[],8.035285949707031,3.118147850036621
rp1m_reset_only,72,1.337114461084773,"[31, 34, 46]","[31, 34, 46]",[],7.623093605041504,3.0055992603302
rp1m_reset_only,73,2.013890192151168,"[31, 34, 46]","[31, 34, 46]",[],7.199959754943848,2.863346815109253
rp1m_reset_only,74,2.083993494233705,"[31, 34, 46]","[31, 34, 46]",[],7.042061805725098,3.0357131958007812
rp1m_reset_only,75,1.9428927459182503,"[26, 31, 34, 53]","[31, 34, 46]",[],7.106572151184082,3.0528175830841064
rp1m_reset_only,76,2.1699347429180516,"[26, 34, 53]","[31, 34, 53]",[],7.021387100219727,2.9432077407836914
rp1m_reset_only,77,2.4271868269945367,"[26, 34, 53]","[34, 53]",[],6.896686553955078,2.9913454055786133
rp1m_reset_only,78,2.259407799191651,"[26, 34, 53]","[34, 53]",[],7.069892406463623,3.0703959465026855
rp1m_reset_only,79,1.513785829215449,"[26, 34, 53]","[26, 27, 34, 53]",[],7.296339988708496,3.0279507637023926
rp1m_reset_only,80,2.2987366230883475,"[26, 34, 53]","[26, 34, 53]",[],7.356942653656006,2.9643959999084473
rp1m_reset_only,81,2.369274182766466,"[26, 34, 53]","[26, 34, 53]",[],7.797256946563721,3.0235977172851562
rp1m_reset_only,82,2.4086609885325134,"[26, 34, 53]","[26, 34, 53]",[],7.635491847991943,3.041896343231201
rp1m_reset_only,83,2.3637474881676237,"[26, 34, 53]","[26, 34, 53]",[],7.533616542816162,3.0101664066314697
rp1m_reset_only,84,2.113734437095277,"[26, 34, 53]","[26, 34, 53]",[],6.677570343017578,2.968526840209961
rp1m_reset_only,85,2.373710051003158,"[26, 34, 53]","[26, 34, 53]",[],6.942529678344727,3.076643943786621
rp1m_reset_only,86,2.1819865966464986,"[26, 34, 53]","[26, 34, 53]",[],6.911088466644287,2.9890027046203613
rp1m_reset_only,87,0.7732331373870344,"[26, 34, 53]","[26, 34, 53]",[],7.072360992431641,2.769960880279541
rp1m_reset_only,88,2.4709875544055704,"[26, 34, 53]","[26, 34, 53]",[],7.407566547393799,3.039018154144287
rp1m_reset_only,89,2.210404362914045,"[26, 34, 53]","[26, 34, 53]",[],6.680107593536377,2.8545165061950684
rp1m_reset_only,90,1.34627623218812,"[26, 34, 53]","[26, 34, 53]",[],7.5875091552734375,3.0368120670318604
rp1m_reset_only,91,1.2569958582421128,"[26, 34, 53]","[26, 34, 53]",[],7.244795799255371,3.0319936275482178
rp1m_reset_only,92,1.014104760266424,"[26, 34, 53]","[26, 34, 53]","[21, 23]",7.242697238922119,3.035645008087158
rp1m_reset_only,93,1.682497043053914,"[26, 34, 53]","[26, 34, 53]","[21, 23]",6.88416862487793,3.02121901512146
rp1m_reset_only,94,1.6434322959200802,"[26, 34, 53]","[26, 34, 53]","[24, 26]",6.648264408111572,3.026224136352539
rp1m_reset_only,95,1.8827814405918486,"[26, 34, 53]","[26, 34, 53]",[],6.906896591186523,2.9965879917144775
rp1m_reset_only,96,1.9103276515593994,"[26, 34, 53]","[26, 34, 53]",[],7.6837286949157715,2.9643373489379883
rp1m_reset_only,97,2.173562173669007,"[26, 34, 53]","[26, 34, 53]",[],7.758152961730957,3.046614408493042
rp1m_reset_only,98,2.0155927393363195,"[26, 34, 53]","[26, 34, 53]",[],7.281148910522461,2.9770851135253906
rp1m_reset_only,99,1.5840324993509185,"[26, 34, 53]","[26, 34, 53]",[],7.134354591369629,3.1315412521362305
rp1m_reset_only,100,1.9657980464231413,"[26, 27, 34]","[26, 34, 53]",[],6.525966644287109,3.0371713638305664
rp1m_reset_only,101,1.5232905573146187,"[27, 34, 53]","[26, 34, 53]",[],6.784003257751465,2.748201370239258
rp1m_reset_only,102,2.1062624624654243,"[27, 34, 53]","[34, 53]",[],7.109924793243408,2.9478867053985596
rp1m_reset_only,103,2.287026253165036,"[27, 34, 53]","[34, 53]",[],7.107391357421875,2.9991631507873535
rp1m_reset_only,104,1.466599842728634,"[27, 34, 53]","[27, 34, 53]","[29, 31]",7.256025791168213,3.0323684215545654
rp1m_reset_only,105,1.4139487538479072,"[27, 34, 53]","[27, 34, 53]",[],7.2036895751953125,2.968379020690918
rp1m_reset_only,106,1.6576245377677088,"[27, 34, 53]","[27, 34, 53]",[25],7.136697769165039,2.8931195735931396
rp1m_reset_only,107,1.60127317770161,"[27, 34, 53]","[27, 34, 53]","[41, 43]",7.270673751831055,2.9565181732177734
rp1m_reset_only,108,1.2845577035999154,"[27, 34, 53]","[27, 34, 53]",[],7.377408981323242,3.1181790828704834
rp1m_reset_only,109,1.7847988587277808,"[27, 34, 53]","[27, 34, 53]",[],6.710665225982666,3.083399534225464
rp1m_reset_only,110,1.6027358659510176,"[27, 34, 53]","[27, 34, 53]",[],7.83725643157959,3.035015344619751
rp1m_reset_only,111,1.0724271008399227,"[27, 34, 53]","[27, 34, 53]",[],6.983518600463867,2.9652199745178223
rp1m_reset_only,112,1.4635383648767395,"[27, 34, 53]","[27, 34, 53]","[46, 48, 50]",6.87388277053833,2.9830360412597656
rp1m_reset_only,113,1.5263901174448404,"[27, 53]","[27, 34, 53]",[],6.740413665771484,3.0900440216064453
rp1m_reset_only,114,1.4284729045976956,"[27, 34, 53]","[27, 53]","[62, 63]",7.626031398773193,3.127467632293701
rp1m_reset_only,115,0.7024172047557979,"[27, 34, 53]","[27, 34, 53]",[65],7.494728088378906,3.0950019359588623
rp1m_reset_only,116,1.7858262086304824,"[27, 34, 53]","[27, 34, 53]",[],6.955205917358398,2.7519304752349854
rp1m_reset_only,117,2.397408441319047,"[27, 34, 53]","[27, 34, 53]",[],7.275106906890869,3.013038158416748
rp1m_reset_only,118,2.1356221507150153,"[27, 34, 53]","[27, 34, 53]",[],6.796288967132568,2.9568488597869873
rp1m_reset_only,119,1.1424638427051792,"[27, 34, 53]","[27, 34, 53]",[],6.384943962097168,2.9996752738952637
rp1m_restore_hands,0,1.444145044429006,"[22, 50]",[],[],4.073739051818848,2.527052879333496
rp1m_restore_hands,1,1.2453522306466018,"[22, 50]",[],[],4.424405097961426,3.0692975521087646
rp1m_restore_hands,2,0.039276185579946096,"[22, 50]",[],[],4.579288959503174,2.428884983062744
rp1m_restore_hands,3,0.21930542545978549,"[22, 48, 50]",[],[],4.936127185821533,2.003889799118042
rp1m_restore_hands,4,1.7903565997908768,"[22, 48]",[48],[],5.388864040374756,2.176121711730957
rp1m_restore_hands,5,0.893010058411039,"[22, 48]",[48],[],5.779340744018555,2.74908709526062
rp1m_restore_hands,6,1.8450005619814704,"[22, 48]","[23, 48]",[],6.003278732299805,2.5091850757598877
rp1m_restore_hands,7,2.145700411399729,"[22, 50]","[22, 24, 48]","[46, 48, 50, 51]",6.294278621673584,3.059953212738037
rp1m_restore_hands,8,1.7910819962639248,"[22, 50]",[22],[],7.145064830780029,3.1032838821411133
rp1m_restore_hands,9,2.0429774656284283,"[22, 50]",[22],[],7.0791335105896,3.1178832054138184
rp1m_restore_hands,10,1.2183961162432166,"[22, 50]","[22, 48, 50]",[],6.446088790893555,3.1310253143310547
rp1m_restore_hands,11,0.9784146094358904,"[22, 50]","[22, 50]",[],5.741702079772949,3.004923105239868
rp1m_restore_hands,12,0.8544839450930112,"[22, 50]","[22, 50]",[],6.286056041717529,3.0741708278656006
rp1m_restore_hands,13,0.9991405106631208,"[22, 50]","[22, 50]",[38],6.433452129364014,3.0470809936523438
rp1m_restore_hands,14,1.6735424798075782,"[22, 50]","[22, 50]",[38],6.283373832702637,3.078171491622925
rp1m_restore_hands,15,0.9913141727239775,"[22, 50]","[22, 50]",[],6.688444137573242,3.0910818576812744
rp1m_restore_hands,16,1.6761152093315048,"[22, 50]","[22, 50]",[],5.808900356292725,2.875514507293701
rp1m_restore_hands,17,2.0052361790025435,"[22, 50]","[22, 50]",[],6.1305742263793945,2.730719566345215
rp1m_restore_hands,18,1.871984454227574,"[22, 50]","[22, 50]",[],5.822307109832764,2.8288493156433105
rp1m_restore_hands,19,0.9056838398765477,"[22, 50]","[22, 50]","[44, 47]",5.67588996887207,3.0210440158843994
rp1m_restore_hands,20,1.085075585638584,"[22, 50]","[22, 50]",[49],6.477537155151367,2.9637956619262695
rp1m_restore_hands,21,1.5730776044863153,"[22, 50]","[22, 50]",[],6.939185619354248,2.9277119636535645
rp1m_restore_hands,22,2.1818958953996828,"[22, 50]","[22, 50]",[],6.386830806732178,2.9559850692749023
rp1m_restore_hands,23,1.7268583169658576,"[22, 50]","[22, 50]",[52],6.403535842895508,2.6353304386138916
rp1m_restore_hands,24,1.7328046242833761,"[22, 50]","[22, 50]",[52],7.285067558288574,3.0714752674102783
rp1m_restore_hands,25,2.028883828406201,"[22, 34, 50]","[22, 50]",[],7.61207914352417,3.1179349422454834
rp1m_restore_hands,26,1.4656013262203946,"[22, 34, 50]","[22, 50]",[],7.62642765045166,3.0808515548706055
rp1m_restore_hands,27,1.5862601413869921,"[22, 34, 50]","[22, 50]",[],7.238038063049316,3.1111316680908203
rp1m_restore_hands,28,1.9892687989442182,"[22, 34, 50]","[20, 22, 50]",[],6.444832801818848,3.0582127571105957
rp1m_restore_hands,29,0.7686289519628349,"[22, 34, 50]","[20, 22, 50]",[52],6.802675724029541,3.0921542644500732
rp1m_restore_hands,30,1.219063888667304,"[22, 34, 50]","[22, 50]",[],6.285158157348633,2.972386598587036
rp1m_restore_hands,31,1.9959179145307921,"[22, 34, 50]","[22, 50]",[],6.971067905426025,3.0189945697784424
rp1m_restore_hands,32,1.557501123862866,"[22, 34, 50]","[22, 50]",[69],6.900534629821777,3.0899112224578857
rp1m_restore_hands,33,1.937775368175089,"[22, 34, 50]","[22, 50]",[],6.944094657897949,3.1259403228759766
rp1m_restore_hands,34,-0.04569930092160801,"[22, 34, 50]","[22, 50]",[],6.81732702255249,3.1276307106018066
rp1m_restore_hands,35,-1.3620524310033206,"[22, 34, 50]","[22, 50]",[61],6.625476360321045,3.0320167541503906
rp1m_restore_hands,36,1.4439260922406867,"[22, 34, 50]","[22, 50]",[54],6.7949652671813965,2.985661268234253
rp1m_restore_hands,37,1.1075334302797528,"[22, 34, 50, 51]","[22, 50]","[49, 50]",6.483022212982178,2.8976454734802246
rp1m_restore_hands,38,1.3626834819342453,"[22, 34, 51]","[22, 50]",[],6.49158239364624,3.015713930130005
rp1m_restore_hands,39,1.6218043673643856,"[22, 34, 51]","[22, 51]",[48],6.3827056884765625,3.0493340492248535
rp1m_restore_hands,40,1.9021313910792674,"[22, 34, 51]","[22, 51]","[51, 52]",6.758133888244629,2.9993581771850586
rp1m_restore_hands,41,2.2216407255952193,"[22, 34, 51]","[22, 51]",[51],6.919722080230713,3.1013967990875244
rp1m_restore_hands,42,1.2632893862644068,"[22, 34, 51]","[22, 51]",[51],7.512263774871826,3.111968517303467
rp1m_restore_hands,43,0.9135326501261408,"[22, 34, 51]","[22, 51]",[],6.948280334472656,3.121408224105835
rp1m_restore_hands,44,1.597999806911515,"[22, 34, 51]","[22, 51]",[],6.9991230964660645,3.1051456928253174
rp1m_restore_hands,45,1.604974365780349,"[22, 34, 51]","[22, 51]",[],7.128118991851807,3.074857473373413
rp1m_restore_hands,46,1.9473183117786517,"[22, 34, 51]","[22, 51]",[],7.052918910980225,3.07279896736145
rp1m_restore_hands,47,2.0094411982494234,"[22, 34, 51]","[22, 51]",[],6.743175506591797,3.0898170471191406
rp1m_restore_hands,48,2.0104068714507166,"[22, 34, 51]","[22, 51]",[],6.693942546844482,2.8216419219970703
rp1m_restore_hands,49,1.4458708151338704,"[22, 34, 51]","[22, 51]","[43, 44]",6.645892143249512,3.0027945041656494
rp1m_restore_hands,50,0.4759686948523158,"[22, 31, 34, 50]","[22, 51]","[44, 46]",6.073883056640625,3.0360097885131836
rp1m_restore_hands,51,0.5388253232005789,"[31, 34, 50]",[],[],7.3024983406066895,3.119070291519165
rp1m_restore_hands,52,0.6761922406774414,"[31, 34, 50]",[50],[],7.971019744873047,3.1133389472961426
rp1m_restore_hands,53,0.7107734923298975,"[31, 34, 48, 50]","[34, 48, 50]",[],7.722471237182617,3.0880343914031982
rp1m_restore_hands,54,1.7899940174102928,"[31, 34, 48]","[31, 34, 48, 50]",[33],6.909069061279297,2.8544318675994873
rp1m_restore_hands,55,1.0533114724912036,"[31, 34, 48]","[31, 34, 36]","[22, 33]",6.867392063140869,3.1194896697998047
rp1m_restore_hands,56,0.1531984268428861,"[31, 34, 48, 50]","[31, 34, 48]",[37],7.295763969421387,2.888327121734619
rp1m_restore_hands,57,2.0175120638340047,"[31, 34, 50]","[31, 34, 48]",[],7.072745323181152,2.9811341762542725
rp1m_restore_hands,58,1.7589556893767497,"[31, 34, 50]","[31, 34, 48]",[],6.471428394317627,2.9860548973083496
rp1m_restore_hands,59,1.1110694048808305,"[31, 34, 48, 50]","[31, 34, 48]",[],7.097076892852783,2.8702549934387207
rp1m_restore_hands,60,0.9753847257239596,"[31, 34, 48]","[31, 34, 48]","[41, 43]",6.53369665145874,3.0631048679351807
rp1m_restore_hands,61,2.310483966936176,"[31, 34, 48]","[31, 34, 48]",[],5.9764814376831055,2.759889602661133
rp1m_restore_hands,62,0.5222194187926457,"[31, 34, 48]","[31, 34, 48]",[],5.783876895904541,2.6393556594848633
rp1m_restore_hands,63,1.9832169056180473,"[31, 34, 48]","[31, 34, 48]",[],7.084377288818359,2.886265277862549
rp1m_restore_hands,64,1.0989486914038902,"[31, 34, 48]","[31, 34, 48]",[],7.103121280670166,2.9703879356384277
rp1m_restore_hands,65,2.105934512695833,"[31, 34, 48]","[31, 34, 48]",[],6.493990421295166,2.838717460632324
rp1m_restore_hands,66,1.8906544760188586,"[31, 34, 48]","[31, 34, 48]",[],7.702935218811035,3.0982518196105957
rp1m_restore_hands,67,2.095764638745611,"[31, 34, 48]","[31, 34, 48]",[],7.792529582977295,3.134152889251709
rp1m_restore_hands,68,0.9617656655656991,"[31, 34, 46, 48]","[31, 34, 48]",[],7.996274471282959,3.0989246368408203
rp1m_restore_hands,69,1.2655451451266313,"[31, 34, 46]","[31, 34, 48]",[],7.491410255432129,2.947171211242676
rp1m_restore_hands,70,1.0973211323264076,"[31, 34, 46]","[31, 34, 50]",[49],8.214097023010254,3.092890501022339
rp1m_restore_hands,71,1.0056823864003024,"[31, 34, 46]","[31, 34, 46]",[42],8.290492057800293,3.0013415813446045
rp1m_restore_hands,72,1.0634010797499684,"[31, 34, 46]","[31, 34, 46]","[38, 43]",7.642470359802246,3.0420610904693604
rp1m_restore_hands,73,1.5463183463739878,"[31, 34, 46]","[31, 34, 46]",[],6.432484149932861,2.7239606380462646
rp1m_restore_hands,74,1.9822527608568667,"[31, 34, 46]","[31, 34, 46]",[],7.111715793609619,3.112992286682129
rp1m_restore_hands,75,1.2671041894952584,"[26, 31, 34, 53]","[31, 34, 46]",[39],6.837702751159668,3.092883348464966
rp1m_restore_hands,76,0.8970320112725316,"[26, 34, 53]","[31, 34, 53]","[39, 41]",6.5710673332214355,2.9224326610565186
rp1m_restore_hands,77,2.0143568164228074,"[26, 34, 53]","[34, 53]",[],6.414872169494629,3.064629077911377
rp1m_restore_hands,78,1.3051841365296073,"[26, 34, 53]","[34, 53]",[],7.100994110107422,2.999403953552246
rp1m_restore_hands,79,1.5537220951226416,"[26, 34, 53]","[26, 27, 34, 53]",[],7.0259599685668945,3.061913251876831
rp1m_restore_hands,80,2.0824033435643634,"[26, 34, 53]","[26, 34, 53]",[],7.654726982116699,3.051398992538452
rp1m_restore_hands,81,1.421173156206318,"[26, 34, 53]","[26, 34, 53]",[],7.193090438842773,3.0673680305480957
rp1m_restore_hands,82,1.2977311323709781,"[26, 34, 53]","[26, 34, 53]",[38],6.997188568115234,3.041896343231201
rp1m_restore_hands,83,1.9092205152613522,"[26, 34, 53]","[26, 34, 53]",[],7.582589149475098,3.0745065212249756
rp1m_restore_hands,84,1.9368557524584336,"[26, 34, 53]","[26, 34, 53]",[],7.114199638366699,2.968526840209961
rp1m_restore_hands,85,1.5615816026328813,"[26, 34, 53]","[26, 34, 53]",[],7.0291900634765625,3.129321813583374
rp1m_restore_hands,86,0.867311087914288,"[26, 34, 53]","[26, 34, 53]","[38, 39]",6.706507682800293,3.104600429534912
rp1m_restore_hands,87,-0.09967456650051987,"[26, 34, 53]","[26, 34, 53]",[],7.169608116149902,2.9532525539398193
rp1m_restore_hands,88,1.1450722879257835,"[26, 34, 53]","[26, 34, 53]",[],7.027928829193115,3.097447633743286
rp1m_restore_hands,89,1.9330261596858613,"[26, 34, 53]","[26, 34, 53]",[],6.876181125640869,3.0553972721099854
rp1m_restore_hands,90,1.930512938885376,"[26, 34, 53]","[26, 34, 53]",[],7.199893474578857,3.1222147941589355
rp1m_restore_hands,91,1.633947227755627,"[26, 34, 53]","[26, 34, 53]",[],7.2181196212768555,3.0319936275482178
rp1m_restore_hands,92,0.9928133954899778,"[26, 34, 53]","[26, 34, 53]",[],6.896482467651367,3.092228412628174
rp1m_restore_hands,93,2.057812053221464,"[26, 34, 53]","[26, 34, 53]",[],6.686176300048828,3.02121901512146
rp1m_restore_hands,94,0.8787984187919183,"[26, 34, 53]","[26, 34, 53]",[],6.6166486740112305,3.0485424995422363
rp1m_restore_hands,95,2.021933933602129,"[26, 34, 53]","[26, 34, 53]",[],6.657625198364258,3.0029356479644775
rp1m_restore_hands,96,1.425586617010413,"[26, 34, 53]","[26, 34, 53]","[49, 52]",6.799590587615967,3.1165072917938232
rp1m_restore_hands,97,0.766512307588826,"[26, 34, 53]","[26, 34, 53]",[],7.386986255645752,3.1197361946105957
rp1m_restore_hands,98,1.9736826928999442,"[26, 34, 53]","[26, 34, 53]",[],6.891757011413574,3.0552167892456055
rp1m_restore_hands,99,1.319894214127917,"[26, 34, 53]","[26, 34, 53]",[],7.044199466705322,3.1315412521362305
rp1m_restore_hands,100,1.8430067257793332,"[26, 27, 34]","[26, 34, 53]",[],6.3014678955078125,3.0692927837371826
rp1m_restore_hands,101,1.74915943943727,"[27, 34, 53]","[26, 34, 53]",[],7.015872478485107,3.1347737312316895
rp1m_restore_hands,102,1.118833491957433,"[27, 34, 53]","[34, 53]",[],6.902149677276611,2.981499195098877
rp1m_restore_hands,103,1.5315829557980392,"[27, 34, 53]","[34, 53]",[],6.928606986999512,3.002837896347046
rp1m_restore_hands,104,1.636128765432671,"[27, 34, 53]","[27, 34, 53]",[],6.686774253845215,3.0041730403900146
rp1m_restore_hands,105,1.2697681850683264,"[27, 34, 53]","[27, 34, 53]",[],6.6584696769714355,3.1046791076660156
rp1m_restore_hands,106,1.303238177375154,"[27, 34, 53]","[27, 34, 53]",[],6.735018730163574,2.947908401489258
rp1m_restore_hands,107,0.7467683901548894,"[27, 34, 53]","[27, 34, 53]",[40],7.178104877471924,3.040879249572754
rp1m_restore_hands,108,1.8499286237099852,"[27, 34, 53]","[27, 34, 53]",[],7.062036037445068,3.097301959991455
rp1m_restore_hands,109,2.076000550029354,"[27, 34, 53]","[27, 34, 53]",[],6.885330677032471,3.095736503601074
rp1m_restore_hands,110,1.9748466025258269,"[27, 34, 53]","[27, 34, 53]",[],7.323398590087891,3.0303187370300293
rp1m_restore_hands,111,1.424296937149186,"[27, 34, 53]","[27, 34, 53]",[42],7.469709873199463,3.01757550239563
rp1m_restore_hands,112,1.3335884363344577,"[27, 34, 53]","[27, 34, 53]",[45],6.789231777191162,2.961064100265503
rp1m_restore_hands,113,1.9645073567390825,"[27, 53]","[27, 34, 53]","[49, 50, 51]",6.455595970153809,2.8323261737823486
rp1m_restore_hands,114,1.6440390393555562,"[27, 34, 53]","[27, 53]",[49],7.682113170623779,3.033936023712158
rp1m_restore_hands,115,1.1131402740238279,"[27, 34, 53]","[27, 34, 53]",[],7.764873027801514,3.1309683322906494
rp1m_restore_hands,116,2.21051454096002,"[27, 34, 53]","[27, 34, 53]",[],6.769832611083984,2.926302909851074
rp1m_restore_hands,117,1.647330225712837,"[27, 34, 53]","[27, 34, 53]",[],7.144345760345459,3.0662896633148193
rp1m_restore_hands,118,1.1940014627512041,"[27, 34, 53]","[27, 34, 53]",[42],7.491989612579346,3.0366604328155518
rp1m_restore_hands,119,1.095172637668143,"[27, 34, 53]","[27, 34, 53]",[],7.011593818664551,3.0950655937194824
rp1m_restore_hands,0,1.1046575065614532,"[22, 50]",[],[],4.1874918937683105,1.9144946336746216
rp1m_restore_hands,1,0.6878539413988329,"[22, 50]",[],[],5.362028121948242,2.6591637134552
rp1m_restore_hands,2,0.6436890488627975,"[22, 50]",[],[],5.873545169830322,3.1014585494995117
rp1m_restore_hands,3,1.3558489734122665,"[22, 48, 50]",[],[],6.4970598220825195,3.1216681003570557
rp1m_restore_hands,4,2.282486496960159,"[22, 48]",[48],[],6.536345958709717,3.0645101070404053
rp1m_restore_hands,5,2.6293981964773923,"[22, 48]",[48],[],6.463200092315674,2.749483108520508
rp1m_restore_hands,6,2.2231378268739355,"[22, 48]","[23, 48]",[46],6.801428318023682,3.1051626205444336
rp1m_restore_hands,7,1.6432131948846038,"[22, 50]","[22, 24, 48]","[26, 27, 48]",6.166823387145996,3.005903959274292
rp1m_restore_hands,8,2.378676177388586,"[22, 50]",[22],[],6.502008438110352,3.1032838821411133
rp1m_restore_hands,9,0.7451833873485871,"[22, 50]",[22],[47],7.22221565246582,3.1178832054138184
rp1m_restore_hands,10,1.9832896932412496,"[22, 50]","[22, 48, 50]",[],6.699024200439453,3.106229543685913
rp1m_restore_hands,11,1.124803707503281,"[22, 50]","[22, 50]",[],6.539691925048828,3.004923105239868
rp1m_restore_hands,12,2.167162150048353,"[22, 50]","[22, 50]",[],6.4021806716918945,3.0393686294555664
rp1m_restore_hands,13,1.8151223315861538,"[22, 50]","[22, 50]",[],6.642247200012207,3.0470809936523438
rp1m_restore_hands,14,2.4416208545787277,"[22, 50]","[22, 50]",[],6.73236083984375,3.078171491622925
rp1m_restore_hands,15,2.7379486270452738,"[22, 50]","[22, 50]",[50],7.265827655792236,3.083540678024292
rp1m_restore_hands,16,2.0734138834129343,"[22, 50]","[22, 50]",[],6.546656131744385,2.9132678508758545
rp1m_restore_hands,17,2.300156330914157,"[22, 50]","[22, 50]",[],6.935360908508301,3.0757665634155273
rp1m_restore_hands,18,1.3196465057729765,"[22, 50]","[22, 50]",[31],6.640272617340088,3.1091105937957764
rp1m_restore_hands,19,1.4795678252358002,"[22, 50]","[22, 50]",[47],6.325384616851807,2.906810760498047
rp1m_restore_hands,20,1.5613778272114867,"[22, 50]","[22, 50]","[46, 47]",6.581197261810303,2.981119155883789
rp1m_restore_hands,21,1.8566632279245143,"[22, 50]","[22, 50]",[],7.430640697479248,3.050692558288574
rp1m_restore_hands,22,2.15610140443623,"[22, 50]","[22, 50]",[],6.751891136169434,3.0907809734344482
rp1m_restore_hands,23,1.4659112709366307,"[22, 50]","[22, 50]",[],6.784371852874756,3.1237716674804688
rp1m_restore_hands,24,1.7240762937548746,"[22, 50]","[22, 50]",[51],6.8439040184021,3.0887975692749023
rp1m_restore_hands,25,1.415202899513052,"[22, 34, 50]","[22, 50]",[33],7.0930657386779785,3.1179349422454834
rp1m_restore_hands,26,1.800904403809812,"[22, 34, 50]","[22, 50]",[33],6.922634124755859,3.0557162761688232
rp1m_restore_hands,27,0.9351711352146654,"[22, 34, 50]","[22, 50]",[33],6.321909427642822,2.7245421409606934
rp1m_restore_hands,28,1.858641780682342,"[22, 34, 50]","[20, 22, 50]","[33, 43]",5.880053997039795,2.8196728229522705
rp1m_restore_hands,29,0.9354791089606203,"[22, 34, 50]","[20, 22, 50]",[43],5.869408130645752,2.921795129776001
rp1m_restore_hands,30,0.795276329933639,"[22, 34, 50]","[22, 50]","[42, 43, 46]",4.824124336242676,2.3248953819274902
rp1m_restore_hands,31,1.6595216503393357,"[22, 34, 50]","[22, 50]","[43, 46]",5.648016929626465,2.52266788482666
rp1m_restore_hands,32,1.0192061175495144,"[22, 34, 50]","[22, 50]",[43],5.967806816101074,2.5730247497558594
rp1m_restore_hands,33,1.950331002227402,"[22, 34, 50]","[22, 50]",[43],6.0326948165893555,2.8997702598571777
rp1m_restore_hands,34,1.9476980368825139,"[22, 34, 50]","[22, 50]",[],5.77133321762085,2.459092378616333
rp1m_restore_hands,35,2.035471801081228,"[22, 34, 50]","[22, 50]",[],6.351499080657959,3.072795867919922
rp1m_restore_hands,36,1.4767860561920902,"[22, 34, 50]","[22, 50]",[],6.947193145751953,2.985661268234253
rp1m_restore_hands,37,0.7161068548494027,"[22, 34, 50, 51]","[22, 50]",[],6.566626071929932,3.1090943813323975
rp1m_restore_hands,38,2.079078057294337,"[22, 34, 51]","[22, 50]","[34, 36, 56]",6.333004951477051,3.103752374649048
rp1m_restore_hands,39,1.82185157536122,"[22, 34, 51]","[22, 51]",[56],6.187175750732422,3.0493340492248535
rp1m_restore_hands,40,2.148064021087009,"[22, 34, 51]","[22, 51]",[],6.515633583068848,3.050344705581665
rp1m_restore_hands,41,2.2384641560169567,"[22, 34, 51]","[22, 51]",[],6.428632736206055,3.0512824058532715
rp1m_restore_hands,42,2.045414960612723,"[22, 34, 51]","[22, 51]",[],6.685437202453613,3.131103992462158
rp1m_restore_hands,43,1.5099088505564993,"[22, 34, 51]","[22, 51]",[],6.591246604919434,3.0092809200286865
rp1m_restore_hands,44,0.5120549782744187,"[22, 34, 51]","[22, 51]",[],7.059749603271484,3.0740907192230225
rp1m_restore_hands,45,1.2313237628333769,"[22, 34, 51]","[22, 51]",[],7.020003795623779,3.0051238536834717
rp1m_restore_hands,46,1.722710152383162,"[22, 34, 51]","[22, 51]",[],6.795110702514648,2.8602654933929443
rp1m_restore_hands,47,1.6357632174130603,"[22, 34, 51]","[22, 51]",[],6.991787910461426,3.064493179321289
rp1m_restore_hands,48,1.8284832375513773,"[22, 34, 51]","[22, 51]","[31, 32]",7.038074970245361,3.1304075717926025
rp1m_restore_hands,49,1.5306568399845792,"[22, 34, 51]","[22, 51]",[31],6.632347583770752,3.0027945041656494
rp1m_restore_hands,50,1.5260061458821057,"[22, 31, 34, 50]","[22, 51]","[29, 31]",5.602960586547852,3.078994035720825
rp1m_restore_hands,51,1.064560670036857,"[31, 34, 50]",[],[],6.836488246917725,3.1060688495635986
rp1m_restore_hands,52,1.0714159949305653,"[31, 34, 50]",[50],[],7.626058101654053,3.0721137523651123
rp1m_restore_hands,53,1.2531272257398807,"[31, 34, 48, 50]","[34, 48, 50]",[],7.941427707672119,3.0462872982025146
rp1m_restore_hands,54,1.7792774201531842,"[31, 34, 48]","[31, 34, 48, 50]","[29, 31]",6.170502185821533,2.7577216625213623
rp1m_restore_hands,55,1.5436310661088903,"[31, 34, 48]","[31, 34, 36]",[50],6.518585205078125,3.1194896697998047
rp1m_restore_hands,56,2.1952847715156274,"[31, 34, 48, 50]","[31, 34, 48]","[50, 51]",7.424030780792236,3.0782124996185303
rp1m_restore_hands,57,1.8480039765629113,"[31, 34, 50]","[31, 34, 48]",[],6.961498260498047,2.7993156909942627
rp1m_restore_hands,58,1.84254301400555,"[31, 34, 50]","[31, 34, 48]",[32],6.631970405578613,2.9253108501434326
rp1m_restore_hands,59,1.8767637015803063,"[31, 34, 48, 50]","[31, 34, 48]",[],6.299686431884766,2.976512908935547
rp1m_restore_hands,60,1.7386158480043425,"[31, 34, 48]","[31, 34, 48]",[],6.409908294677734,2.941655397415161
rp1m_restore_hands,61,2.1185348553321446,"[31, 34, 48]","[31, 34, 48]",[],6.17336368560791,3.1178746223449707
rp1m_restore_hands,62,-0.03346414185434643,"[31, 34, 48]","[31, 34, 48]",[63],6.544992446899414,3.025651454925537
rp1m_restore_hands,63,0.3138079967323948,"[31, 34, 48]","[31, 34, 48]",[63],7.5018134117126465,3.110811471939087
rp1m_restore_hands,64,2.4062692706760993,"[31, 34, 48]","[31, 34, 48]",[],7.520875453948975,3.0622472763061523
rp1m_restore_hands,65,1.3759397326610163,"[31, 34, 48]","[31, 34, 48]","[48, 49, 50]",6.768738269805908,2.9752931594848633
rp1m_restore_hands,66,1.8770784137783352,"[31, 34, 48]","[31, 34, 48]",[],7.392825126647949,3.047924041748047
rp1m_restore_hands,67,2.1029666223243124,"[31, 34, 48]","[31, 34, 48]",[],8.017522811889648,3.134152889251709
rp1m_restore_hands,68,2.3040160533096334,"[31, 34, 46, 48]","[31, 34, 48]",[],7.893943786621094,3.0989246368408203
rp1m_restore_hands,69,2.0654588380868035,"[31, 34, 46]","[31, 34, 48]",[32],7.2122321128845215,3.0721588134765625
rp1m_restore_hands,70,2.031115038638848,"[31, 34, 46]","[31, 34, 50]",[],8.098892211914062,3.098041296005249
rp1m_restore_hands,71,1.150076882179704,"[31, 34, 46]","[31, 34, 46]",[],8.032772064208984,3.118147850036621
rp1m_restore_hands,72,1.337207456029462,"[31, 34, 46]","[31, 34, 46]",[],7.621572494506836,3.0055992603302
rp1m_restore_hands,73,2.013789518078051,"[31, 34, 46]","[31, 34, 46]",[],7.198462963104248,2.863346815109253
rp1m_restore_hands,74,2.084268439063785,"[31, 34, 46]","[31, 34, 46]",[],7.039668083190918,3.0357131958007812
rp1m_restore_hands,75,1.9369025829611204,"[26, 31, 34, 53]","[31, 34, 46]",[],7.104735374450684,3.0528175830841064
rp1m_restore_hands,76,2.1618131930475806,"[26, 34, 53]","[31, 34, 53]",[],7.019330978393555,2.9432077407836914
rp1m_restore_hands,77,2.4185063217566385,"[26, 34, 53]","[34, 53]",[],6.893612384796143,2.9913454055786133
rp1m_restore_hands,78,2.251534660701203,"[26, 34, 53]","[34, 53]",[],7.0644707679748535,3.0703959465026855
rp1m_restore_hands,79,1.5085715311197119,"[26, 34, 53]","[26, 27, 34, 53]",[],7.293242454528809,3.0279507637023926
rp1m_restore_hands,80,2.2960636506720067,"[26, 34, 53]","[26, 34, 53]",[],7.353274345397949,2.9643959999084473
rp1m_restore_hands,81,2.3663566866894836,"[26, 34, 53]","[26, 34, 53]",[],7.79345703125,3.0235977172851562
rp1m_restore_hands,82,2.402915719598711,"[26, 34, 53]","[26, 34, 53]",[],7.6320576667785645,3.041896343231201
rp1m_restore_hands,83,2.362071284176748,"[26, 34, 53]","[26, 34, 53]",[],7.529292106628418,3.0101664066314697
rp1m_restore_hands,84,2.092616735426088,"[26, 34, 53]","[26, 34, 53]",[],6.67240571975708,2.968526840209961
rp1m_restore_hands,85,2.353470185794579,"[26, 34, 53]","[26, 34, 53]",[],6.937347888946533,3.076643943786621
rp1m_restore_hands,86,2.153241914840577,"[26, 34, 53]","[26, 34, 53]",[],6.907736778259277,2.9890027046203613
rp1m_restore_hands,87,0.7600413739976547,"[26, 34, 53]","[26, 34, 53]",[],7.0671844482421875,2.769960880279541
rp1m_restore_hands,88,2.4424070562075815,"[26, 34, 53]","[26, 34, 53]",[],7.404341697692871,3.039018154144287
rp1m_restore_hands,89,2.1891955516346373,"[26, 34, 53]","[26, 34, 53]",[],6.6748809814453125,2.8545165061950684
rp1m_restore_hands,90,1.3250069561113722,"[26, 34, 53]","[26, 34, 53]",[],7.584272861480713,3.0368120670318604
rp1m_restore_hands,91,1.2039857561549008,"[26, 34, 53]","[26, 34, 53]",[],7.240078926086426,3.0319936275482178
rp1m_restore_hands,92,0.8644978893346899,"[26, 34, 53]","[26, 34, 53]",[24],7.2386627197265625,3.035645008087158
rp1m_restore_hands,93,2.1548253307356924,"[26, 34, 53]","[26, 34, 53]",[],6.880153179168701,3.02121901512146
rp1m_restore_hands,94,1.4424828000625711,"[26, 34, 53]","[26, 34, 53]",[24],6.643461227416992,3.026224136352539
rp1m_restore_hands,95,1.8900719992492594,"[26, 34, 53]","[26, 34, 53]",[],6.903325080871582,2.9965879917144775
rp1m_restore_hands,96,1.9012322955454455,"[26, 34, 53]","[26, 34, 53]",[],7.680163860321045,2.9643373489379883
rp1m_restore_hands,97,2.177122924745344,"[26, 34, 53]","[26, 34, 53]",[],7.754796028137207,3.046614408493042
rp1m_restore_hands,98,1.9766085544061585,"[26, 34, 53]","[26, 34, 53]",[],7.278674602508545,2.9770851135253906
rp1m_restore_hands,99,1.5865460648771166,"[26, 34, 53]","[26, 34, 53]",[],7.1303534507751465,3.1315412521362305
rp1m_restore_hands,100,1.9483251241043251,"[26, 27, 34]","[26, 34, 53]",[],6.525470733642578,3.0371713638305664
rp1m_restore_hands,101,1.5074912601738937,"[27, 34, 53]","[26, 34, 53]",[],6.779374599456787,2.748201370239258
rp1m_restore_hands,102,2.1028386230390512,"[27, 34, 53]","[34, 53]",[],7.105072498321533,2.9478867053985596
rp1m_restore_hands,103,2.267722896335683,"[27, 34, 53]","[34, 53]",[],7.1032209396362305,2.9991631507873535
rp1m_restore_hands,104,1.4863786055505195,"[27, 34, 53]","[27, 34, 53]","[29, 31]",7.250336647033691,3.0323684215545654
rp1m_restore_hands,105,1.4002459370612692,"[27, 34, 53]","[27, 34, 53]",[],7.1995530128479,2.968379020690918
rp1m_restore_hands,106,1.6591181363826255,"[27, 34, 53]","[27, 34, 53]",[25],7.132600784301758,2.8931195735931396
rp1m_restore_hands,107,1.601951189516191,"[27, 34, 53]","[27, 34, 53]","[41, 43]",7.266624450683594,2.9565181732177734
rp1m_restore_hands,108,1.2844444904426418,"[27, 34, 53]","[27, 34, 53]",[],7.373713970184326,3.1181790828704834
rp1m_restore_hands,109,1.7721833673012461,"[27, 34, 53]","[27, 34, 53]",[],6.704170227050781,3.083399534225464
rp1m_restore_hands,110,1.5972564837352954,"[27, 34, 53]","[27, 34, 53]",[],7.8341779708862305,3.035015344619751
rp1m_restore_hands,111,1.0753244880043837,"[27, 34, 53]","[27, 34, 53]",[],6.977077484130859,2.9652199745178223
rp1m_restore_hands,112,1.536687842952102,"[27, 34, 53]","[27, 34, 53]","[46, 48, 50]",6.868686676025391,2.9830360412597656
rp1m_restore_hands,113,2.07529752190535,"[27, 53]","[27, 34, 53]",[],6.738091945648193,3.0900440216064453
rp1m_restore_hands,114,1.5870007116604068,"[27, 34, 53]","[27, 53]",[56],7.620286464691162,3.127467632293701
rp1m_restore_hands,115,0.9669518553166451,"[27, 34, 53]","[27, 34, 53]",[31],7.4904584884643555,3.0950019359588623
rp1m_restore_hands,116,2.0616637242098115,"[27, 34, 53]","[27, 34, 53]",[],6.950978755950928,2.7519304752349854
rp1m_restore_hands,117,2.390003544665154,"[27, 34, 53]","[27, 34, 53]",[],7.2722554206848145,3.013038158416748
rp1m_restore_hands,118,1.9298175297287532,"[27, 34, 53]","[27, 34, 53]",[],6.792761325836182,2.9568488597869873
rp1m_restore_hands,119,1.4063638216957832,"[27, 34, 53]","[27, 34, 53]",[],6.381219863891602,2.9996752738952637
zero,0,2.0763452755013887,"[22, 50]",[],[],0.0,0.0
zero,1,2.0864306976211084,"[22, 50]",[],[],0.0,0.0
zero,2,2.090594405482662,"[22, 50]",[],[],0.0,0.0
zero,3,2.1028916489859157,"[22, 48, 50]",[],[],0.0,0.0
zero,4,2.115164673246054,"[22, 48]",[48],[],0.0,0.0
zero,5,2.1158462508238896,"[22, 48]",[48],[],0.0,0.0
zero,6,2.1164460870063175,"[22, 48]","[23, 48]",[],0.0,0.0
zero,7,2.1053751213398,"[22, 50]","[22, 24, 48]",[],0.0,0.0
zero,8,2.0946906100151477,"[22, 50]",[22],[],0.0,0.0
zero,9,2.095045652133906,"[22, 50]",[22],[],0.0,0.0
zero,10,2.095364264206576,"[22, 50]","[22, 48, 50]",[],0.0,0.0
zero,11,2.0956501963511642,"[22, 50]","[22, 50]",[],0.0,0.0
zero,12,2.095906816090261,"[22, 50]","[22, 50]",[],0.0,0.0
zero,13,2.0961371474169654,"[22, 50]","[22, 50]",[],0.0,0.0
zero,14,2.0963439053584816,"[22, 50]","[22, 50]",[],0.0,0.0
zero,15,2.096529525411672,"[22, 50]","[22, 50]",[],0.0,0.0
zero,16,2.096696190489207,"[22, 50]","[22, 50]",[],0.0,0.0
zero,17,2.096845859225625,"[22, 50]","[22, 50]",[],0.0,0.0
zero,18,2.096980287499566,"[22, 50]","[22, 50]",[],0.0,0.0
zero,19,2.0971010485243173,"[22, 50]","[22, 50]",[],0.0,0.0
zero,20,2.097209551690174,"[22, 50]","[22, 50]",[],0.0,0.0
zero,21,2.097307059615746,"[22, 50]","[22, 50]",[],0.0,0.0
zero,22,2.0973947034446203,"[22, 50]","[22, 50]",[],0.0,0.0
zero,23,2.097473496569104,"[22, 50]","[22, 50]",[],0.0,0.0
zero,24,2.0975443469422217,"[22, 50]","[22, 50]",[],0.0,0.0
zero,25,2.1003591937827957,"[22, 34, 50]","[22, 50]",[],0.0,0.0
zero,26,2.100415470416797,"[22, 34, 50]","[22, 50]",[],0.0,0.0
zero,27,2.1004660548414824,"[22, 34, 50]","[22, 50]",[],0.0,0.0
zero,28,2.1005115365894804,"[22, 34, 50]","[20, 22, 50]",[],0.0,0.0
zero,29,2.1005524427042648,"[22, 34, 50]","[20, 22, 50]",[],0.0,0.0
zero,30,2.1005892444956173,"[22, 34, 50]","[22, 50]",[],0.0,0.0
zero,31,2.100622363556501,"[22, 34, 50]","[22, 50]",[],0.0,0.0
zero,32,2.100652177121602,"[22, 34, 50]","[22, 50]",[],0.0,0.0
zero,33,2.100679022839472,"[22, 34, 50]","[22, 50]",[],0.0,0.0
zero,34,2.1007032030225625,"[22, 34, 50]","[22, 50]",[],0.0,0.0
zero,35,2.1007249884326207,"[22, 34, 50]","[22, 50]",[],0.0,0.0
zero,36,2.100744621652632,"[22, 34, 50]","[22, 50]",[],0.0,0.0
zero,37,2.1022641663000194,"[22, 34, 50, 51]","[22, 50]",[],0.0,0.0
zero,38,2.078040711481295,"[22, 34, 51]","[22, 50]",[],0.0,0.0
zero,39,2.078051808990993,"[22, 34, 51]","[22, 51]",[],0.0,0.0
zero,40,2.078061821049818,"[22, 34, 51]","[22, 51]",[],0.0,0.0
zero,41,2.0780708563112187,"[22, 34, 51]","[22, 51]",[],0.0,0.0
zero,42,2.078079012272929,"[22, 34, 51]","[22, 51]",[],0.0,0.0
zero,43,2.07808637645371,"[22, 34, 51]","[22, 51]",[],0.0,0.0
zero,44,2.0780930274426135,"[22, 34, 51]","[22, 51]",[],0.0,0.0
zero,45,2.0780990358349123,"[22, 34, 51]","[22, 51]",[],0.0,0.0
zero,46,2.0781044650672253,"[22, 34, 51]","[22, 51]",[],0.0,0.0
zero,47,2.078109372162979,"[22, 34, 51]","[22, 51]",[],0.0,0.0
zero,48,2.078113808398081,"[22, 34, 51]","[22, 51]",[],0.0,0.0
zero,49,2.0781178198955623,"[22, 34, 51]","[22, 51]",[],0.0,0.0
zero,50,2.101798476329061,"[22, 31, 34, 50]","[22, 51]",[],0.0,0.0
zero,51,2.1018026685827893,"[31, 34, 50]",[],[],0.0,0.0
zero,52,2.141370482330284,"[31, 34, 50]",[50],[],0.0,0.0
zero,53,2.1391154718817726,"[31, 34, 48, 50]","[34, 48, 50]",[],0.0,0.0
zero,54,2.157073106628979,"[31, 34, 48]","[31, 34, 48, 50]",[],0.0,0.0
zero,55,2.157077401479091,"[31, 34, 48]","[31, 34, 36]",[],0.0,0.0
zero,56,2.139126850436033,"[31, 34, 48, 50]","[31, 34, 48]",[],0.0,0.0
zero,57,2.1413900357671647,"[31, 34, 50]","[31, 34, 48]",[],0.0,0.0
zero,58,2.141392914909661,"[31, 34, 50]","[31, 34, 48]",[],0.0,0.0
zero,59,2.139135315557272,"[31, 34, 48, 50]","[31, 34, 48]",[],0.0,0.0
zero,60,2.1570935197308967,"[31, 34, 48]","[31, 34, 48]",[],0.0,0.0
zero,61,2.157095896223184,"[31, 34, 48]","[31, 34, 48]",[],0.0,0.0
zero,62,2.1570980510373143,"[31, 34, 48]","[31, 34, 48]",[],0.0,0.0
zero,63,2.1571000052460247,"[31, 34, 48]","[31, 34, 48]",[],0.0,0.0
zero,64,2.1571017778843777,"[31, 34, 48]","[31, 34, 48]",[],0.0,0.0
zero,65,2.1571033861508537,"[31, 34, 48]","[31, 34, 48]",[],0.0,0.0
zero,66,2.1571048455881225,"[31, 34, 48]","[31, 34, 48]",[],0.0,0.0
zero,67,2.157106170245596,"[31, 34, 48]","[31, 34, 48]",[],0.0,0.0
zero,68,2.132438964436755,"[31, 34, 46, 48]","[31, 34, 48]",[],0.0,0.0
zero,69,2.1569952658422915,"[31, 34, 46]","[31, 34, 48]",[],0.0,0.0
zero,70,2.156996252373017,"[31, 34, 46]","[31, 34, 50]",[],0.0,0.0
zero,71,2.156997148594292,"[31, 34, 46]","[31, 34, 46]",[],0.0,0.0
zero,72,2.1569979629634037,"[31, 34, 46]","[31, 34, 46]",[],0.0,0.0
zero,73,2.1569987031345597,"[31, 34, 46]","[31, 34, 46]",[],0.0,0.0
zero,74,2.1569993760364152,"[31, 34, 46]","[31, 34, 46]",[],0.0,0.0
zero,75,2.093501630084609,"[26, 31, 34, 53]","[31, 34, 46]",[],0.0,0.0
zero,76,2.0898075170308212,"[26, 34, 53]","[31, 34, 53]",[],0.0,0.0
zero,77,2.0898078216604485,"[26, 34, 53]","[34, 53]",[],0.0,0.0
zero,78,2.0898081012268843,"[26, 34, 53]","[34, 53]",[],0.0,0.0
zero,79,2.089808358016248,"[26, 34, 53]","[26, 27, 34, 53]",[],0.0,0.0
zero,80,2.0898085941026947,"[26, 34, 53]","[26, 34, 53]",[],0.0,0.0
zero,81,2.089808811368389,"[26, 34, 53]","[26, 34, 53]",[],0.0,0.0
zero,82,2.089809011521557,"[26, 34, 53]","[26, 34, 53]",[],0.0,0.0
zero,83,2.0898091961127987,"[26, 34, 53]","[26, 34, 53]",[],0.0,0.0
zero,84,2.089809366549854,"[26, 34, 53]","[26, 34, 53]",[],0.0,0.0
zero,85,2.089809524110942,"[26, 34, 53]","[26, 34, 53]",[],0.0,0.0
zero,86,2.089809669956847,"[26, 34, 53]","[26, 34, 53]",[],0.0,0.0
zero,87,2.0898098051418477,"[26, 34, 53]","[26, 34, 53]",[],0.0,0.0
zero,88,2.0898099306236135,"[26, 34, 53]","[26, 34, 53]",[],0.0,0.0
zero,89,2.0898100472721666,"[26, 34, 53]","[26, 34, 53]",[],0.0,0.0
zero,90,2.0898101558780016,"[26, 34, 53]","[26, 34, 53]",[],0.0,0.0
zero,91,2.089810257159435,"[26, 34, 53]","[26, 34, 53]",[],0.0,0.0
zero,92,2.0898103517692723,"[26, 34, 53]","[26, 34, 53]",[],0.0,0.0
zero,93,2.0898104403008464,"[26, 34, 53]","[26, 34, 53]",[],0.0,0.0
zero,94,2.0898105232934925,"[26, 34, 53]","[26, 34, 53]",[],0.0,0.0
zero,95,2.0898106012375135,"[26, 34, 53]","[26, 34, 53]",[],0.0,0.0
zero,96,2.0898106745786804,"[26, 34, 53]","[26, 34, 53]",[],0.0,0.0
zero,97,2.0898107437223166,"[26, 34, 53]","[26, 34, 53]",[],0.0,0.0
zero,98,2.0898108090370036,"[26, 34, 53]","[26, 34, 53]",[],0.0,0.0
zero,99,2.0898108708579404,"[26, 34, 53]","[26, 34, 53]",[],0.0,0.0
zero,100,2.0705554155965884,"[26, 27, 34]","[26, 34, 53]",[],0.0,0.0
zero,101,2.0795184044729886,"[27, 34, 53]","[26, 34, 53]",[],0.0,0.0
zero,102,2.1024791115770087,"[27, 34, 53]","[34, 53]",[],0.0,0.0
zero,103,2.1024791687414015,"[27, 34, 53]","[34, 53]",[],0.0,0.0
zero,104,2.1024792233847873,"[27, 34, 53]","[27, 34, 53]",[],0.0,0.0
zero,105,2.1024792757229562,"[27, 34, 53]","[27, 34, 53]",[],0.0,0.0
zero,106,2.102479325952265,"[27, 34, 53]","[27, 34, 53]",[],0.0,0.0
zero,107,2.1024793742514056,"[27, 34, 53]","[27, 34, 53]",[],0.0,0.0
zero,108,2.102479420783006,"[27, 34, 53]","[27, 34, 53]",[],0.0,0.0
zero,109,2.102479465695084,"[27, 34, 53]","[27, 34, 53]",[],0.0,0.0
zero,110,2.1024795091223742,"[27, 34, 53]","[27, 34, 53]",[],0.0,0.0
zero,111,2.102479551187529,"[27, 34, 53]","[27, 34, 53]",[],0.0,0.0
zero,112,2.1024795920022092,"[27, 34, 53]","[27, 34, 53]",[],0.0,0.0
zero,113,2.1005155183674242,"[27, 53]","[27, 34, 53]",[],0.0,0.0
zero,114,2.1024796702777158,"[27, 34, 53]","[27, 53]",[],0.0,0.0
zero,115,2.1024797079154123,"[27, 34, 53]","[27, 34, 53]",[],0.0,0.0
zero,116,2.1024797446579435,"[27, 34, 53]","[27, 34, 53]",[],0.0,0.0
zero,117,2.1024797805752327,"[27, 34, 53]","[27, 34, 53]",[],0.0,0.0
zero,118,2.1024798157309736,"[27, 34, 53]","[27, 34, 53]",[],0.0,0.0
zero,119,2.1024798501831894,"[27, 34, 53]","[27, 34, 53]",[],0.0,0.0
rp1m_reset_only,0,1.9000362001318853,"[22, 50]",[],[],2.6899521350860596,1.2783206701278687
rp1m_reset_only,1,1.7220783973070155,"[22, 50]",[],[],3.710949420928955,2.0420403480529785
rp1m_reset_only,2,1.7953822687256713,"[22, 50]",[],[],4.5620198249816895,1.6350353956222534
rp1m_reset_only,3,1.9982182510181041,"[22, 48, 50]",[],[],5.669368743896484,2.5738701820373535
rp1m_reset_only,4,2.391695350917027,"[22, 48]",[48],[],6.21337366104126,3.0660898685455322
rp1m_reset_only,5,2.6480551289003342,"[22, 48]",[48],[],6.545382022857666,3.126506805419922
rp1m_reset_only,6,2.2756954815878436,"[22, 48]","[23, 48]","[14, 15]",6.805098533630371,3.0970723628997803
rp1m_reset_only,7,2.6817946840184117,"[22, 50]","[22, 24, 48]",[],6.856607913970947,3.123786687850952
rp1m_reset_only,8,2.574578375297169,"[22, 50]",[22],[],7.048792362213135,3.1126904487609863
rp1m_reset_only,9,2.7402154802507512,"[22, 50]",[22],[],7.005462169647217,3.05721116065979
rp1m_reset_only,10,2.5446024731054013,"[22, 50]","[22, 48, 50]",[],7.278613090515137,3.003262519836426
rp1m_reset_only,11,2.441430348289807,"[22, 50]","[22, 50]",[],7.11920166015625,2.9922614097595215
rp1m_reset_only,12,2.4211131189397683,"[22, 50]","[22, 50]",[],7.537917613983154,3.0482733249664307
rp1m_reset_only,13,1.883394906444245,"[22, 50]","[22, 50]",[49],7.249638080596924,3.0464060306549072
rp1m_reset_only,14,2.627192734546092,"[22, 50]","[22, 50]",[],7.285197734832764,3.004523515701294
rp1m_reset_only,15,2.1706211126732313,"[22, 50]","[22, 50]",[13],7.5008344650268555,3.128988265991211
rp1m_reset_only,16,2.4195087810170506,"[22, 50]","[22, 50]",[],7.527334213256836,3.1029584407806396
rp1m_reset_only,17,2.4541647504169757,"[22, 50]","[22, 50]",[],7.333759307861328,3.108198404312134
rp1m_reset_only,18,2.0170527368172766,"[22, 50]","[22, 50]",[13],7.348487854003906,3.1337742805480957
rp1m_reset_only,19,2.030341372778019,"[22, 50]","[22, 50]","[13, 46]",7.441401481628418,3.060220241546631
rp1m_reset_only,20,2.1687502193960126,"[22, 50]","[22, 50]",[13],7.554788112640381,3.079604387283325
rp1m_reset_only,21,2.0229667048370232,"[22, 50]","[22, 50]",[46],7.40878963470459,2.9933667182922363
rp1m_reset_only,22,2.137490380552819,"[22, 50]","[22, 50]",[46],7.295293807983398,2.982585906982422
rp1m_reset_only,23,2.2255448326788176,"[22, 50]","[22, 50]","[15, 46]",7.037328243255615,3.1034741401672363
rp1m_reset_only,24,2.218985724409527,"[22, 50]","[22, 50]","[15, 46]",7.106387615203857,3.0374233722686768
rp1m_reset_only,25,1.8511432981106186,"[22, 34, 50]","[22, 50]",[17],7.047208309173584,3.098130941390991
rp1m_reset_only,26,2.372043260858365,"[22, 34, 50]","[22, 50]",[],7.331284999847412,3.0860049724578857
rp1m_reset_only,27,1.9417158782835648,"[22, 34, 50]","[22, 50]",[21],7.341503143310547,3.1136393547058105
rp1m_reset_only,28,2.0325394429919985,"[22, 34, 50]","[20, 22, 50]",[20],7.561102390289307,3.0575811862945557
rp1m_reset_only,29,2.133036174917783,"[22, 34, 50]","[20, 22, 50]",[20],7.922338008880615,3.0412347316741943
rp1m_reset_only,30,2.2034751955535343,"[22, 34, 50]","[22, 50]",[20],7.8109049797058105,3.1119601726531982
rp1m_reset_only,31,2.2469716253397634,"[22, 34, 50]","[22, 50]",[20],8.315778732299805,3.095654249191284
rp1m_reset_only,32,2.4141948582128165,"[22, 34, 50]","[22, 50]","[20, 50]",7.875421524047852,3.087696075439453
rp1m_reset_only,33,2.4986671860376,"[22, 34, 50]","[22, 50]","[20, 50]",8.16440200805664,3.109581232070923
rp1m_reset_only,34,2.410660442864037,"[22, 34, 50]","[22, 50]",[],8.01318073272705,3.1223647594451904
rp1m_reset_only,35,2.4184234201248205,"[22, 34, 50]","[22, 50]",[50],7.6860246658325195,3.0962345600128174
rp1m_reset_only,36,2.6355081582561306,"[22, 34, 50]","[22, 50]",[50],7.843501091003418,3.0588741302490234
rp1m_reset_only,37,2.176245768448643,"[22, 34, 50, 51]","[22, 50]","[49, 50]",7.10724401473999,3.0457510948181152
rp1m_reset_only,38,2.006033961600805,"[22, 34, 51]","[22, 50]","[19, 50]",7.208171844482422,3.057481050491333
rp1m_reset_only,39,2.1270526890595245,"[22, 34, 51]","[22, 51]","[19, 50]",7.326512336730957,2.910423994064331
rp1m_reset_only,40,2.0936591726770155,"[22, 34, 51]","[22, 51]",[50],7.569206714630127,3.0766677856445312
rp1m_reset_only,41,2.1310756746130517,"[22, 34, 51]","[22, 51]","[19, 50]",7.387592315673828,2.909541368484497
rp1m_reset_only,42,1.9138114118333425,"[22, 34, 51]","[22, 51]",[50],7.592942237854004,3.088259696960449
rp1m_reset_only,43,2.4162678237012605,"[22, 34, 51]","[22, 51]",[],7.486659049987793,3.0038774013519287
rp1m_reset_only,44,2.4134544902394177,"[22, 34, 51]","[22, 51]",[],7.592639923095703,3.0272953510284424
rp1m_reset_only,45,2.413621739846297,"[22, 34, 51]","[22, 51]",[],7.106729030609131,3.067197799682617
rp1m_reset_only,46,2.522212181085021,"[22, 34, 51]","[22, 51]",[],7.885537624359131,3.1139609813690186
rp1m_reset_only,47,2.5193791474368044,"[22, 34, 51]","[22, 51]",[],7.7110676765441895,3.0278310775756836
rp1m_reset_only,48,2.5132385578184224,"[22, 34, 51]","[22, 51]",[],7.605466842651367,3.0264596939086914
rp1m_reset_only,49,2.1302906908382497,"[22, 34, 51]","[22, 51]","[48, 50]",7.956106662750244,3.006915807723999
rp1m_reset_only,50,1.7474536497700295,"[22, 31, 34, 50]","[22, 51]","[48, 50]",7.530002117156982,3.0609583854675293
rp1m_reset_only,51,1.9549922594690616,"[31, 34, 50]",[],[],7.052938461303711,2.8809006214141846
rp1m_reset_only,52,2.250702649354232,"[31, 34, 50]",[50],[],7.123826503753662,3.0507664680480957
rp1m_reset_only,53,2.1241642312788978,"[31, 34, 48, 50]","[34, 48, 50]",[],6.512943267822266,2.9235947132110596
rp1m_reset_only,54,1.9526469578785979,"[31, 34, 48]","[31, 34, 48, 50]",[44],6.688486099243164,2.6008083820343018
rp1m_reset_only,55,2.082913791526236,"[31, 34, 48]","[31, 34, 36]","[28, 44, 46]",6.5021820068359375,2.9696223735809326
rp1m_reset_only,56,2.128009773447019,"[31, 34, 48, 50]","[31, 34, 48]","[28, 44, 46]",6.924265384674072,2.9989728927612305
rp1m_reset_only,57,2.482190505254093,"[31, 34, 50]","[31, 34, 48]",[],6.9554033279418945,2.871089220046997
rp1m_reset_only,58,2.404483445268571,"[31, 34, 50]","[31, 34, 48]",[],6.43796443939209,2.766000270843506
rp1m_reset_only,59,2.1674607753753343,"[31, 34, 48, 50]","[31, 34, 48]","[46, 48]",6.344822406768799,2.945133686065674
rp1m_reset_only,60,2.0489211091633637,"[31, 34, 48]","[31, 34, 48]","[46, 48]",6.471888542175293,3.032139778137207
rp1m_reset_only,61,1.966456878693462,"[31, 34, 48]","[31, 34, 48]",[46],5.981672286987305,2.836822509765625
rp1m_reset_only,62,1.9477249026495311,"[31, 34, 48]","[31, 34, 48]","[25, 28]",7.165663719177246,3.000276803970337
rp1m_reset_only,63,2.094909166967042,"[31, 34, 48]","[31, 34, 48]",[28],7.094571590423584,3.083087921142578
rp1m_reset_only,64,2.0242240989199085,"[31, 34, 48]","[31, 34, 48]","[25, 28]",6.963079452514648,2.978496551513672
rp1m_reset_only,65,2.0285806405637894,"[31, 34, 48]","[31, 34, 48]","[25, 28, 43, 44]",7.164243698120117,3.069657802581787
rp1m_reset_only,66,2.049518364852587,"[31, 34, 48]","[31, 34, 48]","[25, 28]",7.01842737197876,2.9784951210021973
rp1m_reset_only,67,2.0417750297248705,"[31, 34, 48]","[31, 34, 48]",[28],6.624687194824219,2.977207899093628
rp1m_reset_only,68,2.5092500735876353,"[31, 34, 46, 48]","[31, 34, 48]",[],6.507491588592529,2.960986852645874
rp1m_reset_only,69,2.307419395726618,"[31, 34, 46]","[31, 34, 48]",[],7.191199779510498,2.839066505432129
rp1m_reset_only,70,2.4142554686497046,"[31, 34, 46]","[31, 34, 50]",[],7.0690131187438965,2.820056200027466
rp1m_reset_only,71,1.9154908940895479,"[31, 34, 46]","[31, 34, 46]","[43, 50]",7.18255615234375,2.9867913722991943
rp1m_reset_only,72,1.909399064123608,"[31, 34, 46]","[31, 34, 46]","[43, 47, 50]",6.626301288604736,2.7869129180908203
rp1m_reset_only,73,1.7854434038388893,"[31, 34, 46]","[31, 34, 46]",[43],6.480910301208496,2.72088623046875
rp1m_reset_only,74,2.274999542701672,"[31, 34, 46]","[31, 34, 46]",[],6.998073101043701,2.956972122192383
rp1m_reset_only,75,1.8154062109206532,"[26, 31, 34, 53]","[31, 34, 46]","[50, 51]",6.44008207321167,3.1169795989990234
rp1m_reset_only,76,1.8703636865234907,"[26, 34, 53]","[31, 34, 53]",[50],7.438863277435303,2.915083885192871
rp1m_reset_only,77,2.00675475660307,"[26, 34, 53]","[34, 53]",[50],6.670732021331787,2.997030019760132
rp1m_reset_only,78,1.9106724013024596,"[26, 34, 53]","[34, 53]",[50],6.736526966094971,3.031752347946167
rp1m_reset_only,79,2.4232665986070585,"[26, 34, 53]","[26, 27, 34, 53]",[],6.933531284332275,3.0307810306549072
rp1m_reset_only,80,2.4756593472176163,"[26, 34, 53]","[26, 34, 53]",[],6.623515605926514,2.976879119873047
rp1m_reset_only,81,1.8895875975404177,"[26, 34, 53]","[26, 34, 53]",[50],6.966291427612305,3.070748805999756
rp1m_reset_only,82,1.9064158188151143,"[26, 34, 53]","[26, 34, 53]",[50],6.465141773223877,2.88006591796875
rp1m_reset_only,83,1.8199062377999888,"[26, 34, 53]","[26, 34, 53]","[28, 50]",6.623243808746338,3.042971611022949
rp1m_reset_only,84,2.450390295735928,"[26, 34, 53]","[26, 34, 53]",[],6.705081939697266,3.0821778774261475
rp1m_reset_only,85,2.4270459904941974,"[26, 34, 53]","[26, 34, 53]",[],6.564391136169434,2.9883172512054443
rp1m_reset_only,86,1.9525981077409305,"[26, 34, 53]","[26, 34, 53]","[21, 29, 50, 51]",6.598036766052246,3.0992696285247803
rp1m_reset_only,87,1.7706032506947726,"[26, 34, 53]","[26, 34, 53]","[21, 29]",6.9047980308532715,3.1076643466949463
rp1m_reset_only,88,1.8971957234978665,"[26, 34, 53]","[26, 34, 53]","[21, 29]",6.913014888763428,3.081958532333374
rp1m_reset_only,89,1.8533582893332086,"[26, 34, 53]","[26, 34, 53]","[21, 29]",6.672297477722168,3.076859474182129
rp1m_reset_only,90,1.828324087668948,"[26, 34, 53]","[26, 34, 53]",[21],6.640063285827637,3.059319257736206
rp1m_reset_only,91,1.8298588337850736,"[26, 34, 53]","[26, 34, 53]","[21, 29]",6.702212810516357,2.979490280151367
rp1m_reset_only,92,2.1283196570054788,"[26, 34, 53]","[26, 34, 53]",[],6.560758590698242,3.077103614807129
rp1m_reset_only,93,1.904185443843577,"[26, 34, 53]","[26, 34, 53]","[27, 29]",6.743498802185059,3.0776779651641846
rp1m_reset_only,94,2.3794218130994294,"[26, 34, 53]","[26, 34, 53]",[],7.181492805480957,2.9937567710876465
rp1m_reset_only,95,1.9814114796292466,"[26, 34, 53]","[26, 34, 53]","[22, 27, 29]",6.585668563842773,3.1079750061035156
rp1m_reset_only,96,1.9717846785048292,"[26, 34, 53]","[26, 34, 53]","[22, 29, 50]",6.800487518310547,3.1290221214294434
rp1m_reset_only,97,2.3670460376222593,"[26, 34, 53]","[26, 34, 53]",[],6.091978549957275,2.5792794227600098
rp1m_reset_only,98,2.4070490556339474,"[26, 34, 53]","[26, 34, 53]",[],6.524655818939209,2.9234161376953125
rp1m_reset_only,99,2.3776276016812394,"[26, 34, 53]","[26, 34, 53]",[],6.483126640319824,2.830045461654663
rp1m_reset_only,100,2.099486905158687,"[26, 27, 34]","[26, 34, 53]","[23, 29, 31]",5.6983418464660645,2.9908347129821777
rp1m_reset_only,101,2.022020292252966,"[27, 34, 53]","[26, 34, 53]",[51],6.7898101806640625,3.0265307426452637
rp1m_reset_only,102,2.3706380044437987,"[27, 34, 53]","[34, 53]",[],6.124796390533447,2.7303221225738525
rp1m_reset_only,103,2.484524354869632,"[27, 34, 53]","[34, 53]",[],6.665530681610107,2.9288721084594727
rp1m_reset_only,104,2.423679209028726,"[27, 34, 53]","[27, 34, 53]",[],6.890538215637207,3.0605640411376953
rp1m_reset_only,105,2.2068572016012493,"[27, 34, 53]","[27, 34, 53]",[],7.121195316314697,2.986502170562744
rp1m_reset_only,106,1.9719078452845622,"[27, 34, 53]","[27, 34, 53]",[23],6.939341068267822,2.90437912940979
rp1m_reset_only,107,2.174233531057003,"[27, 34, 53]","[27, 34, 53]",[23],6.7930755615234375,2.87520694732666
rp1m_reset_only,108,2.3845460212840583,"[27, 34, 53]","[27, 34, 53]",[],6.704234600067139,2.9379944801330566
rp1m_reset_only,109,2.0593601905702426,"[27, 34, 53]","[27, 34, 53]",[23],6.69993782043457,3.034571647644043
rp1m_reset_only,110,2.5425305015359236,"[27, 34, 53]","[27, 34, 53]",[],7.237823486328125,2.9821953773498535
rp1m_reset_only,111,2.1031339570069734,"[27, 34, 53]","[27, 34, 53]","[25, 50, 51]",6.700221538543701,2.9465298652648926
rp1m_reset_only,112,2.2009215397113335,"[27, 34, 53]","[27, 34, 53]","[25, 51]",6.96389627456665,3.058330535888672
rp1m_reset_only,113,2.1272477275199595,"[27, 53]","[27, 34, 53]","[25, 51]",6.849857330322266,3.0210065841674805
rp1m_reset_only,114,2.2038316370808895,"[27, 34, 53]","[27, 53]","[25, 31, 51]",6.9527363777160645,2.9880106449127197
rp1m_reset_only,115,2.2900692147591375,"[27, 34, 53]","[27, 34, 53]",[],6.7714056968688965,2.873784065246582
rp1m_reset_only,116,2.543016687823635,"[27, 34, 53]","[27, 34, 53]",[],7.175209999084473,3.0774571895599365
rp1m_reset_only,117,2.525658158029981,"[27, 34, 53]","[27, 34, 53]",[],6.927412986755371,3.0932817459106445
rp1m_reset_only,118,2.1508416381332345,"[27, 34, 53]","[27, 34, 53]","[25, 31, 50, 51]",6.849759101867676,2.8264386653900146
rp1m_reset_only,119,2.180563604450387,"[27, 34, 53]","[27, 34, 53]",[],6.899339199066162,3.07694149017334
rp1m_reset_only,0,0.6388681524841271,"[22, 50]",[],[],2.738010883331299,1.2783206701278687
rp1m_reset_only,1,0.7264173816118826,"[22, 50]",[],[],3.750699520111084,2.0420403480529785
rp1m_reset_only,2,0.9701346401962364,"[22, 50]",[],[],4.581932067871094,1.6350353956222534
rp1m_reset_only,3,0.8388857733495859,"[22, 48, 50]",[],[],5.6900553703308105,2.5738701820373535
rp1m_reset_only,4,1.420161417849422,"[22, 48]",[48],[],6.2392988204956055,3.0660898685455322
rp1m_reset_only,5,1.2662534531680696,"[22, 48]",[48],[44],6.568543910980225,3.126506805419922
rp1m_reset_only,6,1.5055237769044862,"[22, 48]","[23, 48]",[44],6.8242878913879395,3.0970723628997803
rp1m_reset_only,7,1.9291021718714616,"[22, 50]","[22, 24, 48]",[],6.879662990570068,3.123786687850952
rp1m_reset_only,8,1.6476124805670644,"[22, 50]",[22],[],7.065008640289307,3.1126904487609863
rp1m_reset_only,9,1.4246245438571685,"[22, 50]",[22],[],7.023361682891846,3.05721116065979
rp1m_reset_only,10,1.54331490716006,"[22, 50]","[22, 48, 50]",[],7.295759201049805,3.003262519836426
rp1m_reset_only,11,1.5469150328577166,"[22, 50]","[22, 50]",[],7.136491298675537,2.9922614097595215
rp1m_reset_only,12,1.6133236109992106,"[22, 50]","[22, 50]",[],7.558681964874268,3.0482733249664307
rp1m_reset_only,13,1.1964660925041979,"[22, 50]","[22, 50]",[30],7.268760681152344,3.0464060306549072
rp1m_reset_only,14,1.8727118788403372,"[22, 50]","[22, 50]",[],7.302225589752197,3.004523515701294
rp1m_reset_only,15,1.3702015106105419,"[22, 50]","[22, 50]","[43, 44]",7.51543664932251,3.128988265991211
rp1m_reset_only,16,1.5936374024239928,"[22, 50]","[22, 50]",[],7.547603130340576,3.1029584407806396
rp1m_reset_only,17,1.79803206753426,"[22, 50]","[22, 50]",[],7.348790168762207,3.108198404312134
rp1m_reset_only,18,1.7507999692292264,"[22, 50]","[22, 50]",[],7.366385459899902,3.1337742805480957
rp1m_reset_only,19,1.2983172919904051,"[22, 50]","[22, 50]",[44],7.4587249755859375,3.060220241546631
rp1m_reset_only,20,1.1447337544668486,"[22, 50]","[22, 50]",[44],7.57201623916626,3.079604387283325
rp1m_reset_only,21,1.5461804885449433,"[22, 50]","[22, 50]",[],7.423892974853516,2.9933667182922363
rp1m_reset_only,22,1.2580866162120143,"[22, 50]","[22, 50]",[31],7.309244632720947,2.982585906982422
rp1m_reset_only,23,1.2832025138771959,"[22, 50]","[22, 50]","[31, 42]",7.051370143890381,3.1034741401672363
rp1m_reset_only,24,1.096086196072727,"[22, 50]","[22, 50]","[31, 42]",7.118016242980957,3.0374233722686768
rp1m_reset_only,25,1.1742030687422724,"[22, 34, 50]","[22, 50]",[42],7.058956146240234,3.098130941390991
rp1m_reset_only,26,1.7645405415206923,"[22, 34, 50]","[22, 50]",[],7.341564655303955,3.0860049724578857
rp1m_reset_only,27,1.1914156710944575,"[22, 34, 50]","[22, 50]",[42],7.355739116668701,3.1136393547058105
rp1m_reset_only,28,1.3270978157408475,"[22, 34, 50]","[20, 22, 50]",[44],7.5719685554504395,3.0575811862945557
rp1m_reset_only,29,1.1812203129295524,"[22, 34, 50]","[20, 22, 50]",[44],7.938532829284668,3.0412347316741943
rp1m_reset_only,30,1.330513848174545,"[22, 34, 50]","[22, 50]",[44],7.8263654708862305,3.1119601726531982
rp1m_reset_only,31,1.3254183379072937,"[22, 34, 50]","[22, 50]",[44],8.327579498291016,3.095654249191284
rp1m_reset_only,32,1.4110774690640995,"[22, 34, 50]","[22, 50]","[31, 44]",7.8873138427734375,3.087696075439453
rp1m_reset_only,33,1.4021262191166608,"[22, 34, 50]","[22, 50]",[44],8.177510261535645,3.109581232070923
rp1m_reset_only,34,1.7293809336307275,"[22, 34, 50]","[22, 50]",[],8.02664566040039,3.1223647594451904
rp1m_reset_only,35,1.2239094488246787,"[22, 34, 50]","[22, 50]",[32],7.6982879638671875,3.0962345600128174
rp1m_reset_only,36,1.565777147202482,"[22, 34, 50]","[22, 50]","[32, 34]",7.857161045074463,3.0588741302490234
rp1m_reset_only,37,1.4162351375180153,"[22, 34, 50, 51]","[22, 50]","[34, 35]",7.122504711151123,3.0457510948181152
rp1m_reset_only,38,2.1875835862500446,"[22, 34, 51]","[22, 50]","[34, 51]",7.224579334259033,3.057481050491333
rp1m_reset_only,39,2.44951090551277,"[22, 34, 51]","[22, 51]","[34, 51]",7.339931964874268,2.910423994064331
rp1m_reset_only,40,2.1976865953685376,"[22, 34, 51]","[22, 51]",[34],7.582585334777832,3.0766677856445312
rp1m_reset_only,41,2.4596253753854613,"[22, 34, 51]","[22, 51]","[34, 51]",7.404083728790283,2.909541368484497
rp1m_reset_only,42,1.960526724833974,"[22, 34, 51]","[22, 51]",[34],7.607419967651367,3.088259696960449
rp1m_reset_only,43,1.9626063917419143,"[22, 34, 51]","[22, 51]",[34],7.500082969665527,3.0038774013519287
rp1m_reset_only,44,1.810847737468225,"[22, 34, 51]","[22, 51]",[],7.605032444000244,3.0272953510284424
rp1m_reset_only,45,1.856035375788542,"[22, 34, 51]","[22, 51]",[],7.122439861297607,3.067197799682617
rp1m_reset_only,46,1.426299330133806,"[22, 34, 51]","[22, 51]",[37],7.899733066558838,3.1139609813690186
rp1m_reset_only,47,2.033494092683535,"[22, 34, 51]","[22, 51]",[],7.723423480987549,3.0278310775756836
rp1m_reset_only,48,1.5075942640285354,"[22, 34, 51]","[22, 51]",[37],7.617432594299316,3.0264596939086914
rp1m_reset_only,49,1.6171548351310652,"[22, 34, 51]","[22, 51]",[37],7.966663360595703,3.006915807723999
rp1m_reset_only,50,1.1993418166052123,"[22, 31, 34, 50]","[22, 51]",[37],7.53648042678833,3.0609583854675293
rp1m_reset_only,51,1.6197280232300486,"[31, 34, 50]",[],[],7.056753158569336,2.8809006214141846
rp1m_reset_only,52,1.6216739812898084,"[31, 34, 50]",[50],[],7.13033390045166,3.0507664680480957
rp1m_reset_only,53,1.6711933964685732,"[31, 34, 48, 50]","[34, 48, 50]",[],6.522511959075928,2.9235947132110596
rp1m_reset_only,54,1.5342386615529424,"[31, 34, 48]","[31, 34, 48, 50]","[36, 38]",6.701390266418457,2.6008083820343018
rp1m_reset_only,55,1.7414654616176513,"[31, 34, 48]","[31, 34, 36]","[36, 45, 49]",6.5182881355285645,2.9696223735809326
rp1m_reset_only,56,1.7858463769804296,"[31, 34, 48, 50]","[31, 34, 48]","[36, 45, 49]",6.937769889831543,2.9989728927612305
rp1m_reset_only,57,2.118129907645207,"[31, 34, 50]","[31, 34, 48]",[],6.9682087898254395,2.871089220046997
rp1m_reset_only,58,1.773778079505402,"[31, 34, 50]","[31, 34, 48]","[34, 36]",6.448976516723633,2.766000270843506
rp1m_reset_only,59,1.6051278412530496,"[31, 34, 48, 50]","[31, 34, 48]","[34, 36]",6.351630210876465,2.945133686065674
rp1m_reset_only,60,1.669271941609312,"[31, 34, 48]","[31, 34, 48]","[32, 34, 36]",6.485159397125244,3.032139778137207
rp1m_reset_only,61,1.7571639715874685,"[31, 34, 48]","[31, 34, 48]","[34, 36]",5.997111797332764,2.836822509765625
rp1m_reset_only,62,1.4888295426695553,"[31, 34, 48]","[31, 34, 48]","[44, 47]",7.175586700439453,3.000276803970337
rp1m_reset_only,63,1.6068920524020642,"[31, 34, 48]","[31, 34, 48]",[47],7.108176231384277,3.083087921142578
rp1m_reset_only,64,1.7498138361866826,"[31, 34, 48]","[31, 34, 48]",[47],6.97681999206543,2.978496551513672
rp1m_reset_only,65,1.9074139984650773,"[31, 34, 48]","[31, 34, 48]","[34, 36, 47]",7.175107955932617,3.069657802581787
rp1m_reset_only,66,1.7068817134052114,"[31, 34, 48]","[31, 34, 48]",[47],7.029385566711426,2.9784951210021973
rp1m_reset_only,67,1.7584623239597155,"[31, 34, 48]","[31, 34, 48]",[47],6.63576602935791,2.977207899093628
rp1m_reset_only,68,2.0930597720575865,"[31, 34, 46, 48]","[31, 34, 48]",[],6.523026943206787,2.960986852645874
rp1m_reset_only,69,2.0190514258980277,"[31, 34, 46]","[31, 34, 48]",[],7.202756404876709,2.839066505432129
rp1m_reset_only,70,2.064523880375505,"[31, 34, 46]","[31, 34, 50]",[],7.079855442047119,2.820056200027466
rp1m_reset_only,71,1.5535423117262877,"[31, 34, 46]","[31, 34, 46]",[32],7.196559906005859,2.9867913722991943
rp1m_reset_only,72,1.4817309582558233,"[31, 34, 46]","[31, 34, 46]","[26, 27, 28, 32]",6.645525932312012,2.7869129180908203
rp1m_reset_only,73,1.5738783510302596,"[31, 34, 46]","[31, 34, 46]",[32],6.493757724761963,2.72088623046875
rp1m_reset_only,74,2.0693903570023138,"[31, 34, 46]","[31, 34, 46]",[],7.013535499572754,2.956972122192383
rp1m_reset_only,75,2.1405711696947374,"[26, 31, 34, 53]","[31, 34, 46]",[26],6.458559989929199,3.1169795989990234
rp1m_reset_only,76,2.0466283992621923,"[26, 34, 53]","[31, 34, 53]",[26],7.45065450668335,2.915083885192871
rp1m_reset_only,77,2.152561955976181,"[26, 34, 53]","[34, 53]",[26],6.690089702606201,2.997030019760132
rp1m_reset_only,78,2.1087218042677836,"[26, 34, 53]","[34, 53]",[26],6.749589920043945,3.031752347946167
rp1m_reset_only,79,1.8572772204469912,"[26, 34, 53]","[26, 27, 34, 53]",[],6.944590091705322,3.0307810306549072
rp1m_reset_only,80,1.9782521596477878,"[26, 34, 53]","[26, 34, 53]",[],6.63532018661499,2.976879119873047
rp1m_reset_only,81,1.5115368500648465,"[26, 34, 53]","[26, 34, 53]","[26, 27]",6.975393295288086,3.070748805999756
rp1m_reset_only,82,1.567350452412366,"[26, 34, 53]","[26, 34, 53]",[27],6.478960037231445,2.88006591796875
rp1m_reset_only,83,1.294265753245938,"[26, 34, 53]","[26, 34, 53]",[27],6.637714385986328,3.042971611022949
rp1m_reset_only,84,1.9543501864351382,"[26, 34, 53]","[26, 34, 53]",[],6.713410377502441,3.0821778774261475
rp1m_reset_only,85,1.8611584423846204,"[26, 34, 53]","[26, 34, 53]",[],6.579500198364258,2.9883172512054443
rp1m_reset_only,86,1.376257601212917,"[26, 34, 53]","[26, 34, 53]",[27],6.612467288970947,3.0992696285247803
rp1m_reset_only,87,1.128702657604415,"[26, 34, 53]","[26, 34, 53]","[39, 46, 48]",6.914979934692383,3.1076643466949463
rp1m_reset_only,88,1.3386340157085632,"[26, 34, 53]","[26, 34, 53]","[39, 46, 48]",6.925348281860352,3.081958532333374
rp1m_reset_only,89,1.2709503696631756,"[26, 34, 53]","[26, 34, 53]","[46, 48]",6.683933734893799,3.076859474182129
rp1m_reset_only,90,1.704802348693351,"[26, 34, 53]","[26, 34, 53]",[],6.652747631072998,3.059319257736206
rp1m_reset_only,91,1.1971722617940497,"[26, 34, 53]","[26, 34, 53]","[39, 46]",6.715052127838135,2.979490280151367
rp1m_reset_only,92,1.5417517808697927,"[26, 34, 53]","[26, 34, 53]",[],6.575716972351074,3.077103614807129
rp1m_reset_only,93,1.2071228569394834,"[26, 34, 53]","[26, 34, 53]",[41],6.754552841186523,3.0776779651641846
rp1m_reset_only,94,1.7866524139838778,"[26, 34, 53]","[26, 34, 53]",[],7.192379951477051,2.9937567710876465
rp1m_reset_only,95,1.330889823189245,"[26, 34, 53]","[26, 34, 53]","[28, 41]",6.5950236320495605,3.1079750061035156
rp1m_reset_only,96,1.3736052210679293,"[26, 34, 53]","[26, 34, 53]",[28],6.8126068115234375,3.1290221214294434
rp1m_reset_only,97,1.6818270556069672,"[26, 34, 53]","[26, 34, 53]",[],6.1065287590026855,2.5792794227600098
rp1m_reset_only,98,1.6480318175987005,"[26, 34, 53]","[26, 34, 53]",[],6.537550449371338,2.9234161376953125
rp1m_reset_only,99,1.5114279139254732,"[26, 34, 53]","[26, 34, 53]",[],6.495193958282471,2.830045461654663
rp1m_reset_only,100,1.1376079440255769,"[26, 27, 34]","[26, 34, 53]",[47],5.710339069366455,2.9908347129821777
rp1m_reset_only,101,1.168013492555826,"[27, 34, 53]","[26, 34, 53]",[30],6.802955150604248,3.0265307426452637
rp1m_reset_only,102,1.733528247397638,"[27, 34, 53]","[34, 53]",[],6.135770320892334,2.7303221225738525
rp1m_reset_only,103,1.820473857001096,"[27, 34, 53]","[34, 53]",[],6.675671100616455,2.9288721084594727
rp1m_reset_only,104,1.6766798691900042,"[27, 34, 53]","[27, 34, 53]",[],6.901762962341309,3.0605640411376953
rp1m_reset_only,105,1.5570778081922967,"[27, 34, 53]","[27, 34, 53]",[],7.1296491622924805,2.986502170562744
rp1m_reset_only,106,1.7464506955979064,"[27, 34, 53]","[27, 34, 53]",[],6.954270839691162,2.90437912940979
rp1m_reset_only,107,1.4653088878081375,"[27, 34, 53]","[27, 34, 53]","[41, 50]",6.805073261260986,2.87520694732666
rp1m_reset_only,108,1.7541688037858942,"[27, 34, 53]","[27, 34, 53]",[],6.718593120574951,2.9379944801330566
rp1m_reset_only,109,1.844024588542597,"[27, 34, 53]","[27, 34, 53]",[],6.712766647338867,3.034571647644043
rp1m_reset_only,110,1.2759050904134255,"[27, 34, 53]","[27, 34, 53]",[30],7.2477850914001465,2.9821953773498535
rp1m_reset_only,111,1.301198209065978,"[27, 34, 53]","[27, 34, 53]","[30, 39, 47]",6.7133402824401855,2.9465298652648926
rp1m_reset_only,112,1.3502916573104788,"[27, 34, 53]","[27, 34, 53]","[30, 47]",6.978643417358398,3.058330535888672
rp1m_reset_only,113,1.305340187706784,"[27, 53]","[27, 34, 53]",[30],6.861413478851318,3.0210065841674805
rp1m_reset_only,114,1.4247010393407495,"[27, 34, 53]","[27, 53]","[30, 49]",6.965653419494629,2.9880106449127197
rp1m_reset_only,115,1.600085346333932,"[27, 34, 53]","[27, 34, 53]",[],6.783768653869629,2.873784065246582
rp1m_reset_only,116,1.7187672080009384,"[27, 34, 53]","[27, 34, 53]",[],7.189295291900635,3.0774571895599365
rp1m_reset_only,117,1.7900304905994164,"[27, 34, 53]","[27, 34, 53]",[],6.941466331481934,3.0932817459106445
rp1m_reset_only,118,1.360026052584073,"[27, 34, 53]","[27, 34, 53]","[31, 32, 47]",6.861264228820801,2.8264386653900146
rp1m_reset_only,119,1.561657141721941,"[27, 34, 53]","[27, 34, 53]",[],6.912214756011963,3.07694149017334
rp1m_reset_only,0,0.9001362001318853,"[22, 50]",[],[],2.7353179454803467,1.2783206701278687
rp1m_reset_only,1,0.7221783973070155,"[22, 50]",[],[],3.7444820404052734,2.0420403480529785
rp1m_reset_only,2,0.7954822687256711,"[22, 50]",[],[],4.589338302612305,1.6350353956222534
rp1m_reset_only,3,0.9983182510181041,"[22, 48, 50]",[],[],5.6913743019104,2.5738701820373535
rp1m_reset_only,4,1.3917953509170269,"[22, 48]",[48],[],6.233458518981934,3.0660898685455322
rp1m_reset_only,5,1.6481551289003344,"[22, 48]",[48],[],6.564451694488525,3.126506805419922
rp1m_reset_only,6,1.2757954815878436,"[22, 48]","[23, 48]","[14, 15]",6.823442459106445,3.0970723628997803
rp1m_reset_only,7,1.681894684018412,"[22, 50]","[22, 24, 48]",[],6.874814510345459,3.123786687850952
rp1m_reset_only,8,1.574678375297169,"[22, 50]",[22],[],7.066503524780273,3.1126904487609863
rp1m_reset_only,9,1.7403154802507514,"[22, 50]",[22],[],7.023282527923584,3.05721116065979
rp1m_reset_only,10,1.544702473105401,"[22, 50]","[22, 48, 50]",[],7.295766353607178,3.003262519836426
rp1m_reset_only,11,1.4415303482898074,"[22, 50]","[22, 50]",[],7.136732578277588,2.9922614097595215
rp1m_reset_only,12,1.421213118939768,"[22, 50]","[22, 50]",[],7.554388523101807,3.0482733249664307
rp1m_reset_only,13,0.8834949064442451,"[22, 50]","[22, 50]",[49],7.266840934753418,3.0464060306549072
rp1m_reset_only,14,1.6272927345460921,"[22, 50]","[22, 50]",[],7.3023247718811035,3.004523515701294
rp1m_reset_only,15,1.1707211126732313,"[22, 50]","[22, 50]",[13],7.517370700836182,3.128988265991211
rp1m_reset_only,16,1.4196087810170508,"[22, 50]","[22, 50]",[],7.54389762878418,3.1029584407806396
rp1m_reset_only,17,1.4542647504169757,"[22, 50]","[22, 50]",[],7.350644588470459,3.108198404312134
rp1m_reset_only,18,1.0171527368172766,"[22, 50]","[22, 50]",[13],7.365442752838135,3.1337742805480957
rp1m_reset_only,19,1.030441372778019,"[22, 50]","[22, 50]","[13, 46]",7.458173751831055,3.060220241546631
rp1m_reset_only,20,1.1688502193960129,"[22, 50]","[22, 50]",[13],7.571284770965576,3.079604387283325
rp1m_reset_only,21,1.0230667048370232,"[22, 50]","[22, 50]",[46],7.425603866577148,2.9933667182922363
rp1m_reset_only,22,1.137590380552819,"[22, 50]","[22, 50]",[46],7.3123908042907715,2.982585906982422
rp1m_reset_only,23,1.2256448326788179,"[22, 50]","[22, 50]","[15, 46]",7.0549421310424805,3.1034741401672363
rp1m_reset_only,24,1.2190857244095272,"[22, 50]","[22, 50]","[15, 46]",7.1239094734191895,3.0374233722686768
rp1m_reset_only,25,0.8512432981106186,"[22, 34, 50]","[22, 50]",[17],7.0511298179626465,3.098130941390991
rp1m_reset_only,26,1.3721432608583648,"[22, 34, 50]","[22, 50]",[],7.333806991577148,3.0860049724578857
rp1m_reset_only,27,0.9418158782835651,"[22, 34, 50]","[22, 50]",[21],7.343761920928955,3.1136393547058105
rp1m_reset_only,28,1.0326394429919983,"[22, 34, 50]","[20, 22, 50]",[20],7.562856197357178,3.0575811862945557
rp1m_reset_only,29,1.133136174917783,"[22, 34, 50]","[20, 22, 50]",[20],7.923681735992432,3.0412347316741943
rp1m_reset_only,30,1.2035751955535343,"[22, 34, 50]","[22, 50]",[20],7.813467025756836,3.1119601726531982
rp1m_reset_only,31,1.2470716253397631,"[22, 34, 50]","[22, 50]",[20],8.319947242736816,3.095654249191284
rp1m_reset_only,32,1.4142948582128163,"[22, 34, 50]","[22, 50]","[20, 50]",7.878589153289795,3.087696075439453
rp1m_reset_only,33,1.4987671860376,"[22, 34, 50]","[22, 50]","[20, 50]",8.16781997680664,3.109581232070923
rp1m_reset_only,34,1.4107604428640372,"[22, 34, 50]","[22, 50]",[],8.016839981079102,3.1223647594451904
rp1m_reset_only,35,1.4185234201248205,"[22, 34, 50]","[22, 50]",[50],7.689371109008789,3.0962345600128174
rp1m_reset_only,36,1.6356081582561304,"[22, 34, 50]","[22, 50]",[50],7.846296310424805,3.0588741302490234
rp1m_reset_only,37,1.1763457684486431,"[22, 34, 50, 51]","[22, 50]","[49, 50]",7.109409809112549,3.0457510948181152
rp1m_reset_only,38,1.006133961600805,"[22, 34, 51]","[22, 50]","[19, 50]",7.210314750671387,3.057481050491333
rp1m_reset_only,39,1.1271526890595247,"[22, 34, 51]","[22, 51]","[19, 50]",7.329835891723633,2.910423994064331
rp1m_reset_only,40,1.0937591726770157,"[22, 34, 51]","[22, 51]",[50],7.574419975280762,3.0766677856445312
rp1m_reset_only,41,1.1311756746130517,"[22, 34, 51]","[22, 51]","[19, 50]",7.395262718200684,2.909541368484497
rp1m_reset_only,42,0.9139114118333425,"[22, 34, 51]","[22, 51]",[50],7.599116325378418,3.088259696960449
rp1m_reset_only,43,1.4163678237012605,"[22, 34, 51]","[22, 51]",[],7.491038799285889,3.0038774013519287
rp1m_reset_only,44,1.413554490239418,"[22, 34, 51]","[22, 51]",[],7.597573280334473,3.0272953510284424
rp1m_reset_only,45,1.4137217398462973,"[22, 34, 51]","[22, 51]",[],7.1118879318237305,3.067197799682617
rp1m_reset_only,46,1.5223121810850206,"[22, 34, 51]","[22, 51]",[],7.891623497009277,3.1139609813690186
rp1m_reset_only,47,1.5194791474368043,"[22, 34, 51]","[22, 51]",[],7.715973854064941,3.0278310775756836
rp1m_reset_only,48,1.5133385578184224,"[22, 34, 51]","[22, 51]",[],7.6075358390808105,3.0264596939086914
rp1m_reset_only,49,1.13039069083825,"[22, 34, 51]","[22, 51]","[48, 50]",7.959796905517578,3.006915807723999
rp1m_reset_only,50,0.7475536497700297,"[22, 31, 34, 50]","[22, 51]","[48, 50]",7.532817363739014,3.0609583854675293
rp1m_reset_only,51,0.9550922594690615,"[31, 34, 50]",[],[],7.056490898132324,2.8809006214141846
rp1m_reset_only,52,1.250802649354232,"[31, 34, 50]",[50],[],7.1264190673828125,3.0507664680480957
rp1m_reset_only,53,1.1242642312788975,"[31, 34, 48, 50]","[34, 48, 50]",[],6.51548433303833,2.9235947132110596
rp1m_reset_only,54,0.9527469578785978,"[31, 34, 48]","[31, 34, 48, 50]",[44],6.691247940063477,2.6008083820343018
rp1m_reset_only,55,1.0830137915262363,"[31, 34, 48]","[31, 34, 36]","[28, 44, 46]",6.504404067993164,2.9696223735809326
rp1m_reset_only,56,1.1281097734470191,"[31, 34, 48, 50]","[31, 34, 48]","[28, 44, 46]",6.934656143188477,2.9989728927612305
rp1m_reset_only,57,1.4822905052540931,"[31, 34, 50]","[31, 34, 48]",[],6.973350524902344,2.871089220046997
rp1m_reset_only,58,1.4045834452685706,"[31, 34, 50]","[31, 34, 48]",[],6.444472789764404,2.766000270843506
rp1m_reset_only,59,1.1675607753753343,"[31, 34, 48, 50]","[31, 34, 48]","[46, 48]",6.349554061889648,2.945133686065674
rp1m_reset_only,60,1.0490211091633639,"[31, 34, 48]","[31, 34, 48]","[46, 48]",6.4760918617248535,3.032139778137207
rp1m_reset_only,61,0.9665568786934622,"[31, 34, 48]","[31, 34, 48]",[46],5.9871015548706055,2.836822509765625
rp1m_reset_only,62,0.9478249026495311,"[31, 34, 48]","[31, 34, 48]","[25, 28]",7.16813325881958,3.000276803970337
rp1m_reset_only,63,1.0950091669670416,"[31, 34, 48]","[31, 34, 48]",[28],7.0984883308410645,3.083087921142578
rp1m_reset_only,64,1.0243240989199083,"[31, 34, 48]","[31, 34, 48]","[25, 28]",6.967072486877441,2.978496551513672
rp1m_reset_only,65,1.0286806405637894,"[31, 34, 48]","[31, 34, 48]","[25, 28, 43, 44]",7.168719291687012,3.069657802581787
rp1m_reset_only,66,1.049618364852587,"[31, 34, 48]","[31, 34, 48]","[25, 28]",7.0252604484558105,2.9784951210021973
rp1m_reset_only,67,1.0418750297248707,"[31, 34, 48]","[31, 34, 48]",[28],6.628789901733398,2.977207899093628
rp1m_reset_only,68,1.5093500735876355,"[31, 34, 46, 48]","[31, 34, 48]",[],6.511661052703857,2.960986852645874
rp1m_reset_only,69,1.3075193957266182,"[31, 34, 46]","[31, 34, 48]",[],7.194652557373047,2.839066505432129
rp1m_reset_only,70,1.4143554686497046,"[31, 34, 46]","[31, 34, 50]",[],7.071363925933838,2.820056200027466
rp1m_reset_only,71,0.9155908940895479,"[31, 34, 46]","[31, 34, 46]","[43, 50]",7.1871137619018555,2.9867913722991943
rp1m_reset_only,72,0.9094990641236081,"[31, 34, 46]","[31, 34, 46]","[43, 47, 50]",6.62913703918457,2.7869129180908203
rp1m_reset_only,73,0.7855434038388894,"[31, 34, 46]","[31, 34, 46]",[43],6.48360538482666,2.72088623046875
rp1m_reset_only,74,1.2750995427016718,"[31, 34, 46]","[31, 34, 46]",[],7.00197696685791,2.956972122192383
rp1m_reset_only,75,0.8155062109206531,"[26, 31, 34, 53]","[31, 34, 46]","[50, 51]",6.443366527557373,3.1169795989990234
rp1m_reset_only,76,0.8704636865234908,"[26, 34, 53]","[31, 34, 53]",[50],7.442008018493652,2.915083885192871
rp1m_reset_only,77,1.0068547566030697,"[26, 34, 53]","[34, 53]",[50],6.675881862640381,2.997030019760132
rp1m_reset_only,78,0.9107724013024598,"[26, 34, 53]","[34, 53]",[50],6.745741844177246,3.031752347946167
rp1m_reset_only,79,1.4233665986070587,"[26, 34, 53]","[26, 27, 34, 53]",[],6.938812255859375,3.0307810306549072
rp1m_reset_only,80,1.4757593472176163,"[26, 34, 53]","[26, 34, 53]",[],6.630115509033203,2.976879119873047
rp1m_reset_only,81,0.8896875975404177,"[26, 34, 53]","[26, 34, 53]",[50],6.973180294036865,3.070748805999756
rp1m_reset_only,82,0.9065158188151143,"[26, 34, 53]","[26, 34, 53]",[50],6.471712112426758,2.88006591796875
rp1m_reset_only,83,0.8200062377999888,"[26, 34, 53]","[26, 34, 53]","[28, 50]",6.631209850311279,3.042971611022949
rp1m_reset_only,84,1.450490295735928,"[26, 34, 53]","[26, 34, 53]",[],6.713411808013916,3.0821778774261475
rp1m_reset_only,85,1.4271459904941974,"[26, 34, 53]","[26, 34, 53]",[],6.57326602935791,2.9883172512054443
rp1m_reset_only,86,0.9526981077409306,"[26, 34, 53]","[26, 34, 53]","[21, 29, 50, 51]",6.603724956512451,3.0992696285247803
rp1m_reset_only,87,0.7707032506947726,"[26, 34, 53]","[26, 34, 53]","[21, 29]",6.913384914398193,3.1076643466949463
rp1m_reset_only,88,0.8972957234978666,"[26, 34, 53]","[26, 34, 53]","[21, 29]",6.918612957000732,3.081958532333374
rp1m_reset_only,89,0.8534582893332086,"[26, 34, 53]","[26, 34, 53]","[21, 29]",6.680771827697754,3.076859474182129
rp1m_reset_only,90,0.8284240876689482,"[26, 34, 53]","[26, 34, 53]",[21],6.646053791046143,3.059319257736206
rp1m_reset_only,91,0.8299588337850736,"[26, 34, 53]","[26, 34, 53]","[21, 29]",6.710470676422119,2.979490280151367
rp1m_reset_only,92,1.128419657005479,"[26, 34, 53]","[26, 34, 53]",[],6.567972660064697,3.077103614807129
rp1m_reset_only,93,0.904285443843577,"[26, 34, 53]","[26, 34, 53]","[27, 29]",6.750139236450195,3.0776779651641846
rp1m_reset_only,94,1.3795218130994296,"[26, 34, 53]","[26, 34, 53]",[],7.188694953918457,2.9937567710876465
rp1m_reset_only,95,0.9815114796292467,"[26, 34, 53]","[26, 34, 53]","[22, 27, 29]",6.591736793518066,3.1079750061035156
rp1m_reset_only,96,0.9718846785048291,"[26, 34, 53]","[26, 34, 53]","[22, 29, 50]",6.80701208114624,3.1290221214294434
rp1m_reset_only,97,1.3671460376222595,"[26, 34, 53]","[26, 34, 53]",[],6.098903656005859,2.5792794227600098
rp1m_reset_only,98,1.4071490556339477,"[26, 34, 53]","[26, 34, 53]",[],6.529130458831787,2.9234161376953125
rp1m_reset_only,99,1.3777276016812396,"[26, 34, 53]","[26, 34, 53]",[],6.490259170532227,2.830045461654663
rp1m_reset_only,100,1.099586905158687,"[26, 27, 34]","[26, 34, 53]","[23, 29, 31]",5.699263095855713,2.9908347129821777
rp1m_reset_only,101,1.0221202922529664,"[27, 34, 53]","[26, 34, 53]",[51],6.797300338745117,3.0265307426452637
rp1m_reset_only,102,1.370738004443799,"[27, 34, 53]","[34, 53]",[],6.133917808532715,2.7303221225738525
rp1m_reset_only,103,1.4846243548696318,"[27, 34, 53]","[34, 53]",[],6.672734260559082,2.9288721084594727
rp1m_reset_only,104,1.4237792090287256,"[27, 34, 53]","[27, 34, 53]",[],6.900238990783691,3.0605640411376953
rp1m_reset_only,105,1.2069572016012493,"[27, 34, 53]","[27, 34, 53]",[],7.127973556518555,2.986502170562744
rp1m_reset_only,106,0.9720078452845623,"[27, 34, 53]","[27, 34, 53]",[23],6.946166038513184,2.90437912940979
rp1m_reset_only,107,1.174333531057003,"[27, 34, 53]","[27, 34, 53]",[23],6.800095558166504,2.87520694732666
rp1m_reset_only,108,1.3846460212840583,"[27, 34, 53]","[27, 34, 53]",[],6.710821628570557,2.9379944801330566
rp1m_reset_only,109,1.0594601905702425,"[27, 34, 53]","[27, 34, 53]",[23],6.710470199584961,3.034571647644043
rp1m_reset_only,110,1.5426305015359236,"[27, 34, 53]","[27, 34, 53]",[],7.243224143981934,2.9821953773498535
rp1m_reset_only,111,1.1032339570069731,"[27, 34, 53]","[27, 34, 53]","[25, 50, 51]",6.711091995239258,2.9465298652648926
rp1m_reset_only,112,1.2010215397113335,"[27, 34, 53]","[27, 34, 53]","[25, 51]",6.972202301025391,3.058330535888672
rp1m_reset_only,113,1.1273477275199595,"[27, 53]","[27, 34, 53]","[25, 51]",6.853559970855713,3.0210065841674805
rp1m_reset_only,114,1.2039316370808895,"[27, 34, 53]","[27, 53]","[25, 31, 51]",6.9629411697387695,2.9880106449127197
rp1m_reset_only,115,1.2901692147591373,"[27, 34, 53]","[27, 34, 53]",[],6.7790608406066895,2.873784065246582
rp1m_reset_only,116,1.5431166878236349,"[27, 34, 53]","[27, 34, 53]",[],7.181847095489502,3.0774571895599365
rp1m_reset_only,117,1.525758158029981,"[27, 34, 53]","[27, 34, 53]",[],6.932264804840088,3.0932817459106445
rp1m_reset_only,118,1.1509416381332345,"[27, 34, 53]","[27, 34, 53]","[25, 31, 50, 51]",6.8554301261901855,2.8264386653900146
rp1m_reset_only,119,1.1806636044503869,"[27, 34, 53]","[27, 34, 53]",[],6.904922962188721,3.07694149017334
rp1m_reset_only,0,0.9001362001318853,"[22, 50]",[],[],2.848031520843506,1.2783206701278687
rp1m_reset_only,1,0.7221783973070155,"[22, 50]",[],[],3.8431336879730225,2.0420403480529785
rp1m_reset_only,2,0.7954822687256711,"[22, 50]",[],[],4.670243263244629,1.6350353956222534
rp1m_reset_only,3,0.9983182510181041,"[22, 48, 50]",[],[],5.756839752197266,2.5738701820373535
rp1m_reset_only,4,1.3917953509170269,"[22, 48]",[48],[],6.293116092681885,3.0660898685455322
rp1m_reset_only,5,1.6481551289003344,"[22, 48]",[48],[],6.6212358474731445,3.126506805419922
rp1m_reset_only,6,1.2757954815878436,"[22, 48]","[23, 48]","[14, 15]",6.878148555755615,3.0970723628997803
rp1m_reset_only,7,1.681894684018412,"[22, 50]","[22, 24, 48]",[],6.929146766662598,3.123786687850952
rp1m_reset_only,8,1.574678375297169,"[22, 50]",[22],[],7.119372844696045,3.1126904487609863
rp1m_reset_only,9,1.7403154802507514,"[22, 50]",[22],[],7.07647180557251,3.05721116065979
rp1m_reset_only,10,1.544702473105401,"[22, 50]","[22, 48, 50]",[],7.346965789794922,3.003262519836426
rp1m_reset_only,11,1.4415303482898074,"[22, 50]","[22, 50]",[],7.187854766845703,2.9922614097595215
rp1m_reset_only,12,1.421213118939768,"[22, 50]","[22, 50]",[],7.59900426864624,3.0482733249664307
rp1m_reset_only,13,0.8834949064442451,"[22, 50]","[22, 50]",[49],7.316020488739014,3.0464060306549072
rp1m_reset_only,14,1.6272927345460921,"[22, 50]","[22, 50]",[],7.351767539978027,3.004523515701294
rp1m_reset_only,15,1.1707211126732313,"[22, 50]","[22, 50]",[13],7.561819076538086,3.128988265991211
rp1m_reset_only,16,1.4196087810170508,"[22, 50]","[22, 50]",[],7.590927600860596,3.1029584407806396
rp1m_reset_only,17,1.4542647504169757,"[22, 50]","[22, 50]",[],7.395500183105469,3.108198404312134
rp1m_reset_only,18,1.0171527368172766,"[22, 50]","[22, 50]",[13],7.413127899169922,3.1337742805480957
rp1m_reset_only,19,1.030441372778019,"[22, 50]","[22, 50]","[13, 46]",7.506961345672607,3.060220241546631
rp1m_reset_only,20,1.1688502193960129,"[22, 50]","[22, 50]",[13],7.617839813232422,3.079604387283325
rp1m_reset_only,21,1.0230667048370232,"[22, 50]","[22, 50]",[46],7.472783088684082,2.9933667182922363
rp1m_reset_only,22,1.137590380552819,"[22, 50]","[22, 50]",[46],7.3613481521606445,2.982585906982422
rp1m_reset_only,23,1.2256448326788179,"[22, 50]","[22, 50]","[15, 46]",7.102080345153809,3.1034741401672363
rp1m_reset_only,24,1.2190857244095272,"[22, 50]","[22, 50]","[15, 46]",7.172825336456299,3.0374233722686768
rp1m_reset_only,25,0.8512432981106186,"[22, 34, 50]","[22, 50]",[17],7.055538654327393,3.098130941390991
rp1m_reset_only,26,1.3721432608583648,"[22, 34, 50]","[22, 50]",[],7.336529731750488,3.0860049724578857
rp1m_reset_only,27,0.9418158782835651,"[22, 34, 50]","[22, 50]",[21],7.346179962158203,3.1136393547058105
rp1m_reset_only,28,1.0326394429919983,"[22, 34, 50]","[20, 22, 50]",[20],7.564708232879639,3.0575811862945557
rp1m_reset_only,29,1.133136174917783,"[22, 34, 50]","[20, 22, 50]",[20],7.925084590911865,3.0412347316741943
rp1m_reset_only,30,1.2035751955535343,"[22, 34, 50]","[22, 50]",[20],7.816251754760742,3.1119601726531982
rp1m_reset_only,31,1.2470716253397631,"[22, 34, 50]","[22, 50]",[20],8.324789047241211,3.095654249191284
rp1m_reset_only,32,1.4142948582128163,"[22, 34, 50]","[22, 50]","[20, 50]",7.882107734680176,3.087696075439453
rp1m_reset_only,33,1.4987671860376,"[22, 34, 50]","[22, 50]","[20, 50]",8.171667098999023,3.109581232070923
rp1m_reset_only,34,1.4107604428640372,"[22, 34, 50]","[22, 50]",[],8.020987510681152,3.1223647594451904
rp1m_reset_only,35,1.4185234201248205,"[22, 34, 50]","[22, 50]",[50],7.693100929260254,3.0962345600128174
rp1m_reset_only,36,1.6356081582561304,"[22, 34, 50]","[22, 50]",[50],7.849360466003418,3.0588741302490234
rp1m_reset_only,37,1.1763457684486431,"[22, 34, 50, 51]","[22, 50]","[49, 50]",7.1117167472839355,3.0457510948181152
rp1m_reset_only,38,1.006133961600805,"[22, 34, 51]","[22, 50]","[19, 50]",7.2125983238220215,3.057481050491333
rp1m_reset_only,39,1.1271526890595247,"[22, 34, 51]","[22, 51]","[19, 50]",7.333518028259277,2.910423994064331
rp1m_reset_only,40,1.0937591726770157,"[22, 34, 51]","[22, 51]",[50],7.580615520477295,3.0766677856445312
rp1m_reset_only,41,1.1311756746130517,"[22, 34, 51]","[22, 51]","[19, 50]",7.405220985412598,2.909541368484497
rp1m_reset_only,42,0.9139114118333425,"[22, 34, 51]","[22, 51]",[50],7.606728553771973,3.088259696960449
rp1m_reset_only,43,1.4163678237012605,"[22, 34, 51]","[22, 51]",[],7.496081352233887,3.0038774013519287
rp1m_reset_only,44,1.413554490239418,"[22, 34, 51]","[22, 51]",[],7.603379249572754,3.0272953510284424
rp1m_reset_only,45,1.4137217398462973,"[22, 34, 51]","[22, 51]",[],7.117935657501221,3.067197799682617
rp1m_reset_only,46,1.5223121810850206,"[22, 34, 51]","[22, 51]",[],7.899170398712158,3.1139609813690186
rp1m_reset_only,47,1.5194791474368043,"[22, 34, 51]","[22, 51]",[],7.7217583656311035,3.0278310775756836
rp1m_reset_only,48,1.5133385578184224,"[22, 34, 51]","[22, 51]",[],7.609743118286133,3.0264596939086914
rp1m_reset_only,49,1.13039069083825,"[22, 34, 51]","[22, 51]","[48, 50]",7.963977813720703,3.006915807723999
rp1m_reset_only,50,0.7475536497700297,"[22, 31, 34, 50]","[22, 51]","[48, 50]",7.535893440246582,3.0609583854675293
rp1m_reset_only,51,0.9550922594690615,"[31, 34, 50]",[],[],7.06043815612793,2.8809006214141846
rp1m_reset_only,52,1.250802649354232,"[31, 34, 50]",[50],[],7.129217624664307,3.0507664680480957
rp1m_reset_only,53,1.1242642312788975,"[31, 34, 48, 50]","[34, 48, 50]",[],6.518204689025879,2.9235947132110596
rp1m_reset_only,54,0.9527469578785978,"[31, 34, 48]","[31, 34, 48, 50]",[44],6.694230079650879,2.6008083820343018
rp1m_reset_only,55,1.0830137915262363,"[31, 34, 48]","[31, 34, 36]","[28, 44, 46]",6.50676155090332,2.9696223735809326
rp1m_reset_only,56,1.1281097734470191,"[31, 34, 48, 50]","[31, 34, 48]","[28, 44, 46]",6.949410438537598,2.9989728927612305
rp1m_reset_only,57,1.4822905052540931,"[31, 34, 50]","[31, 34, 48]",[],7.026426792144775,2.871089220046997
rp1m_reset_only,58,1.4045834452685706,"[31, 34, 50]","[31, 34, 48]",[],6.452298164367676,2.766000270843506
rp1m_reset_only,59,1.1675607753753343,"[31, 34, 48, 50]","[31, 34, 48]","[46, 48]",6.354930400848389,2.945133686065674
rp1m_reset_only,60,1.0490211091633639,"[31, 34, 48]","[31, 34, 48]","[46, 48]",6.480806827545166,3.032139778137207
rp1m_reset_only,61,0.9665568786934622,"[31, 34, 48]","[31, 34, 48]",[46],5.993340969085693,2.836822509765625
rp1m_reset_only,62,0.9478249026495311,"[31, 34, 48]","[31, 34, 48]","[25, 28]",7.170790672302246,3.000276803970337
rp1m_reset_only,63,1.0950091669670416,"[31, 34, 48]","[31, 34, 48]",[28],7.102893829345703,3.083087921142578
rp1m_reset_only,64,1.0243240989199083,"[31, 34, 48]","[31, 34, 48]","[25, 28]",6.971563816070557,2.978496551513672
rp1m_reset_only,65,1.0286806405637894,"[31, 34, 48]","[31, 34, 48]","[25, 28, 43, 44]",7.173853874206543,3.069657802581787
rp1m_reset_only,66,1.049618364852587,"[31, 34, 48]","[31, 34, 48]","[25, 28]",7.033730983734131,2.9784951210021973
rp1m_reset_only,67,1.0418750297248707,"[31, 34, 48]","[31, 34, 48]",[28],6.633391380310059,2.977207899093628
rp1m_reset_only,68,1.5093500735876355,"[31, 34, 46, 48]","[31, 34, 48]",[],6.5163373947143555,2.960986852645874
rp1m_reset_only,69,1.3075193957266182,"[31, 34, 46]","[31, 34, 48]",[],7.198484897613525,2.839066505432129
rp1m_reset_only,70,1.4143554686497046,"[31, 34, 46]","[31, 34, 50]",[],7.07388162612915,2.820056200027466
rp1m_reset_only,71,0.9155908940895479,"[31, 34, 46]","[31, 34, 46]","[43, 50]",7.19235897064209,2.9867913722991943
rp1m_reset_only,72,0.9094990641236081,"[31, 34, 46]","[31, 34, 46]","[43, 47, 50]",6.632202625274658,2.7869129180908203
rp1m_reset_only,73,0.7855434038388894,"[31, 34, 46]","[31, 34, 46]",[43],6.486501693725586,2.72088623046875
rp1m_reset_only,74,1.2750995427016718,"[31, 34, 46]","[31, 34, 46]",[],7.006358623504639,2.956972122192383
rp1m_reset_only,75,0.8155062109206531,"[26, 31, 34, 53]","[31, 34, 46]","[50, 51]",6.446952819824219,3.1169795989990234
rp1m_reset_only,76,0.8704636865234908,"[26, 34, 53]","[31, 34, 53]",[50],7.44547700881958,2.915083885192871
rp1m_reset_only,77,1.0068547566030697,"[26, 34, 53]","[34, 53]",[50],6.6818528175354,2.997030019760132
rp1m_reset_only,78,0.9107724013024598,"[26, 34, 53]","[34, 53]",[50],6.758071422576904,3.031752347946167
rp1m_reset_only,79,1.4233665986070587,"[26, 34, 53]","[26, 27, 34, 53]",[],6.94500207901001,3.0307810306549072
rp1m_reset_only,80,1.4757593472176163,"[26, 34, 53]","[26, 34, 53]",[],6.63812255859375,2.976879119873047
rp1m_reset_only,81,0.8896875975404177,"[26, 34, 53]","[26, 34, 53]",[50],6.9817214012146,3.070748805999756
rp1m_reset_only,82,0.9065158188151143,"[26, 34, 53]","[26, 34, 53]",[50],6.479633808135986,2.88006591796875
rp1m_reset_only,83,0.8200062377999888,"[26, 34, 53]","[26, 34, 53]","[28, 50]",6.641334533691406,3.042971611022949
rp1m_reset_only,84,1.450490295735928,"[26, 34, 53]","[26, 34, 53]",[],6.724175930023193,3.0821778774261475
rp1m_reset_only,85,1.4271459904941974,"[26, 34, 53]","[26, 34, 53]",[],6.584887504577637,2.9883172512054443
rp1m_reset_only,86,0.9526981077409306,"[26, 34, 53]","[26, 34, 53]","[21, 29, 50, 51]",6.610419273376465,3.0992696285247803
rp1m_reset_only,87,0.7707032506947726,"[26, 34, 53]","[26, 34, 53]","[21, 29]",6.9246954917907715,3.1076643466949463
rp1m_reset_only,88,0.8972957234978666,"[26, 34, 53]","[26, 34, 53]","[21, 29]",6.925239562988281,3.081958532333374
rp1m_reset_only,89,0.8534582893332086,"[26, 34, 53]","[26, 34, 53]","[21, 29]",6.6917643547058105,3.076859474182129
rp1m_reset_only,90,0.8284240876689482,"[26, 34, 53]","[26, 34, 53]",[21],6.653181552886963,3.059319257736206
rp1m_reset_only,91,0.8299588337850736,"[26, 34, 53]","[26, 34, 53]","[21, 29]",6.721113681793213,2.979490280151367
rp1m_reset_only,92,1.128419657005479,"[26, 34, 53]","[26, 34, 53]",[],6.576885223388672,3.077103614807129
rp1m_reset_only,93,0.904285443843577,"[26, 34, 53]","[26, 34, 53]","[27, 29]",6.758237838745117,3.0776779651641846
rp1m_reset_only,94,1.3795218130994296,"[26, 34, 53]","[26, 34, 53]",[],7.1977996826171875,2.9937567710876465
rp1m_reset_only,95,0.9815114796292467,"[26, 34, 53]","[26, 34, 53]","[22, 27, 29]",6.598964214324951,3.1079750061035156
rp1m_reset_only,96,0.9718846785048291,"[26, 34, 53]","[26, 34, 53]","[22, 29, 50]",6.814953804016113,3.1290221214294434
rp1m_reset_only,97,1.3671460376222595,"[26, 34, 53]","[26, 34, 53]",[],6.107240200042725,2.5792794227600098
rp1m_reset_only,98,1.4071490556339477,"[26, 34, 53]","[26, 34, 53]",[],6.5341949462890625,2.9234161376953125
rp1m_reset_only,99,1.3777276016812396,"[26, 34, 53]","[26, 34, 53]",[],6.499022006988525,2.830045461654663
rp1m_reset_only,100,1.099586905158687,"[26, 27, 34]","[26, 34, 53]","[23, 29, 31]",5.700203895568848,2.9908347129821777
rp1m_reset_only,101,1.0221202922529664,"[27, 34, 53]","[26, 34, 53]",[51],6.806725025177002,3.0265307426452637
rp1m_reset_only,102,1.370738004443799,"[27, 34, 53]","[34, 53]",[],6.1457037925720215,2.7303221225738525
rp1m_reset_only,103,1.4846243548696318,"[27, 34, 53]","[34, 53]",[],6.681665420532227,2.9288721084594727
rp1m_reset_only,104,1.4237792090287256,"[27, 34, 53]","[27, 34, 53]",[],6.913589000701904,3.0605640411376953
rp1m_reset_only,105,1.2069572016012493,"[27, 34, 53]","[27, 34, 53]",[],7.136390686035156,2.986502170562744
rp1m_reset_only,106,0.9720078452845623,"[27, 34, 53]","[27, 34, 53]",[23],6.954600811004639,2.90437912940979
rp1m_reset_only,107,1.174333531057003,"[27, 34, 53]","[27, 34, 53]",[23],6.808785438537598,2.87520694732666
rp1m_reset_only,108,1.3846460212840583,"[27, 34, 53]","[27, 34, 53]",[],6.7188310623168945,2.9379944801330566
rp1m_reset_only,109,1.0594601905702425,"[27, 34, 53]","[27, 34, 53]",[23],6.7252960205078125,3.034571647644043
rp1m_reset_only,110,1.5426305015359236,"[27, 34, 53]","[27, 34, 53]",[],7.249629974365234,2.9821953773498535
rp1m_reset_only,111,1.1032339570069731,"[27, 34, 53]","[27, 34, 53]","[25, 50, 51]",6.726612567901611,2.9465298652648926
rp1m_reset_only,112,1.2010215397113335,"[27, 34, 53]","[27, 34, 53]","[25, 51]",6.983055114746094,3.058330535888672
rp1m_reset_only,113,1.1273477275199595,"[27, 53]","[27, 34, 53]","[25, 51]",6.85767936706543,3.0210065841674805
rp1m_reset_only,114,1.2039316370808895,"[27, 34, 53]","[27, 53]","[25, 31, 51]",6.977340221405029,2.9880106449127197
rp1m_reset_only,115,1.2901692147591373,"[27, 34, 53]","[27, 34, 53]",[],6.788743019104004,2.873784065246582
rp1m_reset_only,116,1.5431166878236349,"[27, 34, 53]","[27, 34, 53]",[],7.190061092376709,3.0774571895599365
rp1m_reset_only,117,1.525758158029981,"[27, 34, 53]","[27, 34, 53]",[],6.937870502471924,3.0932817459106445
rp1m_reset_only,118,1.1509416381332345,"[27, 34, 53]","[27, 34, 53]","[25, 31, 50, 51]",6.862146854400635,2.8264386653900146
rp1m_reset_only,119,1.1806636044503869,"[27, 34, 53]","[27, 34, 53]",[],6.911526679992676,3.07694149017334
rp1m_reset_only,0,-0.3610318475158729,"[22, 50]",[],[],2.782593250274658,1.2783206701278687
rp1m_reset_only,1,-0.2734826183881174,"[22, 50]",[],[],3.7838799953460693,2.0420403480529785
rp1m_reset_only,2,-0.029765359803763596,"[22, 50]",[],[],4.609132289886475,1.6350353956222534
rp1m_reset_only,3,-0.1610142266504141,"[22, 48, 50]",[],[],5.711981296539307,2.5738701820373535
rp1m_reset_only,4,0.4202614178494221,"[22, 48]",[48],[],6.25930118560791,3.0660898685455322
rp1m_reset_only,5,0.26635345316806947,"[22, 48]",[48],[44],6.587546348571777,3.126506805419922
rp1m_reset_only,6,0.5056237769044862,"[22, 48]","[23, 48]",[44],6.842580318450928,3.0970723628997803
rp1m_reset_only,7,0.9292021718714616,"[22, 50]","[22, 24, 48]",[],6.89780855178833,3.123786687850952
rp1m_reset_only,8,0.6477124805670642,"[22, 50]",[22],[],7.082679271697998,3.1126904487609863
rp1m_reset_only,9,0.42472454385716846,"[22, 50]",[22],[],7.041136741638184,3.05721116065979
rp1m_reset_only,10,0.54341490716006,"[22, 50]","[22, 48, 50]",[],7.312872409820557,3.003262519836426
rp1m_reset_only,11,0.5470150328577166,"[22, 50]","[22, 50]",[],7.153979778289795,2.9922614097595215
rp1m_reset_only,12,0.6134236109992107,"[22, 50]","[22, 50]",[],7.575107574462891,3.0482733249664307
rp1m_reset_only,13,0.196566092504198,"[22, 50]","[22, 50]",[30],7.285918712615967,3.0464060306549072
rp1m_reset_only,14,0.8728118788403371,"[22, 50]","[22, 50]",[],7.319312572479248,3.004523515701294
rp1m_reset_only,15,0.37030151061054195,"[22, 50]","[22, 50]","[43, 44]",7.531940460205078,3.128988265991211
rp1m_reset_only,16,0.593737402423993,"[22, 50]","[22, 50]",[],7.564122200012207,3.1029584407806396
rp1m_reset_only,17,0.79813206753426,"[22, 50]","[22, 50]",[],7.365640640258789,3.108198404312134
rp1m_reset_only,18,0.7508999692292265,"[22, 50]","[22, 50]",[],7.383299827575684,3.1337742805480957
rp1m_reset_only,19,0.29841729199040523,"[22, 50]","[22, 50]",[44],7.475458145141602,3.060220241546631
rp1m_reset_only,20,0.14483375446684854,"[22, 50]","[22, 50]",[44],7.588475227355957,3.079604387283325
rp1m_reset_only,21,0.5462804885449433,"[22, 50]","[22, 50]",[],7.440673351287842,2.9933667182922363
rp1m_reset_only,22,0.2581866162120142,"[22, 50]","[22, 50]",[31],7.326308727264404,2.982585906982422
rp1m_reset_only,23,0.28330251387719596,"[22, 50]","[22, 50]","[31, 42]",7.068948745727539,3.1034741401672363
rp1m_reset_only,24,0.09618619607272705,"[22, 50]","[22, 50]","[31, 42]",7.135509490966797,3.0374233722686768
rp1m_reset_only,25,0.17430306874227247,"[22, 34, 50]","[22, 50]",[42],7.06287145614624,3.098130941390991
rp1m_reset_only,26,0.7646405415206923,"[22, 34, 50]","[22, 50]",[],7.344083309173584,3.0860049724578857
rp1m_reset_only,27,0.19151567109445752,"[22, 34, 50]","[22, 50]",[42],7.357993125915527,3.1136393547058105
rp1m_reset_only,28,0.32719781574084755,"[22, 34, 50]","[20, 22, 50]",[44],7.5737199783325195,3.0575811862945557
rp1m_reset_only,29,0.1813203129295525,"[22, 34, 50]","[20, 22, 50]",[44],7.939874172210693,3.0412347316741943
rp1m_reset_only,30,0.3306138481745452,"[22, 34, 50]","[22, 50]",[44],7.828922271728516,3.1119601726531982
rp1m_reset_only,31,0.3255183379072937,"[22, 34, 50]","[22, 50]",[44],8.331743240356445,3.095654249191284
rp1m_reset_only,32,0.41117746906409947,"[22, 34, 50]","[22, 50]","[31, 44]",7.890476703643799,3.087696075439453
rp1m_reset_only,33,0.4022262191166608,"[22, 34, 50]","[22, 50]",[44],8.180922508239746,3.109581232070923
rp1m_reset_only,34,0.7294809336307275,"[22, 34, 50]","[22, 50]",[],8.03030014038086,3.1223647594451904
rp1m_reset_only,35,0.22400944882467883,"[22, 34, 50]","[22, 50]",[32],7.701629161834717,3.0962345600128174
rp1m_reset_only,36,0.5658771472024822,"[22, 34, 50]","[22, 50]","[32, 34]",7.859951496124268,3.0588741302490234
rp1m_reset_only,37,0.4163351375180154,"[22, 34, 50, 51]","[22, 50]","[34, 35]",7.1246657371521,3.0457510948181152
rp1m_reset_only,38,1.1876835862500443,"[22, 34, 51]","[22, 50]","[34, 51]",7.226717472076416,3.057481050491333
rp1m_reset_only,39,1.44961090551277,"[22, 34, 51]","[22, 51]","[34, 51]",7.343249797821045,2.910423994064331
rp1m_reset_only,40,1.1977865953685378,"[22, 34, 51]","[22, 51]",[34],7.587790012359619,3.0766677856445312
rp1m_reset_only,41,1.4597253753854615,"[22, 34, 51]","[22, 51]","[34, 51]",7.411736965179443,2.909541368484497
rp1m_reset_only,42,0.9606267248339742,"[22, 34, 51]","[22, 51]",[34],7.613582611083984,3.088259696960449
rp1m_reset_only,43,0.9627063917419141,"[22, 34, 51]","[22, 51]",[34],7.50445556640625,3.0038774013519287
rp1m_reset_only,44,0.8109477374682252,"[22, 34, 51]","[22, 51]",[],7.609958171844482,3.0272953510284424
rp1m_reset_only,45,0.8561353757885422,"[22, 34, 51]","[22, 51]",[],7.12758731842041,3.067197799682617
rp1m_reset_only,46,0.42639933013380604,"[22, 34, 51]","[22, 51]",[37],7.905808448791504,3.1139609813690186
rp1m_reset_only,47,1.033594092683535,"[22, 34, 51]","[22, 51]",[],7.7283220291137695,3.0278310775756836
rp1m_reset_only,48,0.5076942640285353,"[22, 34, 51]","[22, 51]",[37],7.6194987297058105,3.0264596939086914
rp1m_reset_only,49,0.6172548351310652,"[22, 34, 51]","[22, 51]",[37],7.970348358154297,3.006915807723999
rp1m_reset_only,50,0.19944181660521226,"[22, 31, 34, 50]","[22, 51]",[37],7.53929328918457,3.0609583854675293
rp1m_reset_only,51,0.6198280232300486,"[31, 34, 50]",[],[],7.060303688049316,2.8809006214141846
rp1m_reset_only,52,0.6217739812898084,"[31, 34, 50]",[50],[],7.132923603057861,3.0507664680480957
rp1m_reset_only,53,0.6712933964685732,"[31, 34, 48, 50]","[34, 48, 50]",[],6.525048732757568,2.9235947132110596
rp1m_reset_only,54,0.5343386615529424,"[31, 34, 48]","[31, 34, 48, 50]","[36, 38]",6.7041473388671875,2.6008083820343018
rp1m_reset_only,55,0.7415654616176512,"[31, 34, 48]","[31, 34, 36]","[36, 45, 49]",6.520504951477051,2.9696223735809326
rp1m_reset_only,56,0.7859463769804296,"[31, 34, 48, 50]","[31, 34, 48]","[36, 45, 49]",6.9481401443481445,2.9989728927612305
rp1m_reset_only,57,1.1182299076452074,"[31, 34, 50]","[31, 34, 48]",[],6.986123561859131,2.871089220046997
rp1m_reset_only,58,0.7738780795054018,"[31, 34, 50]","[31, 34, 48]","[34, 36]",6.455473899841309,2.766000270843506
rp1m_reset_only,59,0.6052278412530498,"[31, 34, 48, 50]","[31, 34, 48]","[34, 36]",6.356357097625732,2.945133686065674
rp1m_reset_only,60,0.669371941609312,"[31, 34, 48]","[31, 34, 48]","[32, 34, 36]",6.489354133605957,3.032139778137207
rp1m_reset_only,61,0.7572639715874684,"[31, 34, 48]","[31, 34, 48]","[34, 36]",6.002527236938477,2.836822509765625
rp1m_reset_only,62,0.4889295426695552,"[31, 34, 48]","[31, 34, 48]","[44, 47]",7.17805290222168,3.000276803970337
rp1m_reset_only,63,0.606992052402064,"[31, 34, 48]","[31, 34, 48]",[47],7.112085819244385,3.083087921142578
rp1m_reset_only,64,0.7499138361866825,"[31, 34, 48]","[31, 34, 48]",[47],6.980804443359375,2.978496551513672
rp1m_reset_only,65,0.9075139984650775,"[31, 34, 48]","[31, 34, 48]","[34, 36, 47]",7.179576873779297,3.069657802581787
rp1m_reset_only,66,0.7069817134052112,"[31, 34, 48]","[31, 34, 48]",[47],7.036208152770996,2.9784951210021973
rp1m_reset_only,67,0.7585623239597155,"[31, 34, 48]","[31, 34, 48]",[47],6.639861583709717,2.977207899093628
rp1m_reset_only,68,1.0931597720575865,"[31, 34, 46, 48]","[31, 34, 48]",[],6.527186393737793,2.960986852645874
rp1m_reset_only,69,1.0191514258980279,"[31, 34, 46]","[31, 34, 48]",[],7.206203460693359,2.839066505432129
rp1m_reset_only,70,1.0646238803755048,"[31, 34, 46]","[31, 34, 50]",[],7.082202911376953,2.820056200027466
rp1m_reset_only,71,0.5536423117262875,"[31, 34, 46]","[31, 34, 46]",[32],7.201108932495117,2.9867913722991943
rp1m_reset_only,72,0.48183095825582345,"[31, 34, 46]","[31, 34, 46]","[26, 27, 28, 32]",6.648353576660156,2.7869129180908203
rp1m_reset_only,73,0.5739783510302596,"[31, 34, 46]","[31, 34, 46]",[32],6.4964470863342285,2.72088623046875
rp1m_reset_only,74,1.0694903570023135,"[31, 34, 46]","[31, 34, 46]",[],7.017430305480957,2.956972122192383
rp1m_reset_only,75,1.1406711696947374,"[26, 31, 34, 53]","[31, 34, 46]",[26],6.461834907531738,3.1169795989990234
rp1m_reset_only,76,1.0467283992621925,"[26, 34, 53]","[31, 34, 53]",[26],7.453794479370117,2.915083885192871
rp1m_reset_only,77,1.1526619559761806,"[26, 34, 53]","[34, 53]",[26],6.695224285125732,2.997030019760132
rp1m_reset_only,78,1.1088218042677833,"[26, 34, 53]","[34, 53]",[26],6.758786678314209,3.031752347946167
rp1m_reset_only,79,0.8573772204469912,"[26, 34, 53]","[26, 27, 34, 53]",[],6.949862957000732,3.0307810306549072
rp1m_reset_only,80,0.9783521596477877,"[26, 34, 53]","[26, 34, 53]",[],6.641908645629883,2.976879119873047
rp1m_reset_only,81,0.5116368500648466,"[26, 34, 53]","[26, 34, 53]","[26, 27]",6.982273578643799,3.070748805999756
rp1m_reset_only,82,0.5674504524123659,"[26, 34, 53]","[26, 34, 53]",[27],6.485516548156738,2.88006591796875
rp1m_reset_only,83,0.29436575324593806,"[26, 34, 53]","[26, 34, 53]",[27],6.645663261413574,3.042971611022949
rp1m_reset_only,84,0.954450186435138,"[26, 34, 53]","[26, 34, 53]",[],6.721729755401611,3.0821778774261475
rp1m_reset_only,85,0.8612584423846205,"[26, 34, 53]","[26, 34, 53]",[],6.58835506439209,2.9883172512054443
rp1m_reset_only,86,0.37635760121291695,"[26, 34, 53]","[26, 34, 53]",[27],6.618143081665039,3.0992696285247803
rp1m_reset_only,87,0.12880265760441495,"[26, 34, 53]","[26, 34, 53]","[39, 46, 48]",6.923554420471191,3.1076643466949463
rp1m_reset_only,88,0.3387340157085633,"[26, 34, 53]","[26, 34, 53]","[39, 46, 48]",6.930936336517334,3.081958532333374
rp1m_reset_only,89,0.27105036966317564,"[26, 34, 53]","[26, 34, 53]","[46, 48]",6.692393779754639,3.076859474182129
rp1m_reset_only,90,0.7049023486933512,"[26, 34, 53]","[26, 34, 53]",[],6.658726692199707,3.059319257736206
rp1m_reset_only,91,0.19727226179404958,"[26, 34, 53]","[26, 34, 53]","[39, 46]",6.723294258117676,2.979490280151367
rp1m_reset_only,92,0.5418517808697927,"[26, 34, 53]","[26, 34, 53]",[],6.58291482925415,3.077103614807129
rp1m_reset_only,93,0.2072228569394834,"[26, 34, 53]","[26, 34, 53]",[41],6.761181831359863,3.0776779651641846
rp1m_reset_only,94,0.7867524139838775,"[26, 34, 53]","[26, 34, 53]",[],7.19957160949707,2.9937567710876465
rp1m_reset_only,95,0.33098982318924497,"[26, 34, 53]","[26, 34, 53]","[28, 41]",6.601083278656006,3.1079750061035156
rp1m_reset_only,96,0.37370522106792914,"[26, 34, 53]","[26, 34, 53]",[28],6.819119930267334,3.1290221214294434
rp1m_reset_only,97,0.6819270556069674,"[26, 34, 53]","[26, 34, 53]",[],6.113437652587891,2.5792794227600098
rp1m_reset_only,98,0.6481318175987005,"[26, 34, 53]","[26, 34, 53]",[],6.542015552520752,2.9234161376953125
rp1m_reset_only,99,0.5115279139254731,"[26, 34, 53]","[26, 34, 53]",[],6.502313137054443,2.830045461654663
rp1m_reset_only,100,0.1377079440255769,"[26, 27, 34]","[26, 34, 53]",[47],5.7112579345703125,2.9908347129821777
rp1m_reset_only,101,0.16811349255582594,"[27, 34, 53]","[26, 34, 53]",[30],6.810430526733398,3.0265307426452637
rp1m_reset_only,102,0.7336282473976379,"[27, 34, 53]","[34, 53]",[],6.144875526428223,2.7303221225738525
rp1m_reset_only,103,0.8205738570010962,"[27, 34, 53]","[34, 53]",[],6.682863235473633,2.9288721084594727
rp1m_reset_only,104,0.6767798691900042,"[27, 34, 53]","[27, 34, 53]",[],6.9114484786987305,3.0605640411376953
rp1m_reset_only,105,0.5571778081922968,"[27, 34, 53]","[27, 34, 53]",[],7.136419773101807,2.986502170562744
rp1m_reset_only,106,0.7465506955979064,"[27, 34, 53]","[27, 34, 53]",[],6.961081504821777,2.90437912940979
rp1m_reset_only,107,0.46540888780813755,"[27, 34, 53]","[27, 34, 53]","[41, 50]",6.812081336975098,2.87520694732666
rp1m_reset_only,108,0.7542688037858943,"[27, 34, 53]","[27, 34, 53]",[],6.725166320800781,2.9379944801330566
rp1m_reset_only,109,0.844124588542597,"[27, 34, 53]","[27, 34, 53]",[],6.723278999328613,3.034571647644043
rp1m_reset_only,110,0.27600509041342547,"[27, 34, 53]","[27, 34, 53]",[30],7.253178596496582,2.9821953773498535
rp1m_reset_only,111,0.30129820906597793,"[27, 34, 53]","[27, 34, 53]","[30, 39, 47]",6.724188804626465,2.9465298652648926
rp1m_reset_only,112,0.3503916573104789,"[27, 34, 53]","[27, 34, 53]","[30, 47]",6.986931800842285,3.058330535888672
rp1m_reset_only,113,0.30544018770678405,"[27, 53]","[27, 34, 53]",[30],6.865109443664551,3.0210065841674805
rp1m_reset_only,114,0.42480103934074953,"[27, 34, 53]","[27, 53]","[30, 49]",6.975838661193848,2.9880106449127197
rp1m_reset_only,115,0.600185346333932,"[27, 34, 53]","[27, 34, 53]",[],6.791409492492676,2.873784065246582
rp1m_reset_only,116,0.7188672080009385,"[27, 34, 53]","[27, 34, 53]",[],7.195919513702393,3.0774571895599365
rp1m_reset_only,117,0.7901304905994165,"[27, 34, 53]","[27, 34, 53]",[],6.946308135986328,3.0932817459106445
rp1m_reset_only,118,0.3601260525840732,"[27, 34, 53]","[27, 34, 53]","[31, 32, 47]",6.866925239562988,2.8264386653900146
rp1m_reset_only,119,0.5617571417219409,"[27, 34, 53]","[27, 34, 53]",[],6.917788028717041,3.07694149017334
rp1m_restore_hands,0,1.9000362001318853,"[22, 50]",[],[],2.6899521350860596,1.2783206701278687
rp1m_restore_hands,1,1.7220783973070155,"[22, 50]",[],[],3.710949420928955,2.0420403480529785
rp1m_restore_hands,2,1.7953822687256713,"[22, 50]",[],[],4.5620198249816895,1.6350353956222534
rp1m_restore_hands,3,1.9982182510181041,"[22, 48, 50]",[],[],5.669368743896484,2.5738701820373535
rp1m_restore_hands,4,2.391695350917027,"[22, 48]",[48],[],6.21337366104126,3.0660898685455322
rp1m_restore_hands,5,2.6480551289003342,"[22, 48]",[48],[],6.545382022857666,3.126506805419922
rp1m_restore_hands,6,2.2756954815878436,"[22, 48]","[23, 48]","[14, 15]",6.805098533630371,3.0970723628997803
rp1m_restore_hands,7,2.6817946840184117,"[22, 50]","[22, 24, 48]",[],6.856607913970947,3.123786687850952
rp1m_restore_hands,8,2.574578375297169,"[22, 50]",[22],[],7.048792362213135,3.1126904487609863
rp1m_restore_hands,9,2.7402154802507512,"[22, 50]",[22],[],7.005462169647217,3.05721116065979
rp1m_restore_hands,10,2.5446024731054013,"[22, 50]","[22, 48, 50]",[],7.278613090515137,3.003262519836426
rp1m_restore_hands,11,2.441430348289807,"[22, 50]","[22, 50]",[],7.11920166015625,2.9922614097595215
rp1m_restore_hands,12,2.4211131189397683,"[22, 50]","[22, 50]",[],7.537917613983154,3.0482733249664307
rp1m_restore_hands,13,1.883394906444245,"[22, 50]","[22, 50]",[49],7.249638080596924,3.0464060306549072
rp1m_restore_hands,14,2.627192734546092,"[22, 50]","[22, 50]",[],7.285197734832764,3.004523515701294
rp1m_restore_hands,15,2.1706211126732313,"[22, 50]","[22, 50]",[13],7.5008344650268555,3.128988265991211
rp1m_restore_hands,16,2.4195087810170506,"[22, 50]","[22, 50]",[],7.527334213256836,3.1029584407806396
rp1m_restore_hands,17,2.4541647504169757,"[22, 50]","[22, 50]",[],7.333759307861328,3.108198404312134
rp1m_restore_hands,18,2.0170527368172766,"[22, 50]","[22, 50]",[13],7.348487854003906,3.1337742805480957
rp1m_restore_hands,19,2.030341372778019,"[22, 50]","[22, 50]","[13, 46]",7.441401481628418,3.060220241546631
rp1m_restore_hands,20,2.1687502193960126,"[22, 50]","[22, 50]",[13],7.554788112640381,3.079604387283325
rp1m_restore_hands,21,2.0229667048370232,"[22, 50]","[22, 50]",[46],7.40878963470459,2.9933667182922363
rp1m_restore_hands,22,2.137490380552819,"[22, 50]","[22, 50]",[46],7.295293807983398,2.982585906982422
rp1m_restore_hands,23,2.2255448326788176,"[22, 50]","[22, 50]","[15, 46]",7.037328243255615,3.1034741401672363
rp1m_restore_hands,24,2.218985724409527,"[22, 50]","[22, 50]","[15, 46]",7.106387615203857,3.0374233722686768
rp1m_restore_hands,25,1.8511432981106186,"[22, 34, 50]","[22, 50]",[17],7.047208309173584,3.098130941390991
rp1m_restore_hands,26,2.372043260858365,"[22, 34, 50]","[22, 50]",[],7.331284999847412,3.0860049724578857
rp1m_restore_hands,27,1.9417158782835648,"[22, 34, 50]","[22, 50]",[21],7.341503143310547,3.1136393547058105
rp1m_restore_hands,28,2.0325394429919985,"[22, 34, 50]","[20, 22, 50]",[20],7.561102390289307,3.0575811862945557
rp1m_restore_hands,29,2.133036174917783,"[22, 34, 50]","[20, 22, 50]",[20],7.922338008880615,3.0412347316741943
rp1m_restore_hands,30,2.2034751955535343,"[22, 34, 50]","[22, 50]",[20],7.8109049797058105,3.1119601726531982
rp1m_restore_hands,31,2.2469716253397634,"[22, 34, 50]","[22, 50]",[20],8.315778732299805,3.095654249191284
rp1m_restore_hands,32,2.4141948582128165,"[22, 34, 50]","[22, 50]","[20, 50]",7.875421524047852,3.087696075439453
rp1m_restore_hands,33,2.4986671860376,"[22, 34, 50]","[22, 50]","[20, 50]",8.16440200805664,3.109581232070923
rp1m_restore_hands,34,2.410660442864037,"[22, 34, 50]","[22, 50]",[],8.01318073272705,3.1223647594451904
rp1m_restore_hands,35,2.4184234201248205,"[22, 34, 50]","[22, 50]",[50],7.6860246658325195,3.0962345600128174
rp1m_restore_hands,36,2.6355081582561306,"[22, 34, 50]","[22, 50]",[50],7.843501091003418,3.0588741302490234
rp1m_restore_hands,37,2.176245768448643,"[22, 34, 50, 51]","[22, 50]","[49, 50]",7.10724401473999,3.0457510948181152
rp1m_restore_hands,38,2.006033961600805,"[22, 34, 51]","[22, 50]","[19, 50]",7.208171844482422,3.057481050491333
rp1m_restore_hands,39,2.1270526890595245,"[22, 34, 51]","[22, 51]","[19, 50]",7.326512336730957,2.910423994064331
rp1m_restore_hands,40,2.0936591726770155,"[22, 34, 51]","[22, 51]",[50],7.569206714630127,3.0766677856445312
rp1m_restore_hands,41,2.1310756746130517,"[22, 34, 51]","[22, 51]","[19, 50]",7.387592315673828,2.909541368484497
rp1m_restore_hands,42,1.9138114118333425,"[22, 34, 51]","[22, 51]",[50],7.592942237854004,3.088259696960449
rp1m_restore_hands,43,2.4162678237012605,"[22, 34, 51]","[22, 51]",[],7.486659049987793,3.0038774013519287
rp1m_restore_hands,44,2.4134544902394177,"[22, 34, 51]","[22, 51]",[],7.592639923095703,3.0272953510284424
rp1m_restore_hands,45,2.413621739846297,"[22, 34, 51]","[22, 51]",[],7.106729030609131,3.067197799682617
rp1m_restore_hands,46,2.522212181085021,"[22, 34, 51]","[22, 51]",[],7.885537624359131,3.1139609813690186
rp1m_restore_hands,47,2.5193791474368044,"[22, 34, 51]","[22, 51]",[],7.7110676765441895,3.0278310775756836
rp1m_restore_hands,48,2.5132385578184224,"[22, 34, 51]","[22, 51]",[],7.605466842651367,3.0264596939086914
rp1m_restore_hands,49,2.1302906908382497,"[22, 34, 51]","[22, 51]","[48, 50]",7.956106662750244,3.006915807723999
rp1m_restore_hands,50,1.7474536497700295,"[22, 31, 34, 50]","[22, 51]","[48, 50]",7.530002117156982,3.0609583854675293
rp1m_restore_hands,51,1.9549922594690616,"[31, 34, 50]",[],[],7.052938461303711,2.8809006214141846
rp1m_restore_hands,52,2.250702649354232,"[31, 34, 50]",[50],[],7.123826503753662,3.0507664680480957
rp1m_restore_hands,53,2.1241642312788978,"[31, 34, 48, 50]","[34, 48, 50]",[],6.512943267822266,2.9235947132110596
rp1m_restore_hands,54,1.9526469578785979,"[31, 34, 48]","[31, 34, 48, 50]",[44],6.688486099243164,2.6008083820343018
rp1m_restore_hands,55,2.082913791526236,"[31, 34, 48]","[31, 34, 36]","[28, 44, 46]",6.5021820068359375,2.9696223735809326
rp1m_restore_hands,56,2.128009773447019,"[31, 34, 48, 50]","[31, 34, 48]","[28, 44, 46]",6.924265384674072,2.9989728927612305
rp1m_restore_hands,57,2.482190505254093,"[31, 34, 50]","[31, 34, 48]",[],6.9554033279418945,2.871089220046997
rp1m_restore_hands,58,2.404483445268571,"[31, 34, 50]","[31, 34, 48]",[],6.43796443939209,2.766000270843506
rp1m_restore_hands,59,2.1674607753753343,"[31, 34, 48, 50]","[31, 34, 48]","[46, 48]",6.344822406768799,2.945133686065674
rp1m_restore_hands,60,2.0489211091633637,"[31, 34, 48]","[31, 34, 48]","[46, 48]",6.471888542175293,3.032139778137207
rp1m_restore_hands,61,1.966456878693462,"[31, 34, 48]","[31, 34, 48]",[46],5.981672286987305,2.836822509765625
rp1m_restore_hands,62,1.9477249026495311,"[31, 34, 48]","[31, 34, 48]","[25, 28]",7.165663719177246,3.000276803970337
rp1m_restore_hands,63,2.094909166967042,"[31, 34, 48]","[31, 34, 48]",[28],7.094571590423584,3.083087921142578
rp1m_restore_hands,64,2.0242240989199085,"[31, 34, 48]","[31, 34, 48]","[25, 28]",6.963079452514648,2.978496551513672
rp1m_restore_hands,65,2.0285806405637894,"[31, 34, 48]","[31, 34, 48]","[25, 28, 43, 44]",7.164243698120117,3.069657802581787
rp1m_restore_hands,66,2.049518364852587,"[31, 34, 48]","[31, 34, 48]","[25, 28]",7.01842737197876,2.9784951210021973
rp1m_restore_hands,67,2.0417750297248705,"[31, 34, 48]","[31, 34, 48]",[28],6.624687194824219,2.977207899093628
rp1m_restore_hands,68,2.5092500735876353,"[31, 34, 46, 48]","[31, 34, 48]",[],6.507491588592529,2.960986852645874
rp1m_restore_hands,69,2.307419395726618,"[31, 34, 46]","[31, 34, 48]",[],7.191199779510498,2.839066505432129
rp1m_restore_hands,70,2.4142554686497046,"[31, 34, 46]","[31, 34, 50]",[],7.0690131187438965,2.820056200027466
rp1m_restore_hands,71,1.9154908940895479,"[31, 34, 46]","[31, 34, 46]","[43, 50]",7.18255615234375,2.9867913722991943
rp1m_restore_hands,72,1.909399064123608,"[31, 34, 46]","[31, 34, 46]","[43, 47, 50]",6.626301288604736,2.7869129180908203
rp1m_restore_hands,73,1.7854434038388893,"[31, 34, 46]","[31, 34, 46]",[43],6.480910301208496,2.72088623046875
rp1m_restore_hands,74,2.274999542701672,"[31, 34, 46]","[31, 34, 46]",[],6.998073101043701,2.956972122192383
rp1m_restore_hands,75,1.8154062109206532,"[26, 31, 34, 53]","[31, 34, 46]","[50, 51]",6.44008207321167,3.1169795989990234
rp1m_restore_hands,76,1.8703636865234907,"[26, 34, 53]","[31, 34, 53]",[50],7.438863277435303,2.915083885192871
rp1m_restore_hands,77,2.00675475660307,"[26, 34, 53]","[34, 53]",[50],6.670732021331787,2.997030019760132
rp1m_restore_hands,78,1.9106724013024596,"[26, 34, 53]","[34, 53]",[50],6.736526966094971,3.031752347946167
rp1m_restore_hands,79,2.4232665986070585,"[26, 34, 53]","[26, 27, 34, 53]",[],6.933531284332275,3.0307810306549072
rp1m_restore_hands,80,2.4756593472176163,"[26, 34, 53]","[26, 34, 53]",[],6.623515605926514,2.976879119873047
rp1m_restore_hands,81,1.8895875975404177,"[26, 34, 53]","[26, 34, 53]",[50],6.966291427612305,3.070748805999756
rp1m_restore_hands,82,1.9064158188151143,"[26, 34, 53]","[26, 34, 53]",[50],6.465141773223877,2.88006591796875
rp1m_restore_hands,83,1.8199062377999888,"[26, 34, 53]","[26, 34, 53]","[28, 50]",6.623243808746338,3.042971611022949
rp1m_restore_hands,84,2.450390295735928,"[26, 34, 53]","[26, 34, 53]",[],6.705081939697266,3.0821778774261475
rp1m_restore_hands,85,2.4270459904941974,"[26, 34, 53]","[26, 34, 53]",[],6.564391136169434,2.9883172512054443
rp1m_restore_hands,86,1.9525981077409305,"[26, 34, 53]","[26, 34, 53]","[21, 29, 50, 51]",6.598036766052246,3.0992696285247803
rp1m_restore_hands,87,1.7706032506947726,"[26, 34, 53]","[26, 34, 53]","[21, 29]",6.9047980308532715,3.1076643466949463
rp1m_restore_hands,88,1.8971957234978665,"[26, 34, 53]","[26, 34, 53]","[21, 29]",6.913014888763428,3.081958532333374
rp1m_restore_hands,89,1.8533582893332086,"[26, 34, 53]","[26, 34, 53]","[21, 29]",6.672297477722168,3.076859474182129
rp1m_restore_hands,90,1.828324087668948,"[26, 34, 53]","[26, 34, 53]",[21],6.640063285827637,3.059319257736206
rp1m_restore_hands,91,1.8298588337850736,"[26, 34, 53]","[26, 34, 53]","[21, 29]",6.702212810516357,2.979490280151367
rp1m_restore_hands,92,2.1283196570054788,"[26, 34, 53]","[26, 34, 53]",[],6.560758590698242,3.077103614807129
rp1m_restore_hands,93,1.904185443843577,"[26, 34, 53]","[26, 34, 53]","[27, 29]",6.743498802185059,3.0776779651641846
rp1m_restore_hands,94,2.3794218130994294,"[26, 34, 53]","[26, 34, 53]",[],7.181492805480957,2.9937567710876465
rp1m_restore_hands,95,1.9814114796292466,"[26, 34, 53]","[26, 34, 53]","[22, 27, 29]",6.585668563842773,3.1079750061035156
rp1m_restore_hands,96,1.9717846785048292,"[26, 34, 53]","[26, 34, 53]","[22, 29, 50]",6.800487518310547,3.1290221214294434
rp1m_restore_hands,97,2.3670460376222593,"[26, 34, 53]","[26, 34, 53]",[],6.091978549957275,2.5792794227600098
rp1m_restore_hands,98,2.4070490556339474,"[26, 34, 53]","[26, 34, 53]",[],6.524655818939209,2.9234161376953125
rp1m_restore_hands,99,2.3776276016812394,"[26, 34, 53]","[26, 34, 53]",[],6.483126640319824,2.830045461654663
rp1m_restore_hands,100,2.099486905158687,"[26, 27, 34]","[26, 34, 53]","[23, 29, 31]",5.6983418464660645,2.9908347129821777
rp1m_restore_hands,101,2.022020292252966,"[27, 34, 53]","[26, 34, 53]",[51],6.7898101806640625,3.0265307426452637
rp1m_restore_hands,102,2.3706380044437987,"[27, 34, 53]","[34, 53]",[],6.124796390533447,2.7303221225738525
rp1m_restore_hands,103,2.484524354869632,"[27, 34, 53]","[34, 53]",[],6.665530681610107,2.9288721084594727
rp1m_restore_hands,104,2.423679209028726,"[27, 34, 53]","[27, 34, 53]",[],6.890538215637207,3.0605640411376953
rp1m_restore_hands,105,2.2068572016012493,"[27, 34, 53]","[27, 34, 53]",[],7.121195316314697,2.986502170562744
rp1m_restore_hands,106,1.9719078452845622,"[27, 34, 53]","[27, 34, 53]",[23],6.939341068267822,2.90437912940979
rp1m_restore_hands,107,2.174233531057003,"[27, 34, 53]","[27, 34, 53]",[23],6.7930755615234375,2.87520694732666
rp1m_restore_hands,108,2.3845460212840583,"[27, 34, 53]","[27, 34, 53]",[],6.704234600067139,2.9379944801330566
rp1m_restore_hands,109,2.0593601905702426,"[27, 34, 53]","[27, 34, 53]",[23],6.69993782043457,3.034571647644043
rp1m_restore_hands,110,2.5425305015359236,"[27, 34, 53]","[27, 34, 53]",[],7.237823486328125,2.9821953773498535
rp1m_restore_hands,111,2.1031339570069734,"[27, 34, 53]","[27, 34, 53]","[25, 50, 51]",6.700221538543701,2.9465298652648926
rp1m_restore_hands,112,2.2009215397113335,"[27, 34, 53]","[27, 34, 53]","[25, 51]",6.96389627456665,3.058330535888672
rp1m_restore_hands,113,2.1272477275199595,"[27, 53]","[27, 34, 53]","[25, 51]",6.849857330322266,3.0210065841674805
rp1m_restore_hands,114,2.2038316370808895,"[27, 34, 53]","[27, 53]","[25, 31, 51]",6.9527363777160645,2.9880106449127197
rp1m_restore_hands,115,2.2900692147591375,"[27, 34, 53]","[27, 34, 53]",[],6.7714056968688965,2.873784065246582
rp1m_restore_hands,116,2.543016687823635,"[27, 34, 53]","[27, 34, 53]",[],7.175209999084473,3.0774571895599365
rp1m_restore_hands,117,2.525658158029981,"[27, 34, 53]","[27, 34, 53]",[],6.927412986755371,3.0932817459106445
rp1m_restore_hands,118,2.1508416381332345,"[27, 34, 53]","[27, 34, 53]","[25, 31, 50, 51]",6.849759101867676,2.8264386653900146
rp1m_restore_hands,119,2.180563604450387,"[27, 34, 53]","[27, 34, 53]",[],6.899339199066162,3.07694149017334
rp1m_restore_hands,0,0.6388681524841271,"[22, 50]",[],[],2.738010883331299,1.2783206701278687
rp1m_restore_hands,1,0.7264173816118826,"[22, 50]",[],[],3.750699520111084,2.0420403480529785
rp1m_restore_hands,2,0.9701346401962364,"[22, 50]",[],[],4.581932067871094,1.6350353956222534
rp1m_restore_hands,3,0.8388857733495859,"[22, 48, 50]",[],[],5.6900553703308105,2.5738701820373535
rp1m_restore_hands,4,1.420161417849422,"[22, 48]",[48],[],6.2392988204956055,3.0660898685455322
rp1m_restore_hands,5,1.2662534531680696,"[22, 48]",[48],[44],6.568543910980225,3.126506805419922
rp1m_restore_hands,6,1.5055237769044862,"[22, 48]","[23, 48]",[44],6.8242878913879395,3.0970723628997803
rp1m_restore_hands,7,1.9291021718714616,"[22, 50]","[22, 24, 48]",[],6.879662990570068,3.123786687850952
rp1m_restore_hands,8,1.6476124805670644,"[22, 50]",[22],[],7.065008640289307,3.1126904487609863
rp1m_restore_hands,9,1.4246245438571685,"[22, 50]",[22],[],7.023361682891846,3.05721116065979
rp1m_restore_hands,10,1.54331490716006,"[22, 50]","[22, 48, 50]",[],7.295759201049805,3.003262519836426
rp1m_restore_hands,11,1.5469150328577166,"[22, 50]","[22, 50]",[],7.136491298675537,2.9922614097595215
rp1m_restore_hands,12,1.6133236109992106,"[22, 50]","[22, 50]",[],7.558681964874268,3.0482733249664307
rp1m_restore_hands,13,1.1964660925041979,"[22, 50]","[22, 50]",[30],7.268760681152344,3.0464060306549072
rp1m_restore_hands,14,1.8727118788403372,"[22, 50]","[22, 50]",[],7.302225589752197,3.004523515701294
rp1m_restore_hands,15,1.3702015106105419,"[22, 50]","[22, 50]","[43, 44]",7.51543664932251,3.128988265991211
rp1m_restore_hands,16,1.5936374024239928,"[22, 50]","[22, 50]",[],7.547603130340576,3.1029584407806396
rp1m_restore_hands,17,1.79803206753426,"[22, 50]","[22, 50]",[],7.348790168762207,3.108198404312134
rp1m_restore_hands,18,1.7507999692292264,"[22, 50]","[22, 50]",[],7.366385459899902,3.1337742805480957
rp1m_restore_hands,19,1.2983172919904051,"[22, 50]","[22, 50]",[44],7.4587249755859375,3.060220241546631
rp1m_restore_hands,20,1.1447337544668486,"[22, 50]","[22, 50]",[44],7.57201623916626,3.079604387283325
rp1m_restore_hands,21,1.5461804885449433,"[22, 50]","[22, 50]",[],7.423892974853516,2.9933667182922363
rp1m_restore_hands,22,1.2580866162120143,"[22, 50]","[22, 50]",[31],7.309244632720947,2.982585906982422
rp1m_restore_hands,23,1.2832025138771959,"[22, 50]","[22, 50]","[31, 42]",7.051370143890381,3.1034741401672363
rp1m_restore_hands,24,1.096086196072727,"[22, 50]","[22, 50]","[31, 42]",7.118016242980957,3.0374233722686768
rp1m_restore_hands,25,1.1742030687422724,"[22, 34, 50]","[22, 50]",[42],7.058956146240234,3.098130941390991
rp1m_restore_hands,26,1.7645405415206923,"[22, 34, 50]","[22, 50]",[],7.341564655303955,3.0860049724578857
rp1m_restore_hands,27,1.1914156710944575,"[22, 34, 50]","[22, 50]",[42],7.355739116668701,3.1136393547058105
rp1m_restore_hands,28,1.3270978157408475,"[22, 34, 50]","[20, 22, 50]",[44],7.5719685554504395,3.0575811862945557
rp1m_restore_hands,29,1.1812203129295524,"[22, 34, 50]","[20, 22, 50]",[44],7.938532829284668,3.0412347316741943
rp1m_restore_hands,30,1.330513848174545,"[22, 34, 50]","[22, 50]",[44],7.8263654708862305,3.1119601726531982
rp1m_restore_hands,31,1.3254183379072937,"[22, 34, 50]","[22, 50]",[44],8.327579498291016,3.095654249191284
rp1m_restore_hands,32,1.4110774690640995,"[22, 34, 50]","[22, 50]","[31, 44]",7.8873138427734375,3.087696075439453
rp1m_restore_hands,33,1.4021262191166608,"[22, 34, 50]","[22, 50]",[44],8.177510261535645,3.109581232070923
rp1m_restore_hands,34,1.7293809336307275,"[22, 34, 50]","[22, 50]",[],8.02664566040039,3.1223647594451904
rp1m_restore_hands,35,1.2239094488246787,"[22, 34, 50]","[22, 50]",[32],7.6982879638671875,3.0962345600128174
rp1m_restore_hands,36,1.565777147202482,"[22, 34, 50]","[22, 50]","[32, 34]",7.857161045074463,3.0588741302490234
rp1m_restore_hands,37,1.4162351375180153,"[22, 34, 50, 51]","[22, 50]","[34, 35]",7.122504711151123,3.0457510948181152
rp1m_restore_hands,38,2.1875835862500446,"[22, 34, 51]","[22, 50]","[34, 51]",7.224579334259033,3.057481050491333
rp1m_restore_hands,39,2.44951090551277,"[22, 34, 51]","[22, 51]","[34, 51]",7.339931964874268,2.910423994064331
rp1m_restore_hands,40,2.1976865953685376,"[22, 34, 51]","[22, 51]",[34],7.582585334777832,3.0766677856445312
rp1m_restore_hands,41,2.4596253753854613,"[22, 34, 51]","[22, 51]","[34, 51]",7.404083728790283,2.909541368484497
rp1m_restore_hands,42,1.960526724833974,"[22, 34, 51]","[22, 51]",[34],7.607419967651367,3.088259696960449
rp1m_restore_hands,43,1.9626063917419143,"[22, 34, 51]","[22, 51]",[34],7.500082969665527,3.0038774013519287
rp1m_restore_hands,44,1.810847737468225,"[22, 34, 51]","[22, 51]",[],7.605032444000244,3.0272953510284424
rp1m_restore_hands,45,1.856035375788542,"[22, 34, 51]","[22, 51]",[],7.122439861297607,3.067197799682617
rp1m_restore_hands,46,1.426299330133806,"[22, 34, 51]","[22, 51]",[37],7.899733066558838,3.1139609813690186
rp1m_restore_hands,47,2.033494092683535,"[22, 34, 51]","[22, 51]",[],7.723423480987549,3.0278310775756836
rp1m_restore_hands,48,1.5075942640285354,"[22, 34, 51]","[22, 51]",[37],7.617432594299316,3.0264596939086914
rp1m_restore_hands,49,1.6171548351310652,"[22, 34, 51]","[22, 51]",[37],7.966663360595703,3.006915807723999
rp1m_restore_hands,50,1.1993418166052123,"[22, 31, 34, 50]","[22, 51]",[37],7.53648042678833,3.0609583854675293
rp1m_restore_hands,51,1.6197280232300486,"[31, 34, 50]",[],[],7.056753158569336,2.8809006214141846
rp1m_restore_hands,52,1.6216739812898084,"[31, 34, 50]",[50],[],7.13033390045166,3.0507664680480957
rp1m_restore_hands,53,1.6711933964685732,"[31, 34, 48, 50]","[34, 48, 50]",[],6.522511959075928,2.9235947132110596
rp1m_restore_hands,54,1.5342386615529424,"[31, 34, 48]","[31, 34, 48, 50]","[36, 38]",6.701390266418457,2.6008083820343018
rp1m_restore_hands,55,1.7414654616176513,"[31, 34, 48]","[31, 34, 36]","[36, 45, 49]",6.5182881355285645,2.9696223735809326
rp1m_restore_hands,56,1.7858463769804296,"[31, 34, 48, 50]","[31, 34, 48]","[36, 45, 49]",6.937769889831543,2.9989728927612305
rp1m_restore_hands,57,2.118129907645207,"[31, 34, 50]","[31, 34, 48]",[],6.9682087898254395,2.871089220046997
rp1m_restore_hands,58,1.773778079505402,"[31, 34, 50]","[31, 34, 48]","[34, 36]",6.448976516723633,2.766000270843506
rp1m_restore_hands,59,1.6051278412530496,"[31, 34, 48, 50]","[31, 34, 48]","[34, 36]",6.351630210876465,2.945133686065674
rp1m_restore_hands,60,1.669271941609312,"[31, 34, 48]","[31, 34, 48]","[32, 34, 36]",6.485159397125244,3.032139778137207
rp1m_restore_hands,61,1.7571639715874685,"[31, 34, 48]","[31, 34, 48]","[34, 36]",5.997111797332764,2.836822509765625
rp1m_restore_hands,62,1.4888295426695553,"[31, 34, 48]","[31, 34, 48]","[44, 47]",7.175586700439453,3.000276803970337
rp1m_restore_hands,63,1.6068920524020642,"[31, 34, 48]","[31, 34, 48]",[47],7.108176231384277,3.083087921142578
rp1m_restore_hands,64,1.7498138361866826,"[31, 34, 48]","[31, 34, 48]",[47],6.97681999206543,2.978496551513672
rp1m_restore_hands,65,1.9074139984650773,"[31, 34, 48]","[31, 34, 48]","[34, 36, 47]",7.175107955932617,3.069657802581787
rp1m_restore_hands,66,1.7068817134052114,"[31, 34, 48]","[31, 34, 48]",[47],7.029385566711426,2.9784951210021973
rp1m_restore_hands,67,1.7584623239597155,"[31, 34, 48]","[31, 34, 48]",[47],6.63576602935791,2.977207899093628
rp1m_restore_hands,68,2.0930597720575865,"[31, 34, 46, 48]","[31, 34, 48]",[],6.523026943206787,2.960986852645874
rp1m_restore_hands,69,2.0190514258980277,"[31, 34, 46]","[31, 34, 48]",[],7.202756404876709,2.839066505432129
rp1m_restore_hands,70,2.064523880375505,"[31, 34, 46]","[31, 34, 50]",[],7.079855442047119,2.820056200027466
rp1m_restore_hands,71,1.5535423117262877,"[31, 34, 46]","[31, 34, 46]",[32],7.196559906005859,2.9867913722991943
rp1m_restore_hands,72,1.4817309582558233,"[31, 34, 46]","[31, 34, 46]","[26, 27, 28, 32]",6.645525932312012,2.7869129180908203
rp1m_restore_hands,73,1.5738783510302596,"[31, 34, 46]","[31, 34, 46]",[32],6.493757724761963,2.72088623046875
rp1m_restore_hands,74,2.0693903570023138,"[31, 34, 46]","[31, 34, 46]",[],7.013535499572754,2.956972122192383
rp1m_restore_hands,75,2.1405711696947374,"[26, 31, 34, 53]","[31, 34, 46]",[26],6.458559989929199,3.1169795989990234
rp1m_restore_hands,76,2.0466283992621923,"[26, 34, 53]","[31, 34, 53]",[26],7.45065450668335,2.915083885192871
rp1m_restore_hands,77,2.152561955976181,"[26, 34, 53]","[34, 53]",[26],6.690089702606201,2.997030019760132
rp1m_restore_hands,78,2.1087218042677836,"[26, 34, 53]","[34, 53]",[26],6.749589920043945,3.031752347946167
rp1m_restore_hands,79,1.8572772204469912,"[26, 34, 53]","[26, 27, 34, 53]",[],6.944590091705322,3.0307810306549072
rp1m_restore_hands,80,1.9782521596477878,"[26, 34, 53]","[26, 34, 53]",[],6.63532018661499,2.976879119873047
rp1m_restore_hands,81,1.5115368500648465,"[26, 34, 53]","[26, 34, 53]","[26, 27]",6.975393295288086,3.070748805999756
rp1m_restore_hands,82,1.567350452412366,"[26, 34, 53]","[26, 34, 53]",[27],6.478960037231445,2.88006591796875
rp1m_restore_hands,83,1.294265753245938,"[26, 34, 53]","[26, 34, 53]",[27],6.637714385986328,3.042971611022949
rp1m_restore_hands,84,1.9543501864351382,"[26, 34, 53]","[26, 34, 53]",[],6.713410377502441,3.0821778774261475
rp1m_restore_hands,85,1.8611584423846204,"[26, 34, 53]","[26, 34, 53]",[],6.579500198364258,2.9883172512054443
rp1m_restore_hands,86,1.376257601212917,"[26, 34, 53]","[26, 34, 53]",[27],6.612467288970947,3.0992696285247803
rp1m_restore_hands,87,1.128702657604415,"[26, 34, 53]","[26, 34, 53]","[39, 46, 48]",6.914979934692383,3.1076643466949463
rp1m_restore_hands,88,1.3386340157085632,"[26, 34, 53]","[26, 34, 53]","[39, 46, 48]",6.925348281860352,3.081958532333374
rp1m_restore_hands,89,1.2709503696631756,"[26, 34, 53]","[26, 34, 53]","[46, 48]",6.683933734893799,3.076859474182129
rp1m_restore_hands,90,1.704802348693351,"[26, 34, 53]","[26, 34, 53]",[],6.652747631072998,3.059319257736206
rp1m_restore_hands,91,1.1971722617940497,"[26, 34, 53]","[26, 34, 53]","[39, 46]",6.715052127838135,2.979490280151367
rp1m_restore_hands,92,1.5417517808697927,"[26, 34, 53]","[26, 34, 53]",[],6.575716972351074,3.077103614807129
rp1m_restore_hands,93,1.2071228569394834,"[26, 34, 53]","[26, 34, 53]",[41],6.754552841186523,3.0776779651641846
rp1m_restore_hands,94,1.7866524139838778,"[26, 34, 53]","[26, 34, 53]",[],7.192379951477051,2.9937567710876465
rp1m_restore_hands,95,1.330889823189245,"[26, 34, 53]","[26, 34, 53]","[28, 41]",6.5950236320495605,3.1079750061035156
rp1m_restore_hands,96,1.3736052210679293,"[26, 34, 53]","[26, 34, 53]",[28],6.8126068115234375,3.1290221214294434
rp1m_restore_hands,97,1.6818270556069672,"[26, 34, 53]","[26, 34, 53]",[],6.1065287590026855,2.5792794227600098
rp1m_restore_hands,98,1.6480318175987005,"[26, 34, 53]","[26, 34, 53]",[],6.537550449371338,2.9234161376953125
rp1m_restore_hands,99,1.5114279139254732,"[26, 34, 53]","[26, 34, 53]",[],6.495193958282471,2.830045461654663
rp1m_restore_hands,100,1.1376079440255769,"[26, 27, 34]","[26, 34, 53]",[47],5.710339069366455,2.9908347129821777
rp1m_restore_hands,101,1.168013492555826,"[27, 34, 53]","[26, 34, 53]",[30],6.802955150604248,3.0265307426452637
rp1m_restore_hands,102,1.733528247397638,"[27, 34, 53]","[34, 53]",[],6.135770320892334,2.7303221225738525
rp1m_restore_hands,103,1.820473857001096,"[27, 34, 53]","[34, 53]",[],6.675671100616455,2.9288721084594727
rp1m_restore_hands,104,1.6766798691900042,"[27, 34, 53]","[27, 34, 53]",[],6.901762962341309,3.0605640411376953
rp1m_restore_hands,105,1.5570778081922967,"[27, 34, 53]","[27, 34, 53]",[],7.1296491622924805,2.986502170562744
rp1m_restore_hands,106,1.7464506955979064,"[27, 34, 53]","[27, 34, 53]",[],6.954270839691162,2.90437912940979
rp1m_restore_hands,107,1.4653088878081375,"[27, 34, 53]","[27, 34, 53]","[41, 50]",6.805073261260986,2.87520694732666
rp1m_restore_hands,108,1.7541688037858942,"[27, 34, 53]","[27, 34, 53]",[],6.718593120574951,2.9379944801330566
rp1m_restore_hands,109,1.844024588542597,"[27, 34, 53]","[27, 34, 53]",[],6.712766647338867,3.034571647644043
rp1m_restore_hands,110,1.2759050904134255,"[27, 34, 53]","[27, 34, 53]",[30],7.2477850914001465,2.9821953773498535
rp1m_restore_hands,111,1.301198209065978,"[27, 34, 53]","[27, 34, 53]","[30, 39, 47]",6.7133402824401855,2.9465298652648926
rp1m_restore_hands,112,1.3502916573104788,"[27, 34, 53]","[27, 34, 53]","[30, 47]",6.978643417358398,3.058330535888672
rp1m_restore_hands,113,1.305340187706784,"[27, 53]","[27, 34, 53]",[30],6.861413478851318,3.0210065841674805
rp1m_restore_hands,114,1.4247010393407495,"[27, 34, 53]","[27, 53]","[30, 49]",6.965653419494629,2.9880106449127197
rp1m_restore_hands,115,1.600085346333932,"[27, 34, 53]","[27, 34, 53]",[],6.783768653869629,2.873784065246582
rp1m_restore_hands,116,1.7187672080009384,"[27, 34, 53]","[27, 34, 53]",[],7.189295291900635,3.0774571895599365
rp1m_restore_hands,117,1.7900304905994164,"[27, 34, 53]","[27, 34, 53]",[],6.941466331481934,3.0932817459106445
rp1m_restore_hands,118,1.360026052584073,"[27, 34, 53]","[27, 34, 53]","[31, 32, 47]",6.861264228820801,2.8264386653900146
rp1m_restore_hands,119,1.561657141721941,"[27, 34, 53]","[27, 34, 53]",[],6.912214756011963,3.07694149017334
